1989/12/31,40.5:117.5,40.5:118.5,40.5:119.5,40.5:120.5,40.5:121.5,39.5:117.5,39.5:118.5,39.5:119.5,39.5:120.5,39.5:121.5,38.5:117.5,38.5:118.5,38.5:119.5,38.5:120.5,38.5:121.5,37.5:117.5,37.5:118.5,37.5:119.5,37.5:120.5,37.5:121.5,36.5:117.5,36.5:118.5,36.5:119.5,36.5:120.5,36.5:121.5
1989/12/31,10.55999947,6.449999809,2.429999828,1.279999971,1.25999999,10.52999973,4.619999886,2.24000001,2.25999999,2.389999866,10.82999992,4.980000019,3.159999847,3.779999971,4.049999714,11.5,6.079999924,4.21999979,5.599999905,6,12.43999958,8.819999695,6.539999962,7.589999676,7.75
1990/1/7,10.5199995,6.21999979,1.99000001,0.709999979,0.620000005,10.46000004,4.329999924,1.909999967,1.889999986,2.079999924,10.75,4.639999866,2.75999999,3.49000001,3.839999914,11.42000008,5.699999809,3.699999809,5.299999714,5.819999695,12.35999966,8.470000267,6.119999886,7.289999962,7.509999752
1990/1/14,10.31999969,5.659999847,1.179999948,-0.039999999,0.029999999,10.19999981,3.50999999,0.939999998,1,1.389999986,10.44999981,3.639999866,1.529999971,2.369999886,2.99000001,11.09999943,4.589999676,2.25999999,3.970000029,4.759999752,12.05999947,7.549999714,4.71999979,5.869999886,6.329999924
1990/1/21,9.989999771,5.289999962,0.799999952,-0.419999987,-0.439999998,9.849999428,3.139999866,0.569999993,0.479999989,0.789999962,10.07999992,3.220000029,1.090000033,1.75999999,2.329999924,10.72999954,4.139999866,1.779999971,3.349999905,4.089999676,11.65999985,7.069999695,4.210000038,5.299999714,5.710000038
1990/1/28,10.09000015,5.339999676,0.819999993,-0.349999994,-0.399999976,9.949999809,3.119999886,0.560000002,0.379999995,0.74000001,10.13000011,3.029999971,0.829999983,1.389999986,2.00999999,10.75,3.799999952,1.24000001,2.679999828,3.49000001,11.68999958,6.75,3.49000001,4.380000114,4.839999676
1990/2/4,10.05000019,5.25,0.709999979,-0.469999999,-0.429999977,9.909999847,2.99000001,0.409999996,0.459999979,0.769999981,10.09999943,2.950000048,0.75,1.529999971,2.099999905,10.72999954,3.75999999,1.220000029,2.879999876,3.629999876,11.65999985,6.75,3.639999866,4.630000114,5.019999981
1990/2/11,10.17999935,5.369999886,0.839999974,-0.349999994,-0.310000002,10.03999996,3.159999847,0.569999993,0.529999971,0.829999983,10.25,3.159999847,0.98999995,1.549999952,2.079999924,10.88999939,3.99000001,1.50999999,2.74000001,3.470000029,11.81999969,6.869999886,3.639999866,4.429999828,4.759999752
1990/2/18,10.65999985,5.779999733,1.199999928,0,0.029999999,10.5199995,3.529999971,0.919999957,0.879999995,1.179999948,10.73999977,3.50999999,1.299999952,1.909999967,2.409999847,11.36999989,4.309999943,1.779999971,3.129999876,3.779999971,12.32999992,7.259999752,3.970000029,4.769999981,5.099999905
1990/2/25,10.13999939,5.529999733,1.169999957,-0.029999999,0.079999998,10.03999996,3.429999828,0.949999988,1.029999971,1.389999986,10.25,3.470000029,1.370000005,2.049999952,2.609999895,10.86999989,4.269999981,1.909999967,3.279999971,3.949999809,11.77999973,7.099999905,4.099999905,4.940000057,5.289999962
1990/3/4,10.27999973,5.699999809,1.389999986,0.170000002,0.329999983,10.17999935,3.659999847,1.199999928,1.299999952,1.659999967,10.43999958,3.779999971,1.74000001,2.409999847,2.929999828,11.06999969,4.639999866,2.389999866,3.679999828,4.309999943,11.97999954,7.449999809,4.589999676,5.420000076,5.710000038
1990/3/11,10.71000004,6.159999847,1.929999948,0.75,0.899999976,10.64999962,4.179999828,1.75999999,1.75999999,2.180000067,10.89999962,4.259999752,2.24000001,2.819999933,3.399999857,11.52999973,5.079999924,2.799999952,4.039999962,4.71999979,12.43999958,7.839999676,4.960000038,5.75,6.099999905
1990/3/18,10.90999985,6.460000038,2.329999924,1.139999986,1.329999924,10.85999966,4.549999714,2.180000067,2.429999828,2.74000001,11.11999989,4.679999828,2.74000001,3.449999809,3.909999847,11.7699995,5.549999714,3.389999866,4.659999847,5.179999828,12.69999981,8.329999924,5.579999924,6.379999638,6.579999924
1990/3/25,11.52999973,7.489999771,3.720000029,2.700000048,2.799999952,11.5,5.710000038,3.549999952,3.549999952,3.779999971,11.77999973,5.779999733,3.949999809,4.409999847,4.71999979,12.39999962,6.509999752,4.420000076,5.380000114,5.759999752,13.28999996,9.119999886,6.329999924,6.960000038,7
1990/4/1,12.07999992,8.029999733,4.259999752,3.279999971,3.399999857,12.07999992,6.239999771,4.019999981,4.170000076,4.369999886,12.36999989,6.329999924,4.46999979,5.009999752,5.259999752,13,7.119999886,5.009999752,6.039999962,6.319999695,13.93999958,9.789999962,6.989999771,7.599999905,7.579999924
1990/4/8,12.15999985,8.659999847,5.389999866,4.559999943,4.679999828,12.19999981,7.119999886,5.179999828,5.339999676,5.569999695,12.5,7.21999979,5.589999676,6.139999866,6.389999866,13.11999989,7.929999828,6.049999714,7.079999924,7.349999905,13.98999977,10.36999989,7.929999828,8.550000191,8.529999733
1990/4/15,12.65999985,9.380000114,6.329999924,5.5,5.569999695,12.73999977,8,6.210000038,6.21999979,6.429999828,13.03999996,8.079999924,6.569999695,6.949999809,7.179999828,13.64999962,8.739999771,6.960000038,7.789999962,8.039999962,14.5,11.02999973,8.63999939,9.159999847,9.099999428
1990/4/22,12.86999989,9.909999847,7.199999809,6.5,6.539999962,12.97999954,8.659999847,7.069999695,6.989999771,7.119999886,13.28999996,8.720000267,7.329999924,7.599999905,7.789999962,13.88000011,9.329999924,7.659999847,8.409999847,8.590000153,14.69999981,11.5,9.289999962,9.75,9.659999847
1990/4/29,13.53999996,10.5,7.679999828,7.039999962,7.119999886,13.61999989,9.119999886,7.419999599,7.460000038,7.639999866,13.90999985,9.119999886,7.619999886,8,8.220000267,14.5199995,9.710000038,7.909999847,8.75,9,15.38999939,12.02999973,9.579999924,10.05000019,10.02999973
1990/5/6,14.22999954,11.40999985,8.699999809,8.090000153,8.159999847,14.32999992,10.07999992,8.449999809,8.489999771,8.679999352,14.65999985,10.09000015,8.63999939,9,9.260000229,15.27999973,10.69999981,8.949999809,9.760000229,10.03999996,16.17000008,13.02999973,10.65999985,11.07999992,11.07999992
1990/5/13,14.79999924,12.75,10.90999985,10.55999947,10.44999981,14.96999931,11.86999989,10.73999977,10.47999954,10.48999977,15.28999996,11.77999973,10.67000008,10.72999954,10.78999996,15.81999969,12.15999985,10.69999981,11.23999977,11.32999992,16.6099987,14.09999943,12.13999939,12.40999985,12.22999954
1990/5/20,15.15999985,13.71999931,12.40999985,12.07999992,11.84999943,15.43999958,13.21999931,12.44999981,12.02999973,11.71000004,15.78999996,13.21000004,12.38999939,12.15999985,11.88999939,16.29999924,13.5,12.38999939,12.57999992,12.35999966,17.02000046,15.10999966,13.52999973,13.71999931,13.2699995
1990/5/27,15.43999958,14.44999981,13.59999943,13.38000011,13.15999985,15.73999977,14.17000008,13.63999939,13.31999969,12.98999977,16.10000038,14.13000011,13.48999977,13.38999939,13.07999992,16.59000015,14.34999943,13.39999962,13.7699995,13.5199995,17.26000023,15.75,14.52999973,14.79999924,14.39999962
1990/6/3,16.23999977,15.39999962,14.75,14.61999989,14.42000008,16.57999992,15.22999954,14.79999924,14.54999924,14.32999992,16.94999886,15.25,14.71999931,14.77999973,14.60999966,17.43000031,15.52999973,14.72999954,15.29999924,15.21000004,18.07999992,16.8599987,15.96999931,16.42000008,16.21999931
1990/6/10,17.47999954,16.62999916,15.85999966,15.46999931,15.21999931,17.85000038,16.53999901,16.07999992,16.06999969,15.64999962,18.25,16.69999886,16.21999931,16.36999893,15.98999977,18.75,17.05999947,16.40999985,16.88999939,16.57999992,19.39999962,18.29999924,17.52000046,17.90999985,17.44999886
1990/6/17,17.84000015,17.29999924,16.84000015,16.59000015,16.37999916,18.25,17.32999992,16.98999977,17.31999969,16.96999931,18.69000053,17.51000023,17.12999916,17.64999962,17.31999969,19.20999908,17.87999916,17.34000015,18.10000038,17.82999992,19.86999893,19.09000015,18.53999901,19.02999878,18.6099987
1990/6/24,18.23999977,18.73999977,19.36999893,19.35000038,19.1099987,18.78999901,19.37999916,19.70999908,19.65999985,19.32999992,19.25,19.45999908,19.54999924,19.64999962,19.32999992,19.68999863,19.52000046,19.38999939,19.64999962,19.36999893,20.19999886,20.02000046,19.86999893,20.1099987,19.68000031
1990/7/1,18.97999954,19.45999908,19.93999863,19.65999985,19.57999992,19.54999924,20.18000031,20.45999908,20.57999992,20.19999886,20.04999924,20.43999863,20.57999992,20.77000046,20.36999893,20.52000046,20.64999962,20.68999863,20.93000031,20.53999901,21.02999878,21.09000015,21.11999893,21.32999992,20.84000015
1990/7/8,19.69999886,20.38999939,20.85000038,20.23999977,20.02000046,20.31999969,21.3599987,21.76000023,21.22999954,20.73999977,20.8599987,21.78999901,22.1099987,21.85000038,21.30999947,21.32999992,22.10000038,22.43000031,22.40999985,21.86999893,21.81999969,22.38999939,22.82999992,23.09000015,22.47999954
1990/7/15,19.97999954,21.02000046,21.85000038,21.40999985,21.34000015,20.61999893,22.1099987,22.69999886,22.40999985,22.10000038,21.13999939,22.51000023,22.95999908,23.03999901,22.69999886,21.57999992,22.72999954,23.17000008,23.56999969,23.25,22.02000046,22.93000031,23.70999908,24.11999893,23.78999901
1990/7/22,20.1099987,20.85000038,21.43999863,21.14999962,21.28999901,20.70999908,21.70999908,22.01000023,22,21.87999916,21.25,22.27999878,22.59000015,22.86999893,22.72999954,21.73999977,22.76999855,23.20999908,23.65999985,23.56999969,22.26000023,23.23999977,24.01999855,24.51999855,24.38999939
1990/7/29,20.1099987,21.61999893,23.02999878,23.01000023,23.22999954,20.77999878,22.8599987,23.56999969,23.93000031,24.01999855,21.31999969,23.47999954,24.14999962,24.81999969,24.88999939,21.76000023,23.87999916,24.69999886,25.59000015,25.69999886,22.18999863,24.01000023,25.59999847,26.42000008,26.43999863
1990/8/5,20.26000023,22.04999924,23.87999916,24.11999893,24.21999931,20.95999908,23.43000031,24.31999969,24.81999969,24.90999985,21.51000023,24.01999855,24.81999969,25.59999847,25.68999863,21.92000008,24.35000038,25.30999947,26.27999878,26.40999985,22.28999901,24.27999878,26.14999962,27.07999992,27.05999947
1990/8/12,20.62999916,22.19999886,23.89999962,24.18000031,24.25,21.31999969,23.46999931,24.23999977,24.86999893,24.97999954,21.86999893,24.03999901,24.71999931,25.63999939,25.75,22.29999924,24.40999985,25.25,26.39999962,26.52999878,22.70999908,24.48999977,26.26999855,27.32999992,27.26999855
1990/8/19,20.3599987,22.1099987,24.05999947,24.56999969,24.28999901,21.02999878,23.37999916,24.28999901,24.62999916,24.44999886,21.53999901,23.76999855,24.46999931,25.02999878,24.87999916,21.92000008,23.93999863,24.68999863,25.51999855,25.40999985,22.27999878,23.89999962,25.43999863,26.29999924,26.01999855
1990/8/26,20.35000038,22.31999969,24.43000031,24.93000031,24.70999908,21.04999924,23.72999954,24.75,24.95999908,24.79999924,21.55999947,24.13999939,24.94999886,25.35000038,25.23999977,21.92000008,24.28999901,25.18000031,25.8599987,25.77999878,22.26000023,24.11999893,25.79999924,26.56999969,26.34999847
1990/9/2,20.52999878,22.20999908,24.01000023,24.29999924,24.05999947,21.18999863,23.5,24.44999886,24.27999878,24.02999878,21.67000008,23.72999954,24.37999916,24.34000015,24.12999916,22.02999878,23.72999954,24.32999992,24.53999901,24.37999916,22.36999893,23.59000015,24.59000015,24.96999931,24.68999863
1990/9/9,20.20999908,21.71999931,23.30999947,23.55999947,23.36999893,20.82999992,22.86999893,23.72999954,23.46999931,23.19999886,21.27999878,23,23.53999901,23.35000038,23.1099987,21.62999916,22.94999886,23.37999916,23.36999893,23.18999863,21.96999931,22.84000015,23.44999886,23.59000015,23.36999893
1990/9/16,19.93000031,21.22999954,22.64999962,22.90999985,22.68999863,20.52999878,22.27999878,22.98999977,22.87999916,22.51000023,20.98999977,22.5,22.96999931,22.92000008,22.55999947,21.36999893,22.55999947,22.97999954,23.07999992,22.75,21.72999954,22.53999901,23.14999962,23.3599987,23.02999878
1990/9/23,19.48999977,20.52000046,21.63999939,21.77000046,21.6099987,20.06999969,21.43999863,21.97999954,22.02000046,21.68999863,20.53999901,21.73999977,22.12999916,22.23999977,21.89999962,20.93999863,21.92000008,22.28999901,22.52999878,22.20999908,21.32999992,21.97999954,22.56999969,22.87999916,22.53999901
1990/9/30,18.76000023,19.52000046,20.34000015,20.3599987,20.18000031,19.32999992,20.31999969,20.69999886,20.67000008,20.36999893,19.80999947,20.65999985,20.93000031,21.04999924,20.70999908,20.23999977,20.90999985,21.18999863,21.46999931,21.13999939,20.67000008,21.11999893,21.57999992,21.93000031,21.55999947
1990/10/7,17.92000008,18.46999931,19.05999947,19.02999878,18.88999939,18.45999908,19.14999962,19.39999962,19.38999939,19.11999893,18.93999863,19.52000046,19.69999886,19.86999893,19.56999969,19.37999916,19.85000038,20.05999947,20.40999985,20.1099987,19.84000015,20.18000031,20.59000015,21,20.63999939
1990/10/14,17.25,17.85000038,18.51000023,18.5,18.30999947,17.79999924,18.55999947,18.84000015,18.84000015,18.52000046,18.28999901,18.93999863,19.13999939,19.31999969,18.96999931,18.73999977,19.26000023,19.48999977,19.87999916,19.51000023,19.19999886,19.59000015,20.05999947,20.52000046,20.05999947
1990/10/21,16.52999878,17.03999901,17.61999893,17.57999992,17.3599987,17.10000038,17.72999954,17.95999908,17.98999977,17.64999962,17.61999893,18.14999962,18.31999969,18.54999924,18.17000008,18.10000038,18.52000046,18.72999954,19.18999863,18.78999901,18.59000015,18.88999939,19.36999893,19.89999962,19.38999939
1990/10/28,15.96000004,16.15999985,16.43000031,16.30999947,16.14999962,16.5,16.69999886,16.73999977,16.76000023,16.44999886,17.02000046,17.17000008,17.21999931,17.44999886,17.10000038,17.52000046,17.62999916,17.75,18.22999954,17.86999893,18.04999924,18.14999962,18.5,19.07999992,18.60000038
1990/11/4,15.48999977,15.07999992,14.78999996,14.69999981,14.63000011,15.93999958,15.19999981,14.86999989,14.96999931,14.82999992,16.40999985,15.55999947,15.28999996,15.69999981,15.53999996,16.94999886,16.09000015,15.79999924,16.55999947,16.38999939,17.55999947,17.02999878,16.86999893,17.5,17.20999908
1990/11/11,15.13000011,14.48999977,13.96000004,13.77999973,13.72999954,15.54999924,14.47999954,14,14.40999985,14.2699995,16.02000046,14.90999985,14.55999947,15.22999954,15.05999947,16.56999969,15.5199995,15.19999981,16.17000008,15.97999954,17.19999886,16.56999969,16.42000008,17.19999886,16.84000015
1990/11/18,14.88999939,13.7699995,12.65999985,12.28999996,12.19999981,15.23999977,13.48999977,12.71000004,13.07999992,12.90999985,15.71999931,13.96999931,13.39999962,14.10999966,13.90999985,16.30999947,14.71000004,14.18999958,15.23999977,15.03999996,17.01000023,16.02999878,15.63999939,16.52999878,16.09000015
1990/11/25,14.21999931,12.90999985,11.72999954,11.40999985,11.36999989,14.54999924,12.5199995,11.65999985,12.2699995,12.17000008,14.98999977,12.90999985,12.2699995,13.19999981,13.10999966,15.55999947,13.60999966,12.94999981,14.22999954,14.13000011,16.26000023,14.98999977,14.47999954,15.43999958,15.06999969
1990/12/2,13.42000008,11.52999973,9.829999924,9.420000076,9.510000229,13.67000008,10.82999992,9.659999847,10.38999939,10.48999977,14.09999943,11.22999954,10.32999992,11.40999985,11.5,14.68999958,12.0199995,11.11999989,12.52999973,12.57999992,15.40999985,13.64999962,12.82999992,13.79999924,13.54999924
1990/12/9,12.92000008,10.59999943,8.5,8.099999428,8.279999733,13.11999989,9.619999886,8.179999352,9.170000076,9.409999847,13.5,10,8.909999847,10.2699995,10.48999977,14.11999989,10.84999943,9.739999771,11.40999985,11.57999992,14.88999939,12.73999977,11.64999962,12.7699995,12.59999943
1990/12/16,12.25,9.38999939,6.849999905,6.449999809,6.619999886,12.36999989,8.119999886,6.409999847,7.159999847,7.579999924,12.73999977,8.510000229,7.199999809,8.369999886,8.789999962,13.38999939,9.460000038,8.13999939,9.699999809,10.06999969,14.21000004,11.60999966,10.17999935,11.32999992,11.28999996
1990/12/23,12.05999947,8.829999924,5.920000076,5.369999886,5.579999924,12.13999939,7.389999866,5.5,5.960000038,6.420000076,12.48999977,7.75,6.259999752,7.129999638,7.619999886,13.11999989,8.670000076,7.159999847,8.489999771,8.920000076,13.96999931,10.96000004,9.159999847,10.11999989,10.13000011
1990/12/30,11.53999996,7.909999847,4.539999962,3.799999952,3.970000029,11.56999969,6.25,4.159999847,4.539999962,5.059999943,11.89999962,6.549999714,4.889999866,5.75,6.339999676,12.53999996,7.509999752,5.75,7.210000038,7.759999752,13.42000008,10.01000023,7.949999809,8.960000038,9.119999886
1991/1/6,10.94999981,6.659999847,2.700000048,1.849999905,2.119999886,10.88999939,4.659999847,2.200000048,2.839999914,3.49000001,11.18999958,4.929999828,2.970000029,4.159999847,4.909999847,11.85999966,5.96999979,3.909999847,5.739999771,6.46999979,12.81999969,8.849999428,6.46999979,7.669999599,7.989999771
1991/1/13,10.59999943,6.179999828,2.079999924,1.220000029,1.429999948,10.5199995,4.089999676,1.559999943,2.220000029,2.869999886,10.78999996,4.339999676,2.329999924,3.629999876,4.389999866,11.47999954,5.420000076,3.279999971,5.289999962,6.069999695,12.44999981,8.38999939,6.039999962,7.409999847,7.679999828
1991/1/20,10.57999992,6.039999962,1.75999999,0.719999969,0.829999983,10.48999977,3.929999828,1.350000024,1.889999986,2.450000048,10.78999996,4.21999979,2.180000067,3.379999876,4.079999924,11.46000004,5.319999695,3.159999847,5.119999886,5.829999924,12.44999981,8.319999695,5.929999828,7.369999886,7.539999962
1991/1/27,10.15999985,5.739999771,1.549999952,0.469999999,0.579999983,10.07999992,3.679999828,1.199999928,1.679999948,2.24000001,10.32999992,3.839999914,1.829999924,3.00999999,3.75999999,10.96000004,4.799999714,2.599999905,4.599999905,5.369999886,11.90999985,7.71999979,5.299999714,6.710000038,6.920000076
1991/2/3,10.27999973,5.699999809,1.350000024,0.289999992,0.5,10.15999985,3.50999999,0.959999979,1.449999928,2.099999905,10.38999939,3.589999914,1.49000001,2.799999952,3.629999876,11.03999996,4.519999981,2.180000067,4.349999905,5.239999771,11.98999977,7.549999714,4.980000019,6.429999828,6.759999752
1991/2/10,10.89999962,6.039999962,1.449999928,0.269999981,0.269999981,10.77999973,3.779999971,1.079999924,1.469999909,1.949999928,11.03999996,3.909999847,1.699999928,3.00999999,3.679999828,11.71000004,4.880000114,2.429999828,4.690000057,5.449999809,12.69999981,7.960000038,5.289999962,6.879999638,7.069999695
1991/2/17,10.57999992,5.799999714,1.309999943,0.189999998,0.239999995,10.46000004,3.569999933,0.949999988,1.220000029,1.679999948,10.69999981,3.659999847,1.49000001,2.529999971,3.24000001,11.35999966,4.579999924,2.159999847,4.049999714,4.839999676,12.31999969,7.569999695,4.730000019,6.069999695,6.289999962
1991/2/24,11.03999996,6.039999962,1.329999924,0.25999999,0.379999995,10.89999962,3.609999895,0.819999993,1.179999948,1.719999909,11.11999989,3.619999886,1.279999971,2.369999886,3.129999876,11.78999996,4.509999752,1.870000005,3.819999933,4.659999847,12.80999947,7.679999828,4.509999752,5.75,6.079999924
1991/3/3,11.31999969,6.289999962,1.529999971,0.379999995,0.48999998,11.15999985,3.859999895,1.069999933,1.370000005,1.849999905,11.38999939,3.839999914,1.49000001,2.589999914,3.279999971,12.07999992,4.730000019,2.049999952,4.049999714,4.839999676,13.07999992,7.949999809,4.759999752,6.009999752,6.329999924
1991/3/10,11.32999992,6.289999962,1.529999971,0.409999996,0.469999999,11.17000008,3.839999914,1.069999933,1.370000005,1.829999924,11.38999939,3.74000001,1.350000024,2.429999828,3.109999895,12.05999947,4.559999943,1.809999943,3.74000001,4.509999752,13.07999992,7.789999962,4.46999979,5.619999886,5.909999847
1991/3/17,11.5199995,6.460000038,1.679999948,0.529999971,0.669999957,11.36999989,4.009999752,1.220000029,1.50999999,1.949999928,11.57999992,3.970000029,1.579999924,2.649999857,3.279999971,12.27999973,4.839999676,2.119999886,4.009999752,4.730000019,13.30999947,8.13999939,4.849999905,6,6.25
1991/3/24,12.07999992,6.879999638,2.079999924,1.220000029,1.389999986,11.88999939,4.230000019,1.319999933,2.119999886,2.659999847,12.11999989,4.139999866,1.639999986,3.139999866,3.859999895,12.82999992,5.049999714,2.139999866,4.380000114,5.199999809,13.90999985,8.529999733,5.079999924,6.329999924,6.670000076
1991/3/31,11.97999954,6.96999979,2.349999905,1.559999943,1.719999909,11.78999996,4.389999866,1.579999924,2.180000067,2.779999971,11.98999977,4.210000038,1.75999999,2.99000001,3.779999971,12.67000008,5,2.099999905,4.079999924,4.940000057,13.72999954,8.380000114,4.869999886,6,6.349999905
1991/4/7,12.72999954,8.010000229,3.629999876,2.779999971,2.950000048,12.59999943,5.619999886,2.950000048,3.779999971,4.329999924,12.82999992,5.5,3.199999809,4.539999962,5.25,13.52999973,6.289999962,3.569999933,5.539999962,6.319999695,14.56999969,9.539999962,6.25,7.369999886,7.629999638
1991/4/14,13.40999985,9.029999733,5.039999962,4.25,4.380000114,13.35999966,6.879999638,4.46999979,5.25,5.779999733,13.61999989,6.75,4.630000114,5.960000038,6.629999638,14.29999924,7.449999809,4.880000114,6.819999695,7.539999962,15.29999924,10.47999954,7.369999886,8.429999352,8.659999847
1991/4/21,13.60999966,9.849999428,6.460000038,5.71999979,5.759999752,13.63999939,8.119999886,6.079999924,6.329999924,6.779999733,13.92000008,8.079999924,6.25,7.049999714,7.659999847,14.55999947,8.710000038,6.539999962,7.960000038,8.599999428,15.5,11.35999966,8.710000038,9.619999886,9.789999962
1991/4/28,14.09999943,10.53999996,7.210000038,6.329999924,6.420000076,14.17000008,8.970000267,7.009999752,7.259999752,7.5,14.5,9.039999962,7.329999924,8,8.380000114,15.14999962,9.739999771,7.75,8.929999352,9.329999924,16.07999992,12.23999977,9.739999771,10.53999996,10.5
1991/5/5,14.59999943,11.75,9.179999352,8.590000153,8.789999962,14.73999977,10.53999996,8.960000038,9.319999695,9.599999428,15.09999943,10.56999969,9.159999847,9.699999809,10.07999992,15.71000004,11.11999989,9.429999352,10.21999931,10.60999966,16.55999947,13.25,10.93999958,11.34999943,11.32999992
1991/5/12,15.04999924,12.77999973,10.82999992,10.40999985,10.47999954,15.25,11.88999939,10.69999981,10.68999958,10.92000008,15.59999943,11.81999969,10.65999985,10.94999981,11.23999977,16.17000008,12.18999958,10.67000008,11.36999989,11.64999962,16.94999886,14.04999924,12.0199995,12.36999989,12.34999943
1991/5/19,15.96000004,13.78999996,12.02999973,11.85999966,11.90999985,16.20999908,12.86999989,11.65999985,12.15999985,12.32999992,16.57999992,12.84999943,11.68999958,12.36999989,12.60999966,17.18000031,13.2699995,11.77999973,12.75,12.98999977,17.98999977,15.14999962,13.22999954,13.71000004,13.65999985
1991/5/26,16.87999916,14.96999931,13.30999947,12.98999977,13.05999947,17.15999985,14.21999931,13.14999962,13.42000008,13.63000011,17.54999924,14.21000004,13.15999985,13.69999981,13.96000004,18.14999962,14.59999943,13.21999931,14.09999943,14.35999966,18.94999886,16.3599987,14.54999924,15.0199995,15.0199995
1991/6/2,17.68000031,16.03999901,14.63999939,14.46000004,14.59999943,18,15.36999989,14.39999962,14.98999977,15.21999931,18.40999985,15.38999939,14.43999958,15.42000008,15.71000004,19.01000023,15.78999996,14.52999973,15.92000008,16.19999886,19.80999947,17.52000046,16.06999969,16.81999969,16.81999969
1991/6/9,18.15999985,17.3599987,16.79999924,16.79999924,16.76000023,18.55999947,17.15999985,16.70999908,16.77000046,16.92000008,18.98999977,17.1099987,16.51000023,17.06999969,17.29999924,19.53999901,17.31999969,16.37999916,17.47999954,17.75,20.23999977,18.62999916,17.65999985,18.36999893,18.34000015
1991/6/16,18.47999954,17.97999954,17.72999954,17.79999924,17.81999969,18.94999886,17.95999908,17.63999939,18.10000038,18.27000046,19.42000008,18.04999924,17.6099987,18.43000031,18.72999954,19.97999954,18.31999969,17.63999939,18.87999916,19.23999977,20.64999962,19.42000008,18.87999916,19.73999977,19.81999969
1991/6/23,18.28999901,18.34000015,18.63999939,18.88999939,18.96999931,18.78999901,18.60000038,18.55999947,19.03999901,19.27000046,19.26000023,18.76000023,18.59000015,19.43999863,19.80999947,19.76000023,19.02999878,18.70999908,19.95999908,20.40999985,20.32999992,19.81999969,19.88999939,20.84000015,21.02000046
1991/6/30,19.19999886,19.55999947,20.12999916,20.31999969,20.28999901,19.72999954,20.03999901,20.18000031,20.69999886,20.84000015,20.20999908,20.25,20.26000023,21.18000031,21.45999908,20.68999863,20.5,20.39999962,21.77999878,22.13999939,21.20999908,21.07999992,21.55999947,22.64999962,22.75
1991/7/7,19.76000023,20.22999954,20.92000008,21.13999939,21.04999924,20.28999901,20.76000023,21,21.44999886,21.40999985,20.75,20.88999939,20.93000031,21.65999985,21.72999954,21.18999863,21.02999878,20.93999863,21.96999931,22.11999893,21.65999985,21.46999931,21.76000023,22.56999969,22.43000031
1991/7/14,20.37999916,21.18000031,22.29999924,22.76000023,22.72999954,20.93000031,21.84000015,22.28999901,22.77999878,22.77999878,21.36999893,21.85000038,22,22.64999962,22.73999977,21.77000046,21.84000015,21.79999924,22.61999893,22.75,22.19999886,22.07999992,22.26999855,22.80999947,22.69999886
1991/7/21,20.39999962,21.6099987,23.03999901,23.40999985,23.42000008,21.02999878,22.6099987,23.22999954,23.57999992,23.45999908,21.53999901,22.93999863,23.37999916,23.77999878,23.68999863,21.94999886,23.14999962,23.62999916,24.07999992,23.97999954,22.34000015,23.11999893,23.97999954,24.48999977,24.18999863
1991/7/28,20.3599987,21.77999878,23.43000031,23.89999962,23.94999886,20.98999977,22.8599987,23.57999992,24.03999901,24.05999947,21.48999977,23.19999886,23.72999954,24.45999908,24.46999931,21.87999916,23.37999916,23.95999908,24.98999977,24.97999954,22.23999977,23.36999893,24.69999886,25.53999901,25.39999962
1991/8/4,21.01000023,23.12999916,25.46999931,26.01999855,25.97999954,21.72999954,24.62999916,25.79999924,26.1099987,26.01000023,22.22999954,24.90999985,25.76999855,26.26000023,26.17000008,22.55999947,24.8599987,25.70999908,26.40999985,26.32999992,22.81999969,24.3599987,25.95999908,26.64999962,26.37999916
1991/8/11,20.87999916,23.53999901,26.26000023,26.78999901,26.6099987,21.64999962,25.31999969,26.75,26.98999977,26.78999901,22.17000008,25.68000031,26.78999901,27.22999954,27.03999901,22.46999931,25.62999916,26.78999901,27.40999985,27.22999954,22.64999962,24.79999924,26.82999992,27.54999924,27.22999954
1991/8/18,21.02999878,23.93999863,27.01999855,27.80999947,27.63999939,21.82999992,25.79999924,27.34999847,27.90999985,27.67000008,22.3599987,26.15999985,27.3599987,28.04999924,27.82999992,22.64999962,26.09000015,27.3599987,28.13999939,27.94999886,22.80999947,25.18000031,27.42000008,28.14999962,27.8599987
1991/8/25,20.71999931,22.40999985,24.34000015,24.97999954,24.95999908,21.38999939,23.6099987,24.40999985,25.15999985,24.8599987,21.93999863,24.11999893,24.77999878,25.51999855,25.18000031,22.35000038,24.44999886,25.29999924,25.97999954,25.61999893,22.70999908,24.25,25.78999901,26.48999977,25.98999977
1991/9/1,20.32999992,21.88999939,23.6099987,24.18000031,24.11999893,20.96999931,22.97999954,23.68000031,24.18999863,23.98999977,21.5,23.43000031,24,24.57999992,24.30999947,21.93000031,23.75,24.44999886,25.11999893,24.80999947,22.31999969,23.71999931,25.06999969,25.76999855,25.34000015
1991/9/8,20.35000038,21.65999985,23.11999893,23.60000038,23.54999924,20.95999908,22.60000038,23.19999886,23.53999901,23.37999916,21.44999886,22.92000008,23.35000038,23.72999954,23.52999878,21.86999893,23.12999916,23.57999992,24.07999992,23.86999893,22.27999878,23.18999863,24.05999947,24.6099987,24.26999855
1991/9/15,19.69999886,20.80999947,22.07999992,22.51999855,22.42000008,20.27999878,21.63999939,22.11999893,22.57999992,22.3599987,20.77000046,21.97999954,22.34000015,22.85000038,22.6099987,21.18999863,22.25,22.63999939,23.29999924,23.03999901,21.6099987,22.43000031,23.26000023,23.88999939,23.53999901
1991/9/22,18.93999863,19.81999969,20.8599987,21.25,21.15999985,19.48999977,20.52999878,20.87999916,21.22999954,21.02999878,19.95999908,20.89999962,21.17000008,21.51000023,21.27000046,20.40999985,21.23999977,21.56999969,21.95999908,21.69999886,20.85000038,21.5,22.11999893,22.60000038,22.20999908
1991/9/29,18.82999992,19.48999977,20.31999969,20.67000008,20.51000023,19.36999893,20.09000015,20.34000015,20.54999924,20.30999947,19.82999992,20.38999939,20.53999901,20.80999947,20.52000046,20.27999878,20.68000031,20.82999992,21.25,20.93000031,20.75,21.06999969,21.42000008,21.8599987,21.43000031
1991/10/6,17.87999916,18.71999931,19.73999977,20.06999969,19.89999962,18.43000031,19.44999886,19.84000015,20.03999901,19.76000023,18.88999939,19.73999977,20,20.27000046,19.93999863,19.30999947,19.95999908,20.20999908,20.68000031,20.30999947,19.73999977,20.20999908,20.76000023,21.23999977,20.77000046
1991/10/13,16.89999962,17.70999908,18.64999962,18.85000038,18.61999893,17.48999977,18.51000023,18.87999916,18.90999985,18.57999992,18,18.87999916,19.15999985,19.30999947,18.93000031,18.44999886,19.18999863,19.5,19.87999916,19.45999908,18.89999962,19.44999886,20.07999992,20.60000038,20.10000038
1991/10/20,16.46999931,16.88999939,17.40999985,17.5,17.28999901,17,17.45999908,17.60000038,17.52999878,17.19000053,17.48999977,17.82999992,17.92000008,18,17.61999893,17.95999908,18.19000053,18.30999947,18.65999985,18.27000046,18.45999908,18.65999985,18.97999954,19.45999908,19.01000023
1991/10/27,15.63999939,15.80999947,16.12999916,16.21999931,16.02000046,16.12999916,16.21999931,16.23999977,16.28999901,15.96999931,16.60000038,16.52000046,16.47999954,16.69000053,16.34000015,17.06999969,16.8599987,16.79999924,17.28999901,16.94999886,17.59000015,17.46999931,17.54999924,18.04999924,17.64999962
1991/11/3,15.18999958,14.53999996,14.0199995,13.92000008,13.78999996,15.56999969,14.46000004,14,14.15999985,13.90999985,16.01000023,14.71999931,14.29999924,14.63999939,14.36999989,16.52000046,15.17000008,14.69999981,15.30999947,15.04999924,17.12999916,16.20999908,15.68999958,16.18000031,15.82999992
1991/11/10,14.38000011,13.38999939,12.52999973,12.35999966,12.23999977,14.71999931,13.11999989,12.48999977,12.61999989,12.43999958,15.11999989,13.30999947,12.73999977,13.07999992,12.86999989,15.63000011,13.77999973,13.09999943,13.71999931,13.53999996,16.26000023,14.94999981,14.13999939,14.61999989,14.29999924
1991/11/17,13.88000011,12.44999981,11.18999958,10.90999985,10.89999962,14.15999985,11.97999954,11.10999966,11.23999977,11.15999985,14.55999947,12.23999977,11.5,11.85999966,11.77999973,15.11999989,12.81999969,12.0199995,12.65999985,12.57999992,15.77999973,14.17000008,13.19999981,13.71999931,13.5
1991/11/24,13.09999943,11.56999969,10.21000004,9.929999352,9.960000038,13.35999966,11.0199995,10.09000015,10.36999989,10.36999989,13.71999931,11.23999977,10.46000004,10.96000004,10.96000004,14.23999977,11.78999996,10.92000008,11.73999977,11.75,14.89999962,13.18999958,12.18999958,12.78999996,12.65999985
1991/12/1,13.0199995,11.18999958,9.449999809,8.869999886,8.909999847,13.25,10.57999992,9.539999962,9.489999771,9.489999771,13.63000011,10.80999947,9.920000076,10.21999931,10.23999977,14.14999962,11.36999989,10.39999962,11.13999939,11.15999985,14.81999969,12.85999966,11.69999981,12.32999992,12.17000008
1991/12/8,12.65999985,10.21999931,7.960000038,7.339999676,7.419999599,12.81999969,9.239999771,7.839999676,8.130000114,8.159999847,13.15999985,9.460000038,8.319999695,8.929999352,9,13.71999931,10.13999939,8.869999886,9.88999939,9.989999771,14.46999931,11.94999981,10.43999958,11.13999939,11.05999947
1991/12/15,12.06999969,9.289999962,6.679999828,5.949999809,6.039999962,12.19999981,8.179999352,6.579999924,6.75,6.849999905,12.56999969,8.539999962,7.289999962,7.789999962,7.909999847,13.15999985,9.380000114,8.119999886,8.960000038,9.119999886,13.93999958,11.34999943,9.779999733,10.46000004,10.39999962
1991/12/22,11.81999969,8.720000267,5.789999962,5.039999962,5.089999676,11.90999985,7.409999847,5.599999905,5.889999866,6.039999962,12.25,7.75,6.339999676,7.039999962,7.239999771,12.86999989,8.630000114,7.179999828,8.349999428,8.579999924,13.68999958,10.81999969,9.090000153,9.969999313,9.949999809
1991/12/29,11.36999989,7.819999695,4.539999962,3.799999952,3.899999857,11.39999962,6.199999809,4.170000076,4.809999943,5.139999866,11.69999981,6.429999828,4.799999714,5.869999886,6.259999752,12.32999992,7.299999714,5.539999962,7.069999695,7.5,13.18999958,9.739999771,7.619999886,8.590000153,8.75
1992/1/5,10.93999958,6.949999809,3.279999971,2.579999924,2.720000029,10.89999962,5.039999962,2.720000029,3.699999809,4.130000114,11.18999958,5.279999733,3.429999828,4.839999676,5.369999886,11.84999943,6.25,4.289999962,6.119999886,6.679999828,12.75,8.929999352,6.629999638,7.75,7.96999979
1992/1/12,10.61999989,6.129999638,2.079999924,1.329999924,1.49000001,10.52999973,3.970000029,1.409999967,2.450000048,3.00999999,10.78999996,4.210000038,2.159999847,3.74000001,4.429999828,11.47999954,5.25,3.069999933,5.139999866,5.849999905,12.42000008,8.159999847,5.639999866,6.889999866,7.210000038
1992/1/19,10.7699995,6.25,2.119999886,1.24000001,1.350000024,10.67000008,4.130000114,1.599999905,2.25999999,2.859999895,10.94999981,4.299999714,2.24000001,3.549999952,4.289999962,11.60999966,5.279999733,3.049999952,4.960000038,5.710000038,12.55999947,8.199999809,5.579999924,6.779999733,7.079999924
1992/1/26,10.77999973,6.119999886,1.819999933,0.849999964,0.969999969,10.67000008,3.949999809,1.350000024,1.829999924,2.409999847,10.94999981,4.139999866,2.049999952,3.199999809,3.949999809,11.61999989,5.159999847,2.879999876,4.710000038,5.5,12.57999992,8.119999886,5.460000038,6.639999866,6.960000038
1992/2/2,10.69999981,5.920000076,1.549999952,0.550000012,0.659999967,10.57999992,3.679999828,1.069999933,1.559999943,2.180000067,10.82999992,3.779999971,1.599999905,2.74000001,3.589999914,11.47999954,4.679999828,2.25999999,4.099999905,5.009999752,12.43999958,7.659999847,4.769999981,5.949999809,6.369999886
1992/2/9,10.5,5.839999676,1.599999905,0.689999998,0.859999955,10.39999962,3.659999847,1.100000024,1.579999924,2.200000048,10.61999989,3.699999809,1.569999933,2.659999847,3.49000001,11.25,4.549999714,2.139999866,3.929999828,4.799999714,12.19999981,7.460000038,4.589999676,5.670000076,6.079999924
1992/2/16,10.5,5.839999676,1.579999924,0.579999983,0.729999959,10.40999985,3.699999809,1.169999957,1.529999971,2.099999905,10.64999962,3.799999952,1.699999928,2.659999847,3.409999847,11.28999996,4.679999828,2.349999905,3.970000029,4.789999962,12.22999954,7.549999714,4.75,5.829999924,6.159999847
1992/2/23,10.48999977,5.960000038,1.679999948,0.639999986,0.75,10.38999939,3.819999933,1.299999952,1.74000001,2.200000048,10.61999989,3.909999847,1.829999924,2.889999866,3.50999999,11.2699995,4.799999714,2.49000001,4.230000019,4.909999847,12.19999981,7.710000038,4.980000019,6.119999886,6.329999924
1992/3/1,11.07999992,6.369999886,2.180000067,1.569999933,1.699999928,10.94999981,3.970000029,1.309999943,2.549999952,3.029999971,11.17000008,3.970000029,1.74000001,3.470000029,4.099999905,11.84999943,4.839999676,2.299999952,4.549999714,5.239999771,12.82999992,7.960000038,4.96999979,6.210000038,6.420000076
1992/3/8,11.10999966,6.629999638,2.619999886,2.00999999,2.139999866,10.98999977,4.389999866,1.849999905,2.549999952,3.089999914,11.22999954,4.389999866,2.25999999,3.409999847,4.049999714,11.86999989,5.239999771,2.819999933,4.420000076,5.089999676,12.82999992,8.179999352,5.170000076,6.089999676,6.239999771
1992/3/15,11.63999939,6.960000038,2.970000029,2.720000029,2.879999876,11.48999977,4.46999979,1.799999952,3.220000029,3.869999886,11.69999981,4.380000114,2.079999924,3.889999866,4.639999866,12.36999989,5.179999828,2.50999999,4.71999979,5.489999771,13.38000011,8.349999428,5.119999886,6.210000038,6.489999771
1992/3/22,11.90999985,7.319999695,3.649999857,3.839999914,4.049999714,11.75,4.759999752,2.099999905,4.009999752,4.769999981,11.96000004,4.589999676,2.25999999,4.509999752,5.380000114,12.61999989,5.339999676,2.629999876,5.179999828,6.039999962,13.63999939,8.539999962,5.329999924,6.569999695,6.909999847
1992/3/29,12.23999977,8,4.659999847,4.889999866,5.119999886,12.14999962,5.670000076,3.24000001,4.889999866,5.710000038,12.36999989,5.529999733,3.379999876,5.319999695,6.25,13.02999973,6.25,3.720000029,5.960000038,6.869999886,14,9.239999771,6.25,7.379999638,7.699999809
1992/4/5,12.52999973,8.679999352,5.599999905,5.71999979,5.960000038,12.46000004,6.579999924,4.339999676,6.210000038,7.069999695,12.71000004,6.460000038,4.46999979,6.629999638,7.599999905,13.34999943,7.129999638,4.799999714,7.299999714,8.210000038,14.29999924,9.989999771,7.409999847,8.739999771,9.039999962
1992/4/12,12.82999992,9.170000076,6.129999638,6.089999676,6.299999714,12.80999947,7.239999771,5.170000076,5.920000076,6.71999979,13.05999947,7.039999962,5.139999866,6.289999962,7.210000038,13.65999985,7.619999886,5.329999924,6.949999809,7.819999695,14.59999943,10.32999992,7.539999962,8.460000038,8.699999809
1992/4/19,13.35999966,10.01000023,7.210000038,7.170000076,7.409999847,13.38000011,8.260000229,6.339999676,6.710000038,7.409999847,13.63999939,8.130000114,6.379999638,6.96999979,7.799999714,14.2699995,8.710000038,6.599999905,7.619999886,8.380000114,15.15999985,11.23999977,8.470000267,9.069999695,9.289999962
1992/4/26,14.29999924,10.88999939,7.909999847,7.629999638,7.849999905,14.35999966,9.170000076,7.21999979,7.429999828,8,14.64999962,9.079999924,7.299999714,7.71999979,8.409999847,15.29999924,9.679999352,7.549999714,8.460000038,9.099999428,16.25,12.25,9.420000076,9.960000038,10.15999985
1992/5/3,14.59999943,11.68999958,9.159999847,8.880000114,9.090000153,14.71000004,10.28999996,8.619999886,8.849999428,9.300000191,15.04999924,10.28999996,8.789999962,9.119999886,9.670000076,15.67000008,10.90999985,9.119999886,9.829999924,10.32999992,16.56999969,13.19999981,10.77999973,11.23999977,11.36999989
1992/5/10,14.84999943,12.32999992,10.25,10.19999981,10.38999939,14.98999977,11.14999962,9.699999809,9.630000114,10,15.32999992,11.13999939,9.800000191,9.849999428,10.28999996,15.93999958,11.65999985,10.03999996,10.48999977,10.90999985,16.78999901,13.75,11.5,11.84999943,11.92000008
1992/5/17,15.04999924,13,11.36999989,11.40999985,11.56999969,15.27999973,12.07999992,10.86999989,10.88999939,11.15999985,15.63999939,12.11999989,11,11.02999973,11.32999992,16.23999977,12.63999939,11.2699995,11.60999966,11.90999985,17.04999924,14.5199995,12.57999992,12.85999966,12.86999989
1992/5/24,15.38000011,13.96999931,12.85999966,12.81999969,12.82999992,15.69999981,13.44999981,12.60999966,12.63999939,12.72999954,16.10000038,13.55999947,12.7699995,12.86999989,12.98999977,16.67000008,14.03999996,13.02999973,13.53999996,13.63000011,17.42000008,15.63999939,14.34999943,14.77999973,14.64999962
1992/5/31,15.96999931,14.79999924,13.88999939,13.78999996,13.79999924,16.32999992,14.44999981,13.72999954,14.13999939,14.22999954,16.76000023,14.59999943,13.90999985,14.43999958,14.55999947,17.32999992,15.05999947,14.19999981,15.13000011,15.25,18.07999992,16.62999916,15.72999954,16.38999939,16.30999947
1992/6/7,16.80999947,16.52999878,16.51000023,16.62999916,16.67000008,17.27999878,16.69999886,16.53999901,16.19999886,16.28999901,17.72999954,16.81999969,16.53999901,16.15999985,16.27999878,18.22999954,17.05999947,16.60000038,16.38999939,16.52000046,18.82999992,17.92000008,17.17000008,17.30999947,17.17000008
1992/6/14,17.46999931,17.23999977,17.31999969,17.46999931,17.51000023,17.93000031,17.40999985,17.27000046,17.59000015,17.64999962,18.3599987,17.52000046,17.26000023,17.53999901,17.6099987,18.84000015,17.75,17.31999969,17.77999878,17.82999992,19.43000031,18.62999916,18.1099987,18.45999908,18.38999939
1992/6/21,18.13999939,17.86999893,17.81999969,17.79999924,17.80999947,18.60000038,18.06999969,17.94000053,17.90999985,18.01000023,19.04999924,18.19999886,17.93000031,17.96999931,18.07999992,19.54999924,18.44999886,18.02000046,18.27999878,18.37999916,20.14999962,19.34000015,18.73999977,18.96999931,18.94999886
1992/6/28,18.69000053,18.69999886,18.89999962,18.80999947,18.84000015,19.20999908,19.11999893,19.14999962,19.43000031,19.52999878,19.68000031,19.30999947,19.20999908,19.61999893,19.73999977,20.18000031,19.56999969,19.34000015,19.97999954,20.11999893,20.73999977,20.28999901,20.14999962,20.68000031,20.71999931
1992/7/5,18.65999985,19.20999908,19.93000031,19.95999908,20,19.23999977,19.92000008,20.23999977,20.3599987,20.45999908,19.72999954,20.15999985,20.30999947,20.64999962,20.78999901,20.18999863,20.36999893,20.44999886,21.03999901,21.20999908,20.68999863,20.80999947,21.14999962,21.70999908,21.77000046
1992/7/12,19.34000015,20.13999939,21.05999947,21.14999962,21.18000031,19.93000031,20.94999886,21.37999916,21.56999969,21.68999863,20.43000031,21.21999931,21.46999931,21.86999893,22.02999878,20.86999893,21.40999985,21.6099987,22.23999977,22.43999863,21.34000015,21.72999954,22.26000023,22.84000015,22.93000031
1992/7/19,20,21.26000023,22.59000015,22.75,22.76000023,20.65999985,22.32999992,23.01000023,22.8599987,22.93000031,21.17000008,22.62999916,23.09000015,23.01999855,23.12999916,21.59000015,22.75,23.18000031,23.20999908,23.3599987,21.97999954,22.68000031,23.29999924,23.59000015,23.61999893
1992/7/26,20.43000031,22.13999939,23.71999931,23.65999985,23.68999863,21.14999962,23.54999924,24.44999886,24.22999954,24.22999954,21.70999908,24.04999924,24.79999924,24.64999962,24.67000008,22.1099987,24.26000023,25.1099987,25.06999969,25.11999893,22.44999886,23.93000031,25.15999985,25.45999908,25.47999954
1992/8/2,20.45999908,22.26999855,23.84000015,23.62999916,23.62999916,21.22999954,23.79999924,24.72999954,24.34000015,24.28999901,21.82999992,24.40999985,25.22999954,24.93000031,24.87999916,22.26000023,24.72999954,25.71999931,25.51999855,25.48999977,22.62999916,24.39999962,25.78999901,26.03999901,26.02999878
1992/8/9,20.68999863,22.37999916,24.02999878,24.11999893,24.1099987,21.42000008,23.75,24.6099987,24.57999992,24.52999878,21.98999977,24.23999977,24.94999886,24.96999931,24.90999985,22.42000008,24.46999931,25.27999878,25.32999992,25.28999901,22.79999924,24.26000023,25.38999939,25.62999916,25.62999916
1992/8/16,19.98999977,21.52000046,23.07999992,23.28999901,23.42000008,20.68000031,22.72999954,23.47999954,23.68999863,23.82999992,21.22999954,23.21999931,23.84000015,24.12999916,24.25,21.65999985,23.51999855,24.25,24.53999901,24.68000031,22.06999969,23.45999908,24.54999924,24.90999985,25.07999992
1992/8/23,20.10000038,21.79999924,23.48999977,23.65999985,23.67000008,20.78999901,23.12999916,23.97999954,24.03999901,24.10000038,21.32999992,23.61999893,24.34000015,24.54999924,24.60000038,21.73999977,23.86999893,24.69999886,25.01000023,25.07999992,22.10000038,23.67000008,24.95999908,25.43000031,25.5
1992/8/30,20.27999878,21.70999908,23.17000008,23.28999901,23.18000031,20.94999886,22.94999886,23.68999863,23.37999916,23.26000023,21.47999954,23.43999863,24.06999969,23.86999893,23.75,21.89999962,23.71999931,24.45999908,24.36999893,24.28999901,22.26999855,23.55999947,24.57999992,24.85000038,24.77999878
1992/9/6,20.07999992,21.47999954,22.80999947,22.75,22.63999939,20.73999977,22.70999908,23.45999908,23.03999901,22.80999947,21.25,23.12999916,23.73999977,23.36999893,23.13999939,21.63999939,23.31999969,23.98999977,23.75,23.55999947,21.98999977,23.15999985,23.96999931,24.04999924,23.92000008
1992/9/13,20.04999924,21.29999924,22.56999969,22.63999939,22.51999855,20.65999985,22.37999916,23.09000015,22.6099987,22.35000038,21.12999916,22.61999893,23.10000038,22.70999908,22.43000031,21.5,22.68999863,23.11999893,22.86999893,22.63999939,21.86999893,22.63999939,23.07999992,23.01999855,22.86999893
1992/9/20,19.57999992,20.45999908,21.38999939,21.39999962,21.30999947,20.12999916,21.30999947,21.82999992,21.40999985,21.19999886,20.55999947,21.45999908,21.76000023,21.39999962,21.17000008,20.93999863,21.5,21.68000031,21.44999886,21.27999878,21.32999992,21.61999893,21.67000008,21.52999878,21.43999863
1992/9/27,18.6099987,19.31999969,20.06999969,20.03999901,19.90999985,19.18000031,20.1099987,20.51000023,20.07999992,19.81999969,19.64999962,20.34000015,20.56999969,20.20999908,19.93000031,20.07999992,20.5,20.64999962,20.42000008,20.18999863,20.53999901,20.77000046,20.79999924,20.71999931,20.55999947
1992/10/4,17.29999924,18.01000023,18.71999931,18.63999939,18.52999878,17.90999985,18.81999969,19.18000031,18.89999962,18.62999916,18.43000031,19.17000008,19.40999985,19.15999985,18.8599987,18.90999985,19.43000031,19.63999939,19.48999977,19.21999931,19.39999962,19.72999954,19.88999939,19.93000031,19.70999908
1992/10/11,16.67000008,16.97999954,17.35000038,17.21999931,17.17000008,17.22999954,17.59000015,17.72999954,17.52999878,17.35000038,17.73999977,17.95999908,18.03999901,17.86999893,17.63999939,18.23999977,18.29999924,18.3599987,18.26000023,18.04999924,18.77000046,18.76000023,18.69000053,18.75,18.55999947
1992/10/18,16.02000046,16.21999931,16.54999924,16.47999954,16.40999985,16.55999947,16.77000046,16.85000038,16.68000031,16.53999901,17.04999924,17.13999939,17.18000031,17.07999992,16.89999962,17.53999901,17.48999977,17.52999878,17.52999878,17.36999893,18.05999947,17.97999954,17.93000031,18.07999992,17.92000008
1992/10/25,15.47999954,15.46999931,15.63000011,15.65999985,15.61999989,15.98999977,15.85999966,15.77999973,15.57999992,15.43999958,16.5,16.27999878,16.22999954,16.03999901,15.84999943,17,16.72999954,16.71999931,16.60000038,16.42000008,17.52999878,17.29999924,17.13999939,17.28999901,17.07999992
1992/11/1,14.88000011,14.57999992,14.44999981,14.38000011,14.38999939,15.34999943,14.81999969,14.55999947,14.59999943,14.48999977,15.81999969,15.28999996,15.13000011,15.13999939,14.97999954,16.34000015,15.80999947,15.71999931,15.82999992,15.65999985,16.89999962,16.52999878,16.30999947,16.55999947,16.36999893
1992/11/8,14.07999992,13.32999992,12.71000004,12.57999992,12.69999981,14.46999931,13.25,12.72999954,12.82999992,12.84999943,14.89999962,13.64999962,13.2699995,13.38999939,13.35999966,15.42000008,14.22999954,13.88000011,14.10999966,14.04999924,16.02999878,15.18999958,14.59999943,14.88999939,14.78999996
1992/11/15,13.71999931,12.38999939,11.23999977,11.10999966,11.21000004,14.02999973,11.96000004,11.07999992,11.21000004,11.32999992,14.46000004,12.38999939,11.73999977,11.90999985,11.97999954,15.0199995,13.09999943,12.48999977,12.81999969,12.84999943,15.67000008,14.34999943,13.40999985,13.77999973,13.72999954
1992/11/22,13.13999939,10.78999996,8.699999809,8.449999809,8.670000076,13.32999992,9.789999962,8.279999733,9,9.25,13.75,10.28999996,9.199999809,9.920000076,10.13000011,14.38999939,11.25,10.25,11.07999992,11.25,15.17000008,13.05999947,11.67000008,12.27999973,12.32999992
1992/11/29,12.68999958,10.31999969,8.170000076,7.819999695,8,12.86999989,9.329999924,7.829999924,8.349999428,8.63999939,13.29999924,9.849999428,8.789999962,9.429999352,9.670000076,13.90999985,10.82999992,9.829999924,10.69999981,10.90999985,14.68999958,12.59999943,11.31999969,12.0199995,12.02999973
1992/12/6,12.44999981,10.02999973,7.849999905,7.5,7.699999809,12.64999962,9.029999733,7.509999752,7.819999695,8.069999695,13.03999996,9.510000229,8.409999847,8.909999847,9.119999886,13.64999962,10.43999958,9.409999847,10.17999935,10.35999966,14.40999985,12.19999981,10.84999943,11.52999973,11.48999977
1992/12/13,12.09999943,9.260000229,6.829999924,6.619999886,6.869999886,12.21000004,7.960000038,6.239999771,6.949999809,7.289999962,12.56999969,8.319999695,7,7.829999924,8.130000114,13.18999958,9.199999809,7.849999905,8.949999809,9.210000038,13.96999931,11.19999981,9.449999809,10.13000011,10.17999935
1992/12/20,12.02999973,8.659999847,5.659999847,5.289999962,5.619999886,12.09999943,7.049999714,5.009999752,5.829999924,6.329999924,12.44999981,7.419999599,5.849999905,6.829999924,7.289999962,13.10999966,8.429999352,6.839999676,8.039999962,8.449999809,13.96999931,10.73999977,8.630000114,9.369999886,9.5
1992/12/27,11.73999977,7.989999771,4.789999962,4.659999847,4.96999979,11.73999977,6.079999924,3.819999933,4.809999943,5.429999828,12.05999947,6.409999847,4.630000114,5.779999733,6.369999886,12.73999977,7.449999809,5.619999886,7,7.529999733,13.64999962,10.02999973,7.619999886,8.420000076,8.599999428
1993/1/3,11.36999989,7.079999924,3.529999971,3.699999809,4.099999905,11.2699995,4.75,2.099999905,3.449999809,4.339999676,11.55999947,5.009999752,2.909999847,4.429999828,5.349999905,12.27999973,6.139999866,3.99000001,5.779999733,6.619999886,13.28999996,9.159999847,6.420000076,7.409999847,7.839999676
1993/1/10,11.18999958,6.259999752,1.969999909,1.74000001,2.119999886,11.02999973,3.659999847,0.699999988,1.829999924,2.779999971,11.28999996,3.899999857,1.549999952,2.869999886,3.889999866,12.02999973,5.099999905,2.659999847,4.339999676,5.289999962,13.10999966,8.369999886,5.179999828,6.199999809,6.659999847
1993/1/17,10.84999943,6.029999733,1.719999909,1.220000029,1.50999999,10.69999981,3.589999914,0.75,1.719999909,2.619999886,10.98999977,3.869999886,1.620000005,2.839999914,3.839999914,11.71000004,5.049999714,2.74000001,4.349999905,5.289999962,12.73999977,8.179999352,5.199999809,6.239999771,6.659999847
1993/1/24,10.96000004,6.039999962,1.659999967,1.019999981,1.319999933,10.82999992,3.629999876,0.789999962,1.829999924,2.659999847,11.11999989,3.889999866,1.639999986,3.00999999,3.970000029,11.84999943,5.049999714,2.700000048,4.589999676,5.489999771,12.86999989,8.210000038,5.319999695,6.5,6.879999638
1993/1/31,10.80999947,5.849999905,1.49000001,0.849999964,1.069999933,10.65999985,3.449999809,0.629999995,1.579999924,2.389999866,10.93999958,3.619999886,1.350000024,2.74000001,3.679999828,11.63999939,4.71999979,2.299999952,4.21999979,5.099999905,12.65999985,7.869999886,4.920000076,6.079999924,6.429999828
1993/2/7,10.65999985,5.710000038,1.220000029,0.389999986,0.569999993,10.53999996,3.319999933,0.519999981,1.24000001,2.029999971,10.78999996,3.49000001,1.24000001,2.409999847,3.359999895,11.48999977,4.589999676,2.159999847,3.899999857,4.799999714,12.48999977,7.699999809,4.679999828,5.799999714,6.170000076
1993/2/14,10.98999977,5.920000076,1.189999938,0.189999998,0.340000004,10.84999943,3.470000029,0.620000005,0.839999974,1.579999924,11.09999943,3.589999914,1.25999999,2.049999952,2.950000048,11.78999996,4.639999866,2.079999924,3.569999933,4.429999828,12.82999992,7.819999695,4.539999962,5.509999752,5.869999886
1993/2/21,11.11999989,6.089999676,1.319999933,0.229999989,0.289999992,10.96000004,3.629999876,0.799999952,1.049999952,1.699999928,11.19999981,3.659999847,1.309999943,2.159999847,2.99000001,11.88999939,4.619999886,1.969999909,3.569999933,4.429999828,12.90999985,7.829999924,4.440000057,5.429999828,5.849999905
1993/2/28,11.23999977,6.429999828,1.870000005,0.889999986,1.029999971,11.07999992,4.009999752,1.299999952,1.75999999,2.25999999,11.30999947,3.99000001,1.699999928,2.700000048,3.389999866,11.97999954,4.880000114,2.24000001,3.929999828,4.659999847,12.98999977,8.039999962,4.71999979,5.670000076,5.949999809
1993/3/7,11.46000004,6.710000038,2.200000048,1.299999952,1.449999928,11.30999947,4.259999752,1.559999943,2.389999866,2.970000029,11.52999973,4.210000038,1.889999986,3.299999952,4.009999752,12.19999981,5.049999714,2.389999866,4.420000076,5.159999847,13.21999931,8.260000229,4.96999979,6.039999962,6.329999924
1993/3/14,11.53999996,6.789999962,2.369999886,1.529999971,1.719999909,11.36999989,4.339999676,1.659999967,2.50999999,3.129999876,11.57999992,4.25,1.929999948,3.319999933,4.089999676,12.25,5.059999943,2.389999866,4.299999714,5.089999676,13.2699995,8.260000229,4.909999847,5.869999886,6.139999866
1993/3/21,11.82999992,7.129999638,2.75999999,2.079999924,2.329999924,11.67000008,4.639999866,1.909999967,3.00999999,3.720000029,11.89999962,4.549999714,2.220000029,3.779999971,4.630000114,12.57999992,5.389999866,2.679999828,4.710000038,5.539999962,13.63000011,8.659999847,5.289999962,6.279999733,6.579999924
1993/3/28,12.31999969,7.829999924,3.649999857,2.869999886,3.089999914,12.19999981,5.529999733,2.970000029,3.799999952,4.460000038,12.42000008,5.409999847,3.179999828,4.46999979,5.25,13.07999992,6.159999847,3.529999971,5.279999733,6,14.10999966,9.260000229,5.929999828,6.789999962,6.960000038
1993/4/4,12.30999947,8.170000076,4.339999676,3.629999876,3.779999971,12.22999954,6.089999676,3.779999971,4.230000019,4.839999676,12.44999981,5.949999809,3.899999857,4.829999924,5.539999962,13.07999992,6.589999676,4.130000114,5.539999962,6.210000038,14.04999924,9.469999313,6.289999962,7,7.159999847
1993/4/11,12.43999958,8.429999352,4.759999752,4.049999714,4.190000057,12.36999989,6.449999809,4.21999979,4.75,5.289999962,12.61999989,6.289999962,4.309999943,5.239999771,5.869999886,13.22999954,6.920000076,4.519999981,5.869999886,6.460000038,14.18999958,9.75,6.619999886,7.25,7.349999905
1993/4/18,12.86999989,9.409999847,6.25,5.639999866,5.819999695,12.88999939,7.75,5.799999714,6.259999752,6.789999962,13.15999985,7.669999599,5.960000038,6.789999962,7.409999847,13.75,8.279999733,6.210000038,7.449999809,8.010000229,14.63999939,10.78999996,8.170000076,8.829999924,8.949999809
1993/4/25,13.55999947,9.840000153,6.349999905,5.5,5.619999886,13.56999969,8.119999886,6.099999905,5.889999866,6.379999638,13.84999943,8.029999733,6.210000038,6.409999847,6.989999771,14.46999931,8.619999886,6.429999828,7.119999886,7.659999847,15.38999939,11.23999977,8.239999771,8.630000114,8.760000229
1993/5/2,14.21999931,10.78999996,7.619999886,6.849999905,7,14.27999973,9.220000267,7.329999924,8,8.449999809,14.56999969,9.199999809,7.539999962,8.460000038,9,15.19999981,9.829999924,7.829999924,9.119999886,9.630000114,16.10000038,12.31999969,9.75,10.43999958,10.61999989
1993/5/9,15.02999973,11.7699995,8.829999924,8.159999847,8.279999733,15.13999939,10.31999969,8.539999962,9.170000076,9.679999352,15.46999931,10.27999973,8.659999847,9.63999939,10.23999977,16.12999916,10.86999989,8.909999847,10.19999981,10.78999996,17.04999924,13.30999947,10.78999996,11.40999985,11.63999939
1993/5/16,15.85999966,13.30999947,11.13999939,10.64999962,10.77999973,16.07999992,12.28999996,10.92000008,11.48999977,11.98999977,16.45999908,12.32999992,11.07999992,11.92000008,12.48999977,17.09000015,12.84999943,11.28999996,12.36999989,12.89999962,17.94000053,14.88000011,12.82999992,13.38999939,13.53999996
1993/5/23,16.40999985,14.46999931,12.90999985,12.71000004,12.7699995,16.68000031,13.68999958,12.61999989,13.13999939,13.59999943,17.05999947,13.68999958,12.63999939,13.55999947,14.10999966,17.64999962,14.10999966,12.73999977,13.98999977,14.48999977,18.44999886,15.93999958,14.28999996,14.92000008,15.04999924
1993/5/30,17.02999878,15.79999924,14.82999992,14.64999962,14.56999969,17.3599987,15.38999939,14.71999931,15.22999954,15.54999924,17.73999977,15.35999966,14.61999989,15.54999924,15.96999931,18.27000046,15.60999966,14.53999996,15.89999962,16.29999924,18.97999954,17.1099987,15.97999954,16.71999931,16.75
1993/6/6,17.09000015,16.06999969,15.38000011,15.38999939,15.39999962,17.45999908,15.77999973,15.21000004,15.46999931,15.79999924,17.8599987,15.79999924,15.13999939,15.72999954,16.18000031,18.39999962,16.09000015,15.15999985,16.05999947,16.48999977,19.10000038,17.45999908,16.37999916,16.92000008,16.94999886
1993/6/13,17.65999985,17.53999901,17.77999878,18.02999878,18.1099987,18.13999939,17.77000046,17.72999954,17.81999969,18.07999992,18.57999992,17.79999924,17.56999969,17.79999924,18.14999962,19.06999969,17.92000008,17.44000053,17.87999916,18.21999931,19.64999962,18.71999931,18.14999962,18.45999908,18.44999886
1993/6/20,18.92000008,18.88999939,19.18000031,19.3599987,19.42000008,19.38999939,19.18000031,19.21999931,19.06999969,19.36999893,19.80999947,19.14999962,18.95999908,18.90999985,19.27999878,20.23999977,19.15999985,18.69000053,18.84000015,19.19999886,20.77000046,19.79999924,19.07999992,19.12999916,19.25
1993/6/27,18.51000023,19.19999886,20.10000038,20.30999947,20.34000015,19.05999947,19.87999916,20.31999969,20.18000031,20.45999908,19.5,19.8599987,19.98999977,19.93999863,20.29999924,19.88999939,19.77999878,19.64999962,19.77000046,20.12999916,20.32999992,20.02000046,19.79999924,19.85000038,20.05999947
1993/7/4,18.68000031,19.57999992,20.67000008,20.76000023,20.80999947,19.29999924,20.51000023,21.09000015,20.92000008,21.10000038,19.78999901,20.61999893,20.89999962,20.8599987,21.11999893,20.20999908,20.6099987,20.72999954,20.82999992,21.10000038,20.62999916,20.68000031,20.82999992,20.95999908,21.12999916
1993/7/11,19.23999977,20.62999916,22.18000031,22.38999939,22.36999893,19.92000008,21.80999947,22.63999939,22.57999992,22.61999893,20.43000031,21.95999908,22.46999931,22.47999954,22.57999992,20.81999969,21.89999962,22.28999901,22.3599987,22.47999954,21.18000031,21.68000031,22.20999908,22.32999992,22.38999939
1993/7/18,19.85000038,20.95999908,22.31999969,22.6099987,22.64999962,20.48999977,21.97999954,22.61999893,22.6099987,22.6099987,20.98999977,22.21999931,22.63999939,22.67000008,22.71999931,21.38999939,22.31999969,22.69999886,22.75,22.81999969,21.77999878,22.26999855,22.78999901,22.90999985,22.95999908
1993/7/25,20.36999893,21.60000038,22.96999931,23.15999985,23.06999969,21.01000023,22.69999886,23.42000008,22.86999893,22.72999954,21.5,22.90999985,23.36999893,22.8599987,22.75,21.88999939,22.93999863,23.34000015,22.93999863,22.85000038,22.25,22.80999947,23.22999954,23.18999863,23.09000015
1993/8/1,20.38999939,22.1099987,23.96999931,24.25,24.14999962,21.10000038,23.51999855,24.51000023,24.01999855,23.76000023,21.62999916,23.81999969,24.52999878,24.09000015,23.84000015,22,23.84000015,24.53999901,24.28999901,24.07999992,22.32999992,23.5,24.47999954,24.6099987,24.47999954
1993/8/8,20.70999908,22.5,24.48999977,24.94999886,24.81999969,21.42000008,23.8599987,24.85000038,24.78999901,24.47999954,21.93999863,24.13999939,24.85000038,24.73999977,24.43999863,22.31999969,24.14999962,24.82999992,24.77999878,24.53999901,22.63999939,23.80999947,24.75,24.88999939,24.75
1993/8/15,20.48999977,22.5,24.71999931,25.27999878,25.20999908,21.22999954,23.93000031,25.02999878,25.23999977,25.02999878,21.75,24.15999985,24.93000031,25.09000015,24.86999893,22.1099987,24.10000038,24.81999969,24.95999908,24.79999924,22.42000008,23.68000031,24.68000031,24.84000015,24.76999855
1993/8/22,20.32999992,22.35000038,24.52999878,25.05999947,24.93999863,21.05999947,23.76000023,24.85000038,25.05999947,24.82999992,21.59000015,24.01000023,24.77999878,25.03999901,24.78999901,21.95999908,23.97999954,24.69999886,24.97999954,24.79999924,22.28999901,23.59000015,24.64999962,24.88999939,24.77999878
1993/8/29,20.18000031,22.31999969,24.68999863,25.26000023,25.09000015,20.93000031,23.8599987,25.03999901,25.14999962,24.87999916,21.46999931,24.17000008,25.03999901,25.22999954,24.96999931,21.82999992,24.14999962,25.01999855,25.26999855,25.07999992,22.11999893,23.64999962,24.97999954,25.27999878,25.13999939
1993/9/5,20.26000023,22.55999947,25.04999924,25.59000015,25.30999947,21.02999878,24.20999908,25.5,25.51000023,25.02999878,21.55999947,24.52999878,25.48999977,25.57999992,25.11999893,21.89999962,24.46999931,25.43999863,25.61999893,25.21999931,22.14999962,23.8599987,25.35000038,25.63999939,25.26999855
1993/9/12,20.20999908,22.11999893,24.11999893,24.42000008,24.18999863,20.94999886,23.57999992,24.6099987,24.63999939,24.14999962,21.48999977,24.01000023,24.81999969,24.94999886,24.47999954,21.87999916,24.13999939,25.01999855,25.26000023,24.85000038,22.18999863,23.75,25.15999985,25.55999947,25.18000031
1993/9/19,19.81999969,21.01000023,22.22999954,22.35000038,22.20999908,20.45999908,22.04999924,22.62999916,22.67000008,22.28999901,20.97999954,22.51999855,23,23.18999863,22.80999947,21.42000008,22.84000015,23.42000008,23.76999855,23.44999886,21.82999992,22.88999939,23.89999962,24.39999962,24.06999969
1993/9/26,19.51000023,20.18000031,20.90999985,20.93999863,20.76000023,20.06999969,20.93000031,21.25,20.97999954,20.62999916,20.54999924,21.29999924,21.53999901,21.46999931,21.12999916,20.98999977,21.61999893,21.88999939,22.10000038,21.82999992,21.43000031,21.92000008,22.45999908,22.89999962,22.60000038
1993/10/3,18.28999901,18.94999886,19.73999977,19.85000038,19.70999908,18.84000015,19.68999863,20.02999878,19.73999977,19.37999916,19.29999924,20.02999878,20.26000023,20.12999916,19.77999878,19.72999954,20.30999947,20.56999969,20.73999977,20.44999886,20.17000008,20.62999916,21.14999962,21.57999992,21.27000046
1993/10/10,17.13999939,17.77000046,18.59000015,18.75,18.64999962,17.70999908,18.5,18.84000015,18.62999916,18.34000015,18.19999886,18.75,18.93000031,18.89999962,18.60000038,18.64999962,18.96999931,19.07999992,19.40999985,19.18999863,19.13999939,19.39999962,19.76000023,20.18999863,19.94999886
1993/10/17,16.69000053,17.12999916,17.75,17.82999992,17.65999985,17.23999977,17.76000023,18,17.87999916,17.53999901,17.72999954,18.02000046,18.11999893,18.17000008,17.82999992,18.19999886,18.26000023,18.28999901,18.69000053,18.43000031,18.70999908,18.76000023,19.02000046,19.5,19.18999863
1993/10/24,16.02999878,16.26000023,16.69000053,16.71999931,16.56999969,16.54999924,16.78999901,16.93000031,16.80999947,16.54999924,17.02000046,17,17.01000023,17.07999992,16.84000015,17.47999954,17.22999954,17.13999939,17.56999969,17.40999985,18,17.80999947,17.89999962,18.3599987,18.13999939
1993/10/31,15.46999931,15.35999966,15.42000008,15.38000011,15.23999977,15.94999981,15.65999985,15.61999989,15.46999931,15.21000004,16.38999939,15.82999992,15.67000008,15.71999931,15.46999931,16.8599987,16.09000015,15.79999924,16.17000008,16.01000023,17.39999962,16.81999969,16.56999969,16.96999931,16.72999954
1993/11/7,15.06999969,14.5199995,14.13999939,13.93999958,13.80999947,15.47999954,14.61999989,14.34999943,13.98999977,13.72999954,15.89999962,14.73999977,14.38999939,14.21999931,13.97999954,16.38999939,15.02999973,14.5199995,14.65999985,14.5199995,16.97999954,15.96000004,15.25,15.47999954,15.2699995
1993/11/14,14.82999992,13.93999958,13.18999958,12.92000008,12.82999992,15.19999981,13.78999996,13.29999924,13.13999939,12.88999939,15.59999943,13.89999962,13.38000011,13.39999962,13.18999958,16.10000038,14.22999954,13.52999973,13.89999962,13.77999973,16.72999954,15.38999939,14.46999931,14.77999973,14.59999943
1993/11/21,14.07999992,12.94999981,11.96000004,11.65999985,11.55999947,14.39999962,12.65999985,12.05999947,11.73999977,11.55999947,14.77999973,12.73999977,12.10999966,12.02999973,11.88999939,15.2699995,13.05999947,12.22999954,12.52999973,12.47999954,15.88999939,14.23999977,13.14999962,13.44999981,13.32999992
1993/11/28,13.71000004,11.77999973,10.11999989,9.849999428,9.829999924,13.90999985,10.98999977,9.909999847,9.989999771,9.829999924,14.25,11.02999973,10.01000023,10.25,10.15999985,14.79999924,11.47999954,10.21999931,10.78999996,10.77999973,15.5199995,13.14999962,11.43999958,11.73999977,11.69999981
1993/12/5,13.05999947,10.82999992,8.849999428,8.449999809,8.409999847,13.22999954,9.909999847,8.659999847,8.670000076,8.579999924,13.55999947,9.989999771,8.869999886,9.039999962,9,14.10999966,10.5,9.170000076,9.679999352,9.719999313,14.84999943,12.2699995,10.44999981,10.78999996,10.75
1993/12/12,12.52999973,9.909999847,7.699999809,7.539999962,7.579999924,12.63999939,8.630000114,7.119999886,7.779999733,7.799999714,12.93999958,8.659999847,7.299999714,8.099999428,8.179999352,13.48999977,9.220000267,7.619999886,8.679999352,8.840000153,14.29999924,11.28999996,9.170000076,9.710000038,9.789999962
1993/12/19,11.55999947,8.010000229,4.920000076,4.589999676,4.759999752,11.56999969,6.259999752,4.190000057,5.009999752,5.289999962,11.85999966,6.409999847,4.690000057,5.699999809,6.029999733,12.47999954,7.259999752,5.409999847,6.659999847,7.049999714,13.35999966,9.739999771,7.339999676,8.090000153,8.289999962
1993/12/26,11.17000008,7.349999905,3.99000001,3.529999971,3.659999847,11.15999985,5.529999733,3.339999914,4.089999676,4.5,11.44999981,5.710000038,3.909999847,4.960000038,5.449999809,12.07999992,6.579999924,4.670000076,6.079999924,6.619999886,12.93999958,9.069999695,6.679999828,7.619999886,7.889999866
1994/1/2,11.30999947,6.75,2.609999895,1.870000005,2.049999952,11.21000004,4.559999943,1.929999948,2.679999828,3.109999895,11.5,4.799999714,2.720000029,3.74000001,4.259999752,12.19999981,5.869999886,3.659999847,5.059999943,5.589999676,13.13999939,8.619999886,5.779999733,6.739999771,6.920000076
1994/1/9,11.48999977,6.329999924,1.579999924,0.709999979,0.98999995,11.36999989,3.839999914,0.829999983,1.599999905,2.220000029,11.67000008,4.190000057,1.870000005,2.99000001,3.679999828,12.43999958,5.460000038,3.089999914,4.639999866,5.329999924,13.46999931,8.569999695,5.5,6.569999695,6.909999847
1994/1/16,11.38999939,6.25,1.50999999,0.579999983,0.859999955,11.23999977,3.75999999,0.839999974,1.49000001,2.220000029,11.5199995,3.949999809,1.620000005,2.700000048,3.549999952,12.22999954,5.039999962,2.50999999,4.139999866,5,13.21999931,8.039999962,4.789999962,5.829999924,6.299999714
1994/1/23,11.42000008,6.199999809,1.370000005,0.349999994,0.519999981,11.28999996,3.720000029,0.769999981,1.299999952,1.929999948,11.57999992,3.949999809,1.599999905,2.629999876,3.389999866,12.30999947,5.089999676,2.609999895,4.190000057,4.96999979,13.29999924,8.079999924,4.909999847,6,6.349999905
1994/1/30,11.43999958,6.119999886,1.199999928,0.149999991,0.299999982,11.28999996,3.609999895,0.620000005,1.059999943,1.679999948,11.56999969,3.779999971,1.389999986,2.329999924,3.099999905,12.27999973,4.880000114,2.299999952,3.839999914,4.619999886,13.27999973,7.869999886,4.539999962,5.569999695,5.929999828
1994/2/6,11.48999977,6.210000038,1.329999924,0.219999999,0.340000004,11.36999989,3.75999999,0.819999993,1.079999924,1.699999928,11.65999985,3.99000001,1.620000005,2.389999866,3.149999857,12.36999989,5.099999905,2.609999895,3.970000029,4.759999752,13.35999966,8.039999962,4.789999962,5.789999962,6.199999809
1994/2/13,11.60999966,6.210000038,1.129999995,-0.02,0.02,11.44999981,3.659999847,0.659999967,0.769999981,1.309999943,11.69999981,3.75999999,1.279999971,2.00999999,2.700000048,12.42000008,4.789999962,2.099999905,3.50999999,4.259999752,13.42000008,7.839999676,4.299999714,5.21999979,5.619999886
1994/2/20,11.86999989,6.460000038,1.350000024,0.170000002,0.219999999,11.69999981,3.879999876,0.870000005,0.959999979,1.469999909,11.94999981,3.909999847,1.409999967,2.139999866,2.839999914,12.65999985,4.909999847,2.139999866,3.589999914,4.339999676,13.69999981,8.039999962,4.369999886,5.239999771,5.670000076
1994/2/27,11.44999981,6.429999828,1.620000005,0.25999999,0.129999995,11.31999969,4.130000114,1.389999986,1.329999924,1.620000005,11.56999969,4.190000057,1.909999967,2.619999886,3.099999905,12.23999977,5.099999905,2.549999952,4.079999924,4.659999847,13.21000004,8.039999962,4.769999981,5.71999979,6
1994/3/6,11.61999989,6.549999714,1.599999905,0.219999999,0.189999998,11.48999977,4.179999828,1.370000005,1.25999999,1.579999924,11.73999977,4.21999979,1.870000005,2.49000001,3.00999999,12.42000008,5.139999866,2.50999999,3.889999866,4.519999981,13.40999985,8.130000114,4.679999828,5.529999733,5.869999886
1994/3/13,11.36999989,6.46999979,1.779999971,0.48999998,0.409999996,11.25,4.21999979,1.559999943,1.429999948,1.679999948,11.48999977,4.210000038,1.949999928,2.579999924,3.029999971,12.14999962,5.039999962,2.470000029,3.879999876,4.460000038,13.10999966,7.960000038,4.639999866,5.46999979,5.759999752
1994/3/20,11.89999962,7.159999847,2.659999847,1.389999986,1.370000005,11.81999969,5.019999981,2.470000029,2.369999886,2.609999895,12.07999992,5.049999714,2.889999866,3.50999999,3.929999828,12.73999977,5.849999905,3.389999866,4.759999752,5.299999714,13.68999958,8.720000267,5.529999733,6.329999924,6.579999924
1994/3/27,12.28999996,7.909999847,3.779999971,2.649999857,2.619999886,12.23999977,5.949999809,3.609999895,3.429999828,3.659999847,12.5,5.920000076,3.889999866,4.339999676,4.759999752,13.14999962,6.619999886,4.25,5.380000114,5.920000076,14.06999969,9.329999924,6.170000076,6.819999695,7.039999962
1994/4/3,13.09999943,8.789999962,4.659999847,3.50999999,3.50999999,13.06999969,6.829999924,4.46999979,4.259999752,4.46999979,13.32999992,6.789999962,4.759999752,5.159999847,5.539999962,13.98999977,7.489999771,5.089999676,6.179999828,6.670000076,14.94999981,10.21999931,7.009999752,7.619999886,7.849999905
1994/4/10,13.5199995,9.199999809,5,3.74000001,3.609999895,13.47999954,7.25,4.940000057,4.389999866,4.369999886,13.75,7.119999886,5.079999924,5.079999924,5.179999828,14.39999962,7.75,5.25,5.909999847,6.119999886,15.36999989,10.47999954,6.929999828,7.239999771,7.199999809
1994/4/17,14.38000011,10.69999981,7.210000038,6.319999695,6.25,14.42000008,9,6.989999771,7.239999771,7.119999886,14.71999931,8.929999352,7.139999866,7.710000038,7.710000038,15.36999989,9.489999771,7.279999733,8.260000229,8.349999428,16.28999901,11.94999981,8.840000153,9.239999771,9.119999886
1994/4/24,15.13999939,11.65999985,8.329999924,7.449999809,7.369999886,15.25,10.11999989,8.159999847,8.300000191,8.279999733,15.60999966,10.15999985,8.460000038,9.119999886,9.170000076,16.27999878,10.82999992,8.800000191,9.989999771,10.09999943,17.22999954,13.32999992,10.61999989,11.21000004,11.13999939
1994/5/1,15.75,12.77999973,9.909999847,9.090000153,9.010000229,15.89999962,11.48999977,9.840000153,9.670000076,9.550000191,16.25,11.43999958,9.920000076,10.19999981,10.13999939,16.88999939,11.94999981,10.07999992,10.82999992,10.86999989,17.79999924,14.2699995,11.63999939,11.96000004,11.75
1994/5/8,15.80999947,13.09999943,10.23999977,9.010000229,8.909999847,16.02000046,12.06999969,10.60999966,9.969999313,9.829999924,16.38999939,12.09999943,10.75,10.61999989,10.53999996,17.02000046,12.63999939,10.94999981,11.39999962,11.38999939,17.90999985,14.78999996,12.42000008,12.69999981,12.44999981
1994/5/15,16.3599987,14.13000011,11.73999977,10.61999989,10.48999977,16.61999893,13.38000011,12.19999981,11.43999958,11.10999966,17.01000023,13.36999989,12.22999954,11.88999939,11.61999989,17.61999893,13.7699995,12.25,12.42000008,12.23999977,18.45999908,15.69999981,13.44999981,13.48999977,13.10999966
1994/5/22,16.67000008,14.36999989,11.90999985,10.81999969,10.78999996,16.94999886,13.55999947,12.2699995,11.81999969,11.57999992,17.37999916,13.72999954,12.59999943,12.56999969,12.36999989,18.02999878,14.32999992,12.93999958,13.30999947,13.18999958,18.92000008,16.34000015,14.27999973,14.47999954,14.18999958
1994/5/29,17.19000053,15.67000008,14.21999931,13.63999939,13.59999943,17.52000046,15.21999931,14.38999939,14.22999954,14.04999924,17.93000031,15.29999924,14.47999954,14.69999981,14.53999996,18.5,15.68999958,14.56999969,15.15999985,15.04999924,19.27000046,17.32999992,15.79999924,16.05999947,15.77999973
1994/6/5,17.71999931,17.36999893,17.01000023,16.73999977,16.67000008,18.15999985,17.46999931,17.26000023,17.14999962,17.03999901,18.57999992,17.52000046,17.19000053,17.44999886,17.3599987,19.07999992,17.68000031,17.03999901,17.65999985,17.62999916,19.70999908,18.72999954,17.94000053,18.23999977,18.02000046
1994/6/12,18.31999969,19.45999908,20.67000008,20.71999931,20.63999939,18.95999908,20.44999886,21.12999916,21.1099987,20.95999908,19.43999863,20.53999901,20.90999985,21.18000031,21.04999924,19.84000015,20.43000031,20.52999878,21.05999947,20.96999931,20.27999878,20.60000038,20.92000008,21.20999908,20.90999985
1994/6/19,18.81999969,20,21.26000023,21.38999939,21.30999947,19.45999908,21,21.65999985,21.78999901,21.56999969,19.95999908,21.14999962,21.53999901,21.95999908,21.75,20.37999916,21.14999962,21.3599987,22.01000023,21.80999947,20.84000015,21.3599987,21.89999962,22.29999924,21.89999962
1994/6/26,19.30999947,19.86999893,20.29999924,19.98999977,19.93999863,19.89999962,20.59000015,20.8599987,20.67000008,20.39999962,20.40999985,20.89999962,21.03999901,21.10000038,20.81999969,20.89999962,21.19999886,21.27999878,21.56999969,21.29999924,21.45999908,21.79999924,22.07999992,22.40999985,21.93000031
1994/7/3,19.62999916,20.62999916,21.18999863,20.36999893,20.30999947,20.27000046,21.70999908,22.28999901,22.04999924,21.87999916,20.79999924,21.97999954,22.35000038,22.42000008,22.26000023,21.26000023,22.13999939,22.37999916,22.78999901,22.64999962,21.77999878,22.59000015,23.15999985,23.54999924,23.23999977
1994/7/10,19.86999893,21.03999901,21.95999908,21.5,21.31999969,20.51000023,22.14999962,22.86999893,22.23999977,22.13999939,20.98999977,22.30999947,22.70999908,22.63999939,22.6099987,21.40999985,22.35000038,22.59000015,23.01999855,23.07999992,21.89999962,22.76000023,23.43999863,23.93999863,23.88999939
1994/7/17,20.56999969,22.21999931,23.71999931,23.56999969,23.56999969,21.26000023,23.54999924,24.51999855,24.02999878,24.03999901,21.76000023,23.67000008,24.26999855,24.25,24.39999962,22.14999962,23.60000038,24,24.45999908,24.75,22.57999992,23.76999855,24.70999908,25.19999886,25.40999985
1994/7/24,21.18999863,24.18000031,26.8599987,26.76000023,26.59000015,22.03999901,26.28999901,28.01000023,27.48999977,27.32999992,22.57999992,26.51999855,27.76999855,27.76000023,27.71999931,22.88999939,26.25,27.3599987,27.86999893,27.97999954,23.14999962,25.65999985,27.69999886,28.32999992,28.38999939
1994/7/31,20.68000031,23.89999962,27,27.20999908,27.09000015,21.55999947,26.13999939,28.01000023,27.53999901,27.38999939,22.1099987,26.34999847,27.68999863,27.6099987,27.6099987,22.39999962,26.05999947,27.30999947,27.59999847,27.76999855,22.62999916,25.31999969,27.47999954,27.98999977,28.12999916
1994/8/7,20.18000031,23.47999954,26.68999863,26.92000008,26.77999878,21.06999969,25.78999901,27.71999931,27.21999931,27.03999901,21.61999893,26.02999878,27.43000031,27.21999931,27.18000031,21.89999962,25.75,27.09999847,27.18999863,27.30999947,22.09000015,24.84000015,27.07999992,27.52999878,27.63999939
1994/8/14,20,22.78999901,25.5,25.63999939,25.48999977,20.82999992,24.80999947,26.44999886,25.89999962,25.64999962,21.36999893,25.02999878,26.19999886,25.84999847,25.70999908,21.67000008,24.84000015,25.94999886,25.79999924,25.80999947,21.92000008,24.14999962,25.84999847,26.04999924,26.07999992
1994/8/21,20.1099987,22.8599987,25.51000023,25.63999939,25.48999977,20.93999863,24.84000015,26.44999886,25.84999847,25.51000023,21.47999954,25.05999947,26.20999908,25.73999977,25.48999977,21.78999901,24.84000015,25.89999962,25.6099987,25.5,22.03999901,24.13999939,25.63999939,25.69999886,25.65999985
1994/8/28,20.18000031,22.72999954,25.19999886,25.40999985,25.32999992,20.98999977,24.56999969,25.98999977,25.43999863,25.13999939,21.53999901,24.89999962,25.95999908,25.47999954,25.23999977,21.89999962,24.8599987,25.93000031,25.56999969,25.44999886,22.19999886,24.32999992,25.81999969,25.87999916,25.8599987
1994/9/4,20.30999947,22.6099987,24.84000015,25.03999901,24.90999985,21.07999992,24.30999947,25.56999969,25.01000023,24.67000008,21.63999939,24.68999863,25.63999939,25.11999893,24.82999992,22.02000046,24.71999931,25.69999886,25.34000015,25.15999985,22.35000038,24.32999992,25.68999863,25.77999878,25.72999954
1994/9/11,19.52999878,21.51000023,23.43000031,23.54999924,23.43999863,20.26000023,23.02999878,24.1099987,23.68999863,23.35000038,20.78999901,23.37999916,24.19999886,23.84000015,23.51000023,21.15999985,23.45999908,24.28999901,24.09000015,23.86999893,21.51000023,23.18999863,24.37999916,24.52999878,24.43000031
1994/9/18,19.03999901,20.67000008,22.29999924,22.40999985,22.3599987,19.70999908,21.97999954,22.88999939,22.57999992,22.32999992,20.20999908,22.29999924,22.95999908,22.71999931,22.46999931,20.59000015,22.37999916,23.02999878,22.95999908,22.79999924,20.94999886,22.25,23.19999886,23.37999916,23.31999969
1994/9/25,18.60000038,19.65999985,20.72999954,20.73999977,20.70999908,19.18999863,20.63999939,21.20999908,20.96999931,20.78999901,19.67000008,20.94999886,21.3599987,21.20999908,21.02000046,20.07999992,21.12999916,21.52999878,21.55999947,21.44999886,20.48999977,21.27000046,21.86999893,22.1099987,22.04999924
1994/10/2,18.18000031,19.03999901,19.92000008,19.92000008,19.92000008,18.76000023,19.88999939,20.34000015,20.19999886,20.06999969,19.23999977,20.17000008,20.45999908,20.42000008,20.27000046,19.65999985,20.35000038,20.59000015,20.73999977,20.62999916,20.1099987,20.60000038,20.98999977,21.23999977,21.14999962
1994/10/9,17.94999886,18.51000023,19.13999939,19.07999992,19.11999893,18.51000023,19.21999931,19.52000046,19.36999893,19.34000015,18.97999954,19.48999977,19.67000008,19.67000008,19.6099987,19.40999985,19.70999908,19.81999969,20.02999878,20.01000023,19.87999916,20.06999969,20.28999901,20.56999969,20.52999878
1994/10/16,17.32999992,17.35000038,17.47999954,17.44000053,17.56999969,17.80999947,17.69000053,17.65999985,17.6099987,17.72999954,18.26000023,17.89999962,17.78999901,17.86999893,17.98999977,18.72999954,18.17000008,17.95999908,18.22999954,18.37999916,19.26000023,18.81999969,18.52999878,18.80999947,18.88999939
1994/10/23,15.96999931,15.92000008,15.97999954,15.86999989,15.88999939,16.47999954,16.30999947,16.25,16.11999893,16.20999908,16.95999908,16.62999916,16.52999878,16.59000015,16.68000031,17.45999908,17,16.87999916,17.17000008,17.27000046,18,17.63999939,17.52000046,17.92000008,17.94000053
1994/10/30,15.43999958,15.36999989,15.38999939,15.21999931,15.21999931,15.93999958,15.73999977,15.67000008,15.5199995,15.56999969,16.40999985,16.09000015,15.98999977,16.06999969,16.14999962,16.89999962,16.46999931,16.36999893,16.71999931,16.80999947,17.43000031,17.06999969,17.02000046,17.47999954,17.47999954
1994/11/6,14.82999992,14.54999924,14.30999947,14.09999943,14.09999943,15.29999924,14.78999996,14.55999947,14.42000008,14.46999931,15.75,15.15999985,14.96999931,15.09999943,15.14999962,16.26000023,15.63000011,15.46000004,15.88000011,15.96000004,16.79999924,16.3599987,16.23999977,16.75,16.73999977
1994/11/13,14.54999924,13.38999939,12.32999992,12.02999973,12.21000004,14.89999962,13.09999943,12.32999992,12.40999985,12.61999989,15.34999943,13.46000004,12.85999966,13.13999939,13.38000011,15.89999962,14.07999992,13.47999954,14.04999924,14.29999924,16.56999969,15.30999947,14.54999924,15.04999924,15.19999981
1994/11/20,14.21999931,12.65999985,11.2699995,10.98999977,11.17000008,14.5199995,12.10999966,11.11999989,11.35999966,11.65999985,14.93999958,12.40999985,11.60999966,12.02999973,12.35999966,15.48999977,13.02999973,12.18999958,12.89999962,13.21999931,16.19999886,14.44999981,13.35999966,13.88999939,14.06999969
1994/11/27,13.86999989,11.88999939,10.03999996,9.670000076,9.829999924,14.10999966,11.07999992,9.829999924,10.15999985,10.48999977,14.5199995,11.46000004,10.5,11.05999947,11.42000008,15.11999989,12.23999977,11.2699995,12.14999962,12.5199995,15.85999966,13.86999989,12.65999985,13.36999989,13.57999992
1994/12/4,13.64999962,11.43999958,9.329999924,8.909999847,9.039999962,13.85999966,10.48999977,9.079999924,9.409999847,9.719999313,14.25,10.88999939,9.800000191,10.36999989,10.71000004,14.88000011,11.71000004,10.61999989,11.53999996,11.86999989,15.63999939,13.46999931,12.11999989,12.85999966,12.98999977
1994/12/11,13.27999973,10.21000004,7.379999638,6.949999809,7.089999676,13.38000011,8.779999733,6.909999847,7.329999924,7.710000038,13.73999977,9.079999924,7.589999676,8.289999962,8.699999809,14.39999962,10,8.460000038,9.529999733,9.949999809,15.27999973,12.23999977,10.23999977,11,11.19999981
1994/12/18,12.86999989,9.679999352,6.75,6.279999733,6.5,12.94999981,8.179999352,6.259999752,6.799999714,7.339999676,13.29999924,8.5,6.989999771,7.819999695,8.420000076,13.96999931,9.420000076,7.829999924,9.090000153,9.739999771,14.80999947,11.64999962,9.670000076,10.57999992,10.97999954
1994/12/25,12.17000008,8.5,5.139999866,4.509999752,4.690000057,12.21000004,6.819999695,4.639999866,5.139999866,5.679999828,12.56999969,7.179999828,5.5,6.299999714,6.929999828,13.22999954,8.220000267,6.539999962,7.75,8.409999847,14.09999943,10.53999996,8.420000076,9.409999847,9.760000229
1995/1/1,11.44999981,7.579999924,3.99000001,3.299999952,3.449999809,11.44999981,5.789999962,3.50999999,4.049999714,4.619999886,11.77999973,6.159999847,4.389999866,5.279999733,5.949999809,12.44999981,7.210000038,5.449999809,6.789999962,7.460000038,13.29999924,9.579999924,7.389999866,8.449999809,8.819999695
1995/1/8,10.92000008,6.579999924,2.50999999,1.679999948,1.799999952,10.86999989,4.539999962,2.00999999,2.529999971,3.129999876,11.18999958,4.920000076,2.950000048,3.929999828,4.659999847,11.86999989,6.069999695,4.119999886,5.629999638,6.369999886,12.7699995,8.619999886,6.25,7.419999599,7.869999886
1995/1/15,10.96000004,6.289999962,1.99000001,1.149999976,1.389999986,10.86999989,4.079999924,1.370000005,2.049999952,2.74000001,11.17000008,4.429999828,2.319999933,3.389999866,4.190000057,11.86999989,5.589999676,3.470000029,5.009999752,5.799999714,12.80999947,8.289999962,5.599999905,6.679999828,7.129999638
1995/1/22,11.15999985,6.279999733,1.75999999,0.919999957,1.169999957,11.05999947,3.929999828,1.100000024,1.74000001,2.50999999,11.34999943,4.21999979,1.99000001,3.069999933,3.949999809,12.05999947,5.369999886,3.089999914,4.679999828,5.539999962,13,8.159999847,5.259999752,6.369999886,6.849999905
1995/1/29,10.53999996,5.789999962,1.449999928,0.599999964,0.870000005,10.44999981,3.549999952,0.839999974,1.370000005,2.180000067,10.72999954,3.839999914,1.719999909,2.679999828,3.619999886,11.40999985,4.96999979,2.799999952,4.269999981,5.210000038,12.30999947,7.629999638,4.889999866,5.989999771,6.539999962
1995/2/5,10.23999977,5.659999847,1.449999928,0.550000012,0.810000002,10.15999985,3.549999952,0.939999998,1.389999986,2.200000048,10.44999981,3.889999866,1.849999905,2.779999971,3.699999809,11.10999966,5.009999752,2.970000029,4.429999828,5.349999905,11.98999977,7.589999676,5.059999943,6.170000076,6.699999809
1995/2/12,10.73999977,5.949999809,1.429999948,0.379999995,0.519999981,10.63999939,3.699999809,0.979999959,1.299999952,1.969999909,10.90999985,3.99000001,1.829999924,2.679999828,3.49000001,11.60999966,5.079999924,2.849999905,4.299999714,5.119999886,12.5199995,7.789999962,4.940000057,5.989999771,6.420000076
1995/2/19,10.53999996,5.989999771,1.620000005,0.519999981,0.689999998,10.44999981,3.859999895,1.25999999,1.549999952,2.220000029,10.72999954,4.119999886,2.049999952,2.929999828,3.74000001,11.38999939,5.139999866,2.99000001,4.480000019,5.319999695,12.27999973,7.789999962,5.089999676,6.119999886,6.569999695
1995/2/26,10.34999943,5.879999638,1.659999967,0.550000012,0.599999964,10.2699995,3.869999886,1.389999986,1.579999924,2.079999924,10.52999973,4.059999943,2.079999924,2.889999866,3.529999971,11.15999985,5.019999981,2.909999847,4.349999905,5.039999962,12.02999973,7.579999924,4.960000038,5.960000038,6.25
1995/3/5,10.97999954,6.670000076,2.629999876,1.559999943,1.639999986,10.92000008,4.75,2.369999886,2.50999999,3.00999999,11.19999981,4.929999828,2.99000001,3.75999999,4.429999828,11.82999992,5.829999924,3.74000001,5.159999847,5.839999676,12.69999981,8.340000153,5.739999771,6.679999828,7
1995/3/12,11.14999962,7.079999924,3.25999999,2.24000001,2.409999847,11.11999989,5.289999962,3.069999933,3.179999828,3.779999971,11.40999985,5.449999809,3.619999886,4.369999886,5.119999886,12.02999973,6.25,4.25,5.629999638,6.420000076,12.85999966,8.659999847,6.139999866,7.049999714,7.489999771
1995/3/19,11.19999981,7.170000076,3.359999895,2.220000029,2.319999933,11.19999981,5.46999979,3.279999971,3.220000029,3.659999847,11.48999977,5.710000038,3.929999828,4.509999752,5.079999924,12.11999989,6.589999676,4.690000057,5.879999638,6.5,12.96000004,8.989999771,6.589999676,7.460000038,7.71999979
1995/3/26,11.22999954,7.329999924,3.609999895,2.529999971,2.639999866,11.21000004,5.619999886,3.49000001,3.389999866,3.799999952,11.48999977,5.75,3.99000001,4.460000038,4.980000019,12.10999966,6.539999962,4.579999924,5.639999866,6.21999979,12.94999981,8.949999809,6.389999866,7.089999676,7.349999905
1995/4/2,12.06999969,8.13999939,4.369999886,3.24000001,3.349999905,12.06999969,6.420000076,4.269999981,4.159999847,4.460000038,12.35999966,6.5,4.710000038,5.089999676,5.46999979,12.97999954,7.259999752,5.210000038,6.129999638,6.549999714,13.85999966,9.739999771,6.960000038,7.5,7.619999886
1995/4/9,13.11999989,9.159999847,5.299999714,4.139999866,4.21999979,13.13999939,7.419999599,5.25,5.119999886,5.319999695,13.44999981,7.5,5.670000076,6,6.25,14.09999943,8.25,6.119999886,6.960000038,7.239999771,15,10.75,7.789999962,8.25,8.25
1995/4/16,14,10.28999996,6.659999847,5.539999962,5.579999924,14.05999947,8.659999847,6.619999886,6.420000076,6.579999924,14.38999939,8.720000267,6.96999979,7.210000038,7.429999828,15.04999924,9.409999847,7.329999924,8.050000191,8.300000191,15.96000004,11.84999943,8.88999939,9.210000038,9.210000038
1995/4/23,14.43999958,11.11999989,7.869999886,6.909999847,6.869999886,14.5199995,9.63999939,7.849999905,7.429999828,7.539999962,14.79999924,9.5,7.849999905,7.929999828,8.090000153,15.40999985,9.949999809,7.839999676,8.449999809,8.659999847,16.28999901,12.22999954,9.179999352,9.329999924,9.300000191
1995/4/30,15.19999981,12.30999947,9.460000038,8.5,8.460000038,15.36999989,11.11999989,9.579999924,9.170000076,9.130000114,15.71000004,11.09999943,9.670000076,9.679999352,9.699999809,16.31999969,11.53999996,9.739999771,10.21999931,10.28999996,17.17000008,13.63000011,10.98999977,11.11999989,10.97999954
1995/5/7,15.22999954,12.89999962,10.61999989,9.880000114,9.840000153,15.43999958,11.93999958,10.67000008,10.68999958,10.63999939,15.78999996,11.86999989,10.64999962,11.05999947,11.05999947,16.3599987,12.22999954,10.61999989,11.44999981,11.5,17.17000008,14.15999985,11.96000004,12.27999973,12.13999939
1995/5/14,15.40999985,13.19999981,11.21000004,10.80999947,10.78999996,15.60999966,12.21000004,11.02999973,11.06999969,11.14999962,15.93999958,11.98999977,10.7699995,11.18999958,11.31999969,16.5,12.2699995,10.57999992,11.35999966,11.53999996,17.30999947,14.21999931,11.86999989,12.06999969,12.0199995
1995/5/21,15.93999958,14.13999939,12.55999947,12.13999939,12.11999989,16.22999954,13.5199995,12.55999947,12.5,12.5,16.6099987,13.53999996,12.59999943,12.80999947,12.86999989,17.17000008,13.90999985,12.67000008,13.19999981,13.28999996,17.93000031,15.56999969,13.88999939,14.15999985,13.97999954
1995/5/28,17.04999924,15.80999947,14.7699995,14.48999977,14.40999985,17.39999962,15.44999981,14.79999924,14.61999989,14.53999996,17.78999901,15.38999939,14.63999939,14.71999931,14.68999958,18.34000015,15.60999966,14.48999977,14.93999958,14.90999985,19.05999947,17.05999947,15.52999973,15.71999931,15.46999931
1995/6/4,17.42000008,16.68000031,16.12999916,15.96000004,15.86999989,17.82999992,16.62999916,16.25,15.96000004,15.79999924,18.25,16.69999886,16.21999931,16.10000038,15.96000004,18.77000046,16.94999886,16.22999954,16.38999939,16.26000023,19.43000031,18.09000015,17.07999992,17.25,16.90999985
1995/6/11,18.3599987,18.29999924,18.42000008,18.40999985,18.35000038,18.82999992,18.6099987,18.60000038,18.46999931,18.43000031,19.25,18.69000053,18.52999878,18.6099987,18.60000038,19.69999886,18.81999969,18.43000031,18.81999969,18.84000015,20.23999977,19.56999969,19.13999939,19.44999886,19.32999992
1995/6/18,18.8599987,18.95999908,19.22999954,19.23999977,19.17000008,19.34000015,19.35000038,19.42000008,19.29999924,19.29999924,19.77000046,19.44999886,19.3599987,19.47999954,19.54999924,20.20999908,19.57999992,19.28999901,19.75,19.8599987,20.73999977,20.23999977,20,20.36999893,20.36999893
1995/6/25,19.68000031,20.02999878,20.73999977,21.11999893,21.23999977,20.19999886,20.51000023,20.69999886,20.89999962,21,20.65999985,20.61999893,20.61999893,20.81999969,21,21.1099987,20.75,20.57999992,20.88999939,21.11999893,21.62999916,21.34000015,21.17000008,21.35000038,21.46999931
1995/7/2,20.05999947,20.38999939,21.01000023,21.3599987,21.31999969,20.56999969,20.81999969,20.96999931,21.1099987,21.06999969,21.02999878,20.95999908,20.93000031,21.13999939,21.13999939,21.48999977,21.13999939,20.96999931,21.3599987,21.40999985,22.02999878,21.79999924,21.69999886,22.03999901,21.98999977
1995/7/9,20.02000046,20.98999977,22.13999939,22.45999908,22.38999939,20.6099987,21.82999992,22.31999969,22.40999985,22.29999924,21.10000038,22.07999992,22.38999939,22.51000023,22.43999863,21.52999878,22.26000023,22.51999855,22.80999947,22.77999878,21.97999954,22.51999855,23.05999947,23.51000023,23.39999962
1995/7/16,20.27000046,21.34000015,22.62999916,22.96999931,22.89999962,20.8599987,22.26999855,22.84000015,22.82999992,22.68000031,21.35000038,22.52999878,22.89999962,22.93999863,22.84000015,21.76000023,22.68000031,23.01999855,23.27999878,23.23999977,22.18999863,22.89999962,23.53999901,23.94999886,23.87999916
1995/7/23,20.43999863,21.45999908,22.71999931,23.17000008,23.15999985,21.02000046,22.28999901,22.76999855,23.26000023,23.14999962,21.5,22.64999962,23,23.43999863,23.36999893,21.92000008,22.92000008,23.30999947,23.8599987,23.8599987,22.3599987,23.23999977,24.03999901,24.57999992,24.57999992
1995/7/30,20.14999962,21.56999969,23.09000015,23.47999954,23.46999931,20.77000046,22.63999939,23.29999924,23.54999924,23.43000031,21.27999878,23.13999939,23.69999886,23.96999931,23.8599987,21.68999863,23.5,24.20999908,24.61999893,24.56999969,22.10000038,23.65999985,24.95999908,25.57999992,25.48999977
1995/8/6,20.42000008,22.27999878,24.13999939,24.44999886,24.42000008,21.10000038,23.63999939,24.53999901,24.69999886,24.5,21.61999893,24.18000031,24.96999931,25.07999992,24.86999893,22.02000046,24.48999977,25.43999863,25.67000008,25.51000023,22.37999916,24.42000008,26,26.54999924,26.31999969
1995/8/13,20.23999977,22.3599987,24.47999954,24.90999985,24.96999931,20.93000031,23.81999969,24.82999992,25.17000008,25.18000031,21.46999931,24.38999939,25.27999878,25.69999886,25.69999886,21.8599987,24.70999908,25.78999901,26.37999916,26.42000008,22.20999908,24.59000015,26.51000023,27.26000023,27.23999977
1995/8/20,20.76000023,22.65999985,24.52999878,24.80999947,24.68999863,21.43000031,24.01000023,24.98999977,24.97999954,24.87999916,21.93000031,24.36999893,25.11999893,25.26999855,25.18999863,22.29999924,24.48999977,25.25,25.67000008,25.65999985,22.67000008,24.43999863,25.77999878,26.28999901,26.21999931
1995/8/27,20.56999969,22.60000038,24.63999939,24.96999931,24.8599987,21.25,24,25.09000015,25.18999863,25.02999878,21.72999954,24.25,25.03999901,25.19999886,25.06999969,22.06999969,24.25,24.98999977,25.27999878,25.21999931,22.40999985,24.14999962,25.31999969,25.59999847,25.45999908
1995/9/3,20.84000015,22.53999901,24.18999863,24.29999924,24.18000031,21.48999977,23.80999947,24.73999977,24.68999863,24.51000023,21.95999908,24.02999878,24.68000031,24.82999992,24.68000031,22.31999969,24.04999924,24.6099987,24.97999954,24.88999939,22.70999908,24.10000038,25.03999901,25.34000015,25.18000031
1995/9/10,20.5,21.43000031,22.27999878,22.14999962,22,21.05999947,22.29999924,22.80999947,22.60000038,22.38999939,21.51000023,22.51000023,22.80999947,22.84000015,22.67000008,21.90999985,22.62999916,22.84000015,23.09000015,22.96999931,22.36999893,22.97999954,23.30999947,23.56999969,23.37999916
1995/9/17,19.95999908,20.85000038,21.65999985,21.43999863,21.31999969,20.52000046,21.75,22.25,22.07999992,21.86999893,20.96999931,22.01000023,22.35000038,22.44999886,22.26000023,21.3599987,22.15999985,22.43999863,22.75,22.6099987,21.77999878,22.39999962,22.86999893,23.17000008,22.95999908
1995/9/24,19.25,19.78999901,20.23999977,19.95999908,19.89999962,19.76000023,20.47999954,20.76000023,20.55999947,20.40999985,20.18999863,20.77000046,20.94999886,21.02000046,20.90999985,20.60000038,21,21.14999962,21.44999886,21.37999916,21.03999901,21.40999985,21.68000031,21.98999977,21.85000038
1995/10/1,18.76000023,18.88999939,18.97999954,18.72999954,18.72999954,19.20999908,19.32999992,19.3599987,19.22999954,19.17000008,19.63999939,19.65999985,19.67000008,19.79999924,19.76000023,20.06999969,20.02000046,20.02000046,20.38999939,20.38999939,20.56999969,20.67000008,20.77000046,21.13999939,21.05999947
1995/10/8,18.53999901,18.42000008,18.26000023,17.90999985,17.88999939,18.95999908,18.72999954,18.63999939,18.52000046,18.44000053,19.36999893,19.02999878,18.93000031,19.07999992,19,19.80999947,19.37999916,19.22999954,19.64999962,19.59000015,20.30999947,20.1099987,20.01000023,20.39999962,20.22999954
1995/10/15,17.51000023,17.53999901,17.60000038,17.30999947,17.29999924,18.01000023,18.01000023,18.01000023,17.88999939,17.81999969,18.47999954,18.36999893,18.3599987,18.47999954,18.40999985,18.94999886,18.72999954,18.69000053,19.07999992,19.02999878,19.45999908,19.3599987,19.43000031,19.87999916,19.68999863
1995/10/22,16.46999931,16.52000046,16.61999893,16.37999916,16.37999916,16.97999954,17,17.02000046,16.90999985,16.88999939,17.44999886,17.35000038,17.34000015,17.51000023,17.47999954,17.93000031,17.69999886,17.65999985,18.11999893,18.10000038,18.45999908,18.30999947,18.40999985,18.88999939,18.73999977
1995/10/29,15.59999943,15.35999966,15.21000004,14.96999931,15.09999943,16.05999947,15.63999939,15.47999954,15.46999931,15.57999992,16.52000046,15.89999962,15.71999931,16.02999878,16.14999962,17,16.25,15.98999977,16.6099987,16.71999931,17.55999947,17.02999878,16.82999992,17.32999992,17.28999901
1995/11/5,14.98999977,14.36999989,13.93999958,13.82999992,13.90999985,15.38999939,14.38000011,13.98999977,14.02999973,14.13999939,15.81999969,14.61999989,14.22999954,14.48999977,14.63000011,16.32999992,15.0199995,14.55999947,15.07999992,15.18999958,16.92000008,15.96999931,15.44999981,15.88999939,15.81999969
1995/11/12,14.64999962,13.55999947,12.68999958,12.44999981,12.53999996,15,13.32999992,12.71000004,12.72999954,12.89999962,15.42000008,13.55999947,12.98999977,13.2699995,13.42000008,15.94999981,14.03999996,13.38000011,13.96000004,14.05999947,16.56999969,15.14999962,14.32999992,14.82999992,14.7699995
1995/11/19,14.13000011,12.82999992,11.82999992,11.67000008,11.77999973,14.44999981,12.46000004,11.73999977,11.85999966,12.02999973,14.84999943,12.65999985,11.98999977,12.32999992,12.5,15.36999989,13.11999989,12.34999943,12.98999977,13.11999989,15.97999954,14.29999924,13.31999969,13.80999947,13.7699995
1995/11/26,13.60999966,11.84999943,10.28999996,9.929999352,10.11999989,13.85999966,11.19999981,10.15999985,10.32999992,10.64999962,14.22999954,11.40999985,10.52999973,10.98999977,11.28999996,14.77999973,11.98999977,11,11.81999969,12.06999969,15.46000004,13.40999985,12.17000008,12.7699995,12.82999992
1995/12/3,13.15999985,11.05999947,9.159999847,8.760000229,8.909999847,13.38000011,10.23999977,9,9.210000038,9.5,13.72999954,10.48999977,9.469999313,9.880000114,10.15999985,14.28999996,11.13999939,10.06999969,10.71000004,10.94999981,14.96999931,12.61999989,11.15999985,11.69999981,11.72999954
1995/12/10,12.61999989,10.05000019,7.710000038,7.199999809,7.339999676,12.77999973,8.989999771,7.46999979,7.669999599,7.869999886,13.14999962,9.289999962,8.079999924,8.449999809,8.630000114,13.71999931,10.05000019,8.829999924,9.460000038,9.579999924,14.43999958,11.68999958,10,10.60999966,10.53999996
1995/12/17,12.10999966,9.300000191,6.789999962,6.289999962,6.489999771,12.23999977,8.119999886,6.489999771,6.699999809,7.069999695,12.57999992,8.409999847,7.119999886,7.579999924,7.929999828,13.15999985,9.210000038,7.889999866,8.699999809,9.010000229,13.88999939,10.93999958,9.199999809,9.869999886,10.03999996
1995/12/24,11.93999958,8.409999847,5.199999809,4.5,4.71999979,11.98999977,6.869999886,4.869999886,4.980000019,5.46999979,12.30999947,7.119999886,5.5,5.960000038,6.46999979,12.92000008,8,6.329999924,7.210000038,7.710000038,13.71999931,10.03999996,7.819999695,8.529999733,8.840000153
1995/12/31,11.61999989,7.960000038,4.670000076,3.99000001,4.179999828,11.65999985,6.339999676,4.289999962,4.440000057,4.909999847,11.96000004,6.579999924,4.929999828,5.380000114,5.889999866,12.57999992,7.46999979,5.75,6.639999866,7.139999866,13.38999939,9.590000153,7.289999962,8,8.319999695
1996/1/7,11.27999973,6.710000038,2.599999905,1.75999999,1.99000001,11.21000004,4.639999866,2.099999905,2.369999886,2.950000048,11.5199995,4.889999866,2.859999895,3.429999828,4.059999943,12.18999958,5.949999809,3.839999914,4.849999905,5.489999771,13.07999992,8.489999771,5.629999638,6.389999866,6.819999695
1996/1/14,11.36999989,6.460000038,1.99000001,1.090000033,1.409999967,11.27999973,4.179999828,1.429999948,1.870000005,2.579999924,11.56999969,4.46999979,2.25999999,3.069999933,3.859999895,12.27999973,5.579999924,3.319999933,4.589999676,5.369999886,13.23999977,8.409999847,5.369999886,6.210000038,6.759999752
1996/1/21,11.19999981,6.170000076,1.529999971,0.519999981,0.859999955,11.07999992,3.799999952,0.969999969,1.449999928,2.299999952,11.35999966,4.049999714,1.779999971,2.679999828,3.629999876,12.06999969,5.139999866,2.75999999,4.139999866,5.099999905,13.02999973,8.039999962,4.849999905,5.739999771,6.409999847
1996/1/28,10.77999973,5.75,1.090000033,0.039999999,0.229999989,10.65999985,3.409999847,0.620000005,0.919999957,1.659999967,10.92000008,3.639999866,1.389999986,2.180000067,3.049999952,11.61999989,4.690000057,2.329999924,3.699999809,4.589999676,12.56999969,7.539999962,4.460000038,5.389999866,5.96999979
1996/2/4,10.32999992,5.460000038,0.939999998,-0.170000002,-0.07,10.21000004,3.24000001,0.560000002,0.629999995,1.25999999,10.46000004,3.429999828,1.25999999,1.870000005,2.679999828,11.11999989,4.440000057,2.139999866,3.389999866,4.269999981,12.03999996,7.210000038,4.230000019,5.170000076,5.739999771
1996/2/11,10.23999977,5.489999771,1.069999933,-0.029999999,0.059999999,10.11999989,3.339999914,0.769999981,0.789999962,1.469999909,10.34999943,3.409999847,1.279999971,1.929999948,2.799999952,10.98999977,4.299999714,1.949999928,3.319999933,4.289999962,11.88999939,7.049999714,4.079999924,4.980000019,5.619999886
1996/2/18,9.880000114,5.21999979,0.829999983,-0.319999993,-0.229999989,9.75,3.069999933,0.569999993,0.589999974,1.220000029,9.949999809,3.029999971,0.889999986,1.569999933,2.409999847,10.53999996,3.779999971,1.350000024,2.75999999,3.720000029,11.42000008,6.529999733,3.409999847,4.259999752,4.909999847
1996/2/25,10.21999931,5.460000038,1.029999971,-0.209999993,-0.209999993,10.11999989,3.349999905,0.829999983,0.789999962,1.279999971,10.32999992,3.349999905,1.220000029,1.849999905,2.549999952,10.94999981,4.130000114,1.719999909,3.049999952,3.869999886,11.82999992,6.839999676,3.74000001,4.589999676,5.099999905
1996/3/3,10.57999992,5.779999733,1.24000001,-0.029999999,-0.079999998,10.46000004,3.629999876,1.069999933,0.949999988,1.309999943,10.69999981,3.639999866,1.469999909,2.00999999,2.579999924,11.31999969,4.429999828,1.99000001,3.220000029,3.899999857,12.22999954,7.199999809,3.99000001,4.769999981,5.139999866
1996/3/10,10.92000008,6.170000076,1.599999905,0.269999981,0.199999988,10.80999947,4.009999752,1.449999928,1.25999999,1.529999971,11.02999973,3.970000029,1.799999952,2.24000001,2.720000029,11.65999985,4.75,2.24000001,3.359999895,3.949999809,12.57999992,7.539999962,4.170000076,4.809999943,5.130000114
1996/3/17,11.60999966,6.869999886,2.279999971,0.969999969,0.919999957,11.48999977,4.679999828,2.119999886,1.949999928,2.180000067,11.71000004,4.619999886,2.409999847,2.950000048,3.379999876,12.35999966,5.349999905,2.779999971,4.049999714,4.589999676,13.30999947,8.25,4.829999924,5.489999771,5.779999733
1996/3/24,12.21000004,7.46999979,2.869999886,1.529999971,1.469999909,12.11999989,5.259999752,2.720000029,2.549999952,2.720000029,12.34999943,5.139999866,2.929999828,3.359999895,3.699999809,12.98999977,5.829999924,3.179999828,4.210000038,4.679999828,13.94999981,8.670000076,5,5.460000038,5.670000076
1996/3/31,12.39999962,8.039999962,3.970000029,2.659999847,2.49000001,12.36999989,6.210000038,4.009999752,3.609999895,3.589999914,12.60999966,6.039999962,4.079999924,4.259999752,4.389999866,13.21000004,6.549999714,4.130000114,4.909999847,5.139999866,14.05999947,9.039999962,5.619999886,5.920000076,5.929999828
1996/4/7,12.71000004,8.849999428,5.299999714,4.139999866,4.049999714,12.75,7.319999695,5.380000114,5.049999714,5.009999752,13.02999973,7.25,5.539999962,5.710000038,5.789999962,13.61999989,7.75,5.639999866,6.329999924,6.5,14.43999958,9.969999313,7,7.259999752,7.25
1996/4/14,13.15999985,9.630000114,6.509999752,5.579999924,5.449999809,13.25,8.279999733,6.549999714,6.199999809,6.079999924,13.53999996,8.159999847,6.579999924,6.699999809,6.679999828,14.09999943,8.579999924,6.579999924,7.159999847,7.239999771,14.88999939,10.65999985,7.819999695,7.989999771,7.889999866
1996/4/21,13.07999992,10.09999943,7.619999886,6.989999771,6.909999847,13.21999931,8.970000267,7.5,7.699999809,7.579999924,13.52999973,8.949999809,7.599999905,8.119999886,8.090000153,14.06999969,9.380000114,7.710000038,8.539999962,8.579999924,14.82999992,11.31999969,9.010000229,9.300000191,9.179999352
1996/4/28,13.71000004,11.5,9.699999809,9.289999962,9.179999352,13.90999985,10.71000004,9.63999939,9.409999847,9.279999733,14.22999954,10.60999966,9.539999962,9.579999924,9.5,14.73999977,10.86999989,9.420000076,9.779999733,9.739999771,15.44999981,12.5199995,10.38999939,10.40999985,10.19999981
1996/5/5,14.04999924,11.89999962,10.06999969,9.63999939,9.599999428,14.25,11.06999969,9.969999313,9.840000153,9.819999695,14.55999947,10.93999958,9.829999924,9.949999809,9.969999313,15.07999992,11.19999981,9.699999809,10.11999989,10.17999935,15.79999924,12.90999985,10.69999981,10.69999981,10.64999962
1996/5/12,14.39999962,13.17000008,12.15999985,11.84999943,11.69999981,14.71999931,12.85999966,12.23999977,12.23999977,12.17000008,15.07999992,12.85999966,12.18999958,12.42000008,12.43999958,15.56999969,13.06999969,12.09999943,12.61999989,12.67000008,16.21999931,14.35999966,13.0199995,13.21000004,13.13999939
1996/5/19,15.10999966,14.63000011,14.27999973,14.04999924,13.79999924,15.53999996,14.73999977,14.5199995,14.27999973,14.11999989,15.94999981,14.82999992,14.52999973,14.56999969,14.5,16.40999985,15.02999973,14.46999931,14.82999992,14.81999969,16.96999931,15.88999939,15.18999958,15.44999981,15.30999947
1996/5/26,16.46999931,16.3599987,16.52000046,16.47999954,16.31999969,16.96999931,16.70999908,16.70999908,17.01000023,16.94000053,17.42000008,16.81999969,16.68000031,17.21999931,17.25,17.87999916,16.94000053,16.56999969,17.31999969,17.42000008,18.40999985,17.57999992,17.22999954,17.62999916,17.61999893
1996/6/2,17.05999947,17.10000038,17.51000023,17.76000023,17.89999962,17.57999992,17.45999908,17.48999977,17.8599987,18.1099987,18.05999947,17.60000038,17.46999931,18.11999893,18.48999977,18.54999924,17.79999924,17.51000023,18.34000015,18.77999878,19.1099987,18.51000023,18.32999992,18.79999924,19.10000038
1996/6/9,18,18.02999878,18.37999916,18.57999992,18.68000031,18.54999924,18.40999985,18.39999962,18.59000015,18.77000046,19.05999947,18.61999893,18.48999977,18.93999863,19.21999931,19.59000015,18.90999985,18.63999939,19.3599987,19.69999886,20.20999908,19.77000046,19.63999939,20.13999939,20.27999878
1996/6/16,17.94999886,18.02999878,18.40999985,18.61999893,18.62999916,18.48999977,18.39999962,18.44999886,18.54999924,18.67000008,18.97999954,18.48999977,18.34000015,18.65999985,18.86999893,19.48999977,18.68000031,18.31999969,18.93000031,19.19999886,20.11999893,19.56999969,19.27000046,19.69999886,19.76000023
1996/6/23,18.04999924,18.84000015,19.79999924,19.89999962,19.70999908,18.68000031,19.68000031,20.13999939,20.12999916,19.92000008,19.18999863,19.8599987,20.07999992,20.17000008,20.02999878,19.65999985,19.95999908,20.02000046,20.31999969,20.20999908,20.17000008,20.34000015,20.53999901,20.89999962,20.60000038
1996/6/30,18.90999985,19.98999977,21.27000046,21.48999977,21.36999893,19.54999924,20.96999931,21.6099987,21.61999893,21.31999969,20.05999947,21.13999939,21.5,21.47999954,21.20999908,20.47999954,21.14999962,21.36999893,21.40999985,21.14999962,20.93000031,21.28999901,21.54999924,21.65999985,21.28999901
1996/7/7,19.3599987,20.52000046,21.90999985,22.18000031,21.95999908,20.02000046,21.55999947,22.27999878,22.07999992,21.77000046,20.52999878,21.63999939,22.01000023,21.93000031,21.61999893,20.94999886,21.59000015,21.77999878,21.84000015,21.56999969,21.38999939,21.68000031,21.89999962,22,21.69999886
1996/7/14,19.3599987,20.20999908,21.30999947,21.59000015,21.43000031,20,21.06999969,21.56999969,21.27999878,20.93999863,20.52000046,21.19999886,21.42000008,21.18000031,20.86999893,21,21.29999924,21.36999893,21.25,20.98999977,21.52000046,21.62999916,21.59000015,21.57999992,21.31999969
1996/7/21,19.82999992,21.59000015,23.51000023,23.84000015,23.6099987,20.57999992,23,24.03999901,23.3599987,22.86999893,21.12999916,23.18000031,23.84000015,23.11999893,22.63999939,21.53999901,23.10000038,23.61999893,23.05999947,22.63999939,21.94999886,22.92000008,23.43000031,23.25,22.89999962
1996/7/28,19.62999916,21.67000008,23.73999977,23.85000038,23.76999855,20.44999886,23.35000038,24.5,24.06999969,23.63999939,21.05999947,23.81999969,24.72999954,24.26000023,23.82999992,21.47999954,23.93000031,24.87999916,24.54999924,24.19999886,21.84000015,23.53999901,24.80999947,24.87999916,24.68999863
1996/8/4,19.55999947,21.62999916,23.60000038,23.56999969,23.70999908,20.38999939,23.36999893,24.43999863,24.28999901,24.1099987,21.04999924,24.12999916,25.12999916,25.1099987,24.92000008,21.51000023,24.52999878,25.76999855,25.93999863,25.84999847,21.88999939,24.19999886,26.15999985,26.69999886,26.75
1996/8/11,19.77000046,21.77000046,23.72999954,23.82999992,23.92000008,20.55999947,23.36999893,24.43000031,24.26000023,24.15999985,21.15999985,23.90999985,24.78999901,24.85000038,24.76999855,21.60000038,24.15999985,25.14999962,25.45999908,25.51000023,21.98999977,23.95999908,25.6099987,26.12999916,26.26999855
1996/8/18,20.10000038,21.78999901,23.37999916,23.32999992,23.43999863,20.86999893,23.22999954,24.07999992,24.17000008,24.07999992,21.48999977,23.84000015,24.60000038,24.93000031,24.8599987,21.95999908,24.18999863,25.07999992,25.65999985,25.70999908,22.39999962,24.14999962,25.73999977,26.43999863,26.51999855
1996/8/25,19.95999908,21.17000008,22.26000023,22.11999893,22,20.65999985,22.30999947,22.90999985,22.67000008,22.45999908,21.22999954,22.78999901,23.27999878,23.38999939,23.21999931,21.71999931,23.12999916,23.68000031,24.15999985,24.11999893,22.20999908,23.40999985,24.47999954,25.11999893,25.07999992
1996/9/1,19.55999947,20.56999969,21.48999977,21.27999878,21.20999908,20.20999908,21.61999893,22.12999916,21.90999985,21.68999863,20.77999878,22.10000038,22.51999855,22.61999893,22.44999886,21.27000046,22.45999908,22.93000031,23.40999985,23.36999893,21.77000046,22.81999969,23.77999878,24.43999863,24.37999916
1996/9/8,19.31999969,20.51000023,21.60000038,21.47999954,21.38999939,19.95999908,21.56999969,22.20999908,22.01000023,21.80999947,20.48999977,21.87999916,22.31999969,22.44999886,22.29999924,20.92000008,22.04999924,22.42000008,22.93999863,22.92000008,21.38999939,22.30999947,23.1099987,23.67000008,23.61999893
1996/9/15,19.53999901,20.48999977,21.35000038,21.18999863,21.12999916,20.17000008,21.43000031,21.90999985,21.85000038,21.69999886,20.69999886,21.80999947,22.15999985,22.45999908,22.3599987,21.17000008,22.06999969,22.38999939,23.06999969,23.09000015,21.65999985,22.43000031,23.20999908,23.86999893,23.85000038
1996/9/22,18.82999992,20.1099987,21.31999969,21.19999886,21.04999924,19.51000023,21.28999901,21.96999931,21.77999878,21.59000015,20.06999969,21.70999908,22.23999977,22.42000008,22.27999878,20.52999878,21.95999908,22.48999977,23.04999924,23.01999855,20.97999954,22.1099987,23.19999886,23.88999939,23.76999855
1996/9/29,17.92000008,19.10000038,20.20999908,20.05999947,19.88999939,18.6099987,20.25,20.87999916,20.62999916,20.42000008,19.17000008,20.68999863,21.18000031,21.28999901,21.12999916,19.63999939,20.96999931,21.47999954,21.97999954,21.90999985,20.1099987,21.13999939,22.18000031,22.8599987,22.68999863
1996/10/6,17.64999962,18.20999908,18.72999954,18.48999977,18.27999878,18.25,18.98999977,19.27999878,18.87999916,18.65999985,18.77000046,19.35000038,19.52999878,19.5,19.32999992,19.27000046,19.65999985,19.81999969,20.20999908,20.13999939,19.78999901,20.12999916,20.56999969,21.14999962,20.97999954
1996/10/13,17.37999916,17.52000046,17.61999893,17.37999916,17.25,17.92000008,18.02000046,18.02999878,17.71999931,17.53999901,18.43000031,18.42000008,18.39999962,18.44999886,18.32999992,18.94999886,18.8599987,18.85000038,19.32999992,19.28999901,19.52000046,19.54999924,19.77999878,20.42000008,20.28999901
1996/10/20,16.30999947,16.42000008,16.48999977,16.20999908,16.02999878,16.84000015,16.93000031,16.93000031,16.56999969,16.36999893,17.35000038,17.36999893,17.36999893,17.32999992,17.18000031,17.86999893,17.82999992,17.8599987,18.26000023,18.19999886,18.42000008,18.47999954,18.75,19.39999962,19.23999977
1996/10/27,15.94999981,15.73999977,15.48999977,15.13999939,14.88999939,16.44999886,16.09000015,15.88999939,15.44999981,15.15999985,16.94999886,16.51000023,16.36999893,16.22999954,16.02000046,17.47999954,17.01000023,16.88999939,17.21999931,17.10000038,18.06999969,17.81999969,17.80999947,18.38999939,18.19000053
1996/11/3,15.69999981,14.63000011,13.63999939,13.30999947,13.18999958,16.06999969,14.38999939,13.72999954,13.42000008,13.2699995,16.51000023,14.63999939,14.03999996,14.0199995,13.93999958,17.07999992,15.14999962,14.46000004,14.88999939,14.90999985,17.77999878,16.46999931,15.54999924,15.97999954,15.96999931
1996/11/10,14.98999977,13.67000008,12.38999939,11.97999954,11.85999966,15.31999969,13.28999996,12.47999954,12.25,12.09999943,15.73999977,13.52999973,12.81999969,12.78999996,12.69999981,16.30999947,14.05999947,13.23999977,13.60999966,13.61999989,17.01000023,15.42000008,14.29999924,14.65999985,14.60999966
1996/11/17,14.5,12.86999989,11.36999989,11.05999947,11,14.77999973,12.2699995,11.25,11.27999973,11.18999958,15.17000008,12.48999977,11.61999989,11.82999992,11.77999973,15.73999977,13.07999992,12.11999989,12.63999939,12.63999939,16.46999931,14.56999969,13.2699995,13.71999931,13.63000011
1996/11/24,13.28999996,11.21000004,9.319999695,9.029999733,9.039999962,13.46999931,10.30999947,9.039999962,9.119999886,9.199999809,13.84999943,10.52999973,9.449999809,9.75,9.829999924,14.40999985,11.19999981,10.03999996,10.68999958,10.82999992,15.15999985,12.93999958,11.40999985,11.94999981,12
1996/12/1,12.81999969,10.30999947,8.159999847,7.949999809,7.919999599,12.94999981,9.13999939,7.699999809,7.909999847,7.96999979,13.2699995,9.220000267,7.949999809,8.319999695,8.38999939,13.82999992,9.829999924,8.369999886,9.079999924,9.199999809,14.59999943,11.69999981,9.710000038,10.21000004,10.21999931
1996/12/8,12.11999989,9.369999886,7.029999733,6.829999924,6.960000038,12.22999954,8.090000153,6.46999979,6.909999847,7.079999924,12.55999947,8.289999962,6.949999809,7.489999771,7.669999599,13.13999939,9.039999962,7.619999886,8.449999809,8.659999847,13.89999962,10.97999954,9.099999428,9.75,9.829999924
1996/12/15,11.64999962,8.630000114,6.089999676,5.869999886,6.039999962,11.72999954,7.25,5.5,6,6.259999752,12.05999947,7.5,6.079999924,6.679999828,6.960000038,12.64999962,8.329999924,6.849999905,7.779999733,8.050000191,13.40999985,10.32999992,8.429999352,9.179999352,9.300000191
1996/12/22,11.18999958,8.159999847,5.639999866,5.449999809,5.629999638,11.25,6.789999962,5.019999981,5.579999924,5.96999979,11.57999992,7.039999962,5.629999638,6.329999924,6.739999771,12.15999985,7.889999866,6.460000038,7.5,7.879999638,12.90999985,9.880000114,8.099999428,8.949999809,9.13999939
1996/12/29,10.93999958,7.25,4.089999676,3.679999828,3.879999876,10.94999981,5.569999695,3.449999809,4.119999886,4.579999924,11.25,5.849999905,4.179999828,4.980000019,5.46999979,11.86999989,6.829999924,5.139999866,6.25,6.739999771,12.69999981,9.050000191,6.889999866,7.779999733,8.029999733
1997/1/5,9.739999771,6,2.659999847,2.119999886,2.369999886,9.699999809,4.230000019,2.069999933,2.720000029,3.339999914,9.989999771,4.549999714,2.859999895,3.74000001,4.420000076,10.59999943,5.539999962,3.859999895,5.139999866,5.789999962,11.38999939,7.789999962,5.699999809,6.699999809,7.119999886
1997/1/12,10.25,5.759999752,1.719999909,1.019999981,1.279999971,10.17999935,3.679999828,1.079999924,1.75999999,2.409999847,10.48999977,4.089999676,2.119999886,3.00999999,3.74000001,11.17000008,5.289999962,3.369999886,4.639999866,5.369999886,12.06999969,7.879999638,5.420000076,6.420000076,6.869999886
1997/1/19,10.03999996,5.460000038,1.329999924,0.50999999,0.699999988,9.960000038,3.399999857,0.799999952,1.350000024,2.00999999,10.2699995,3.799999952,1.809999943,2.720000029,3.470000029,10.93999958,4.96999979,3.029999971,4.429999828,5.170000076,11.82999992,7.589999676,5.170000076,6.25,6.699999809
1997/1/26,10.38999939,5.489999771,1.049999952,0.159999996,0.329999983,10.27999973,3.220000029,0.48999998,1.00999999,1.679999948,10.53999996,3.50999999,1.329999924,2.25999999,3.049999952,11.22999954,4.630000114,2.389999866,3.839999914,4.630000114,12.15999985,7.419999599,4.579999924,5.579999924,6.039999962
1997/2/2,10.13999939,5.170000076,0.539999962,-0.519999981,-0.399999976,10.01000023,2.869999886,0.079999998,0.359999985,1.019999981,10.27999973,3.109999895,0.879999995,1.699999928,2.470000029,10.94999981,4.210000038,1.889999986,3.319999933,4.130000114,11.88999939,7.039999962,4.099999905,5.139999866,5.619999886
1997/2/9,9.909999847,5.139999866,0.680000007,-0.389999986,-0.269999981,9.779999733,2.929999828,0.269999981,0.48999998,1.029999971,10.03999996,3.159999847,1.029999971,1.779999971,2.49000001,10.68999958,4.190000057,1.949999928,3.399999857,4.139999866,11.59999943,6.929999828,4.139999866,5.25,5.679999828
1997/2/16,9.909999847,5.139999866,0.680000007,-0.439999998,-0.370000005,9.789999962,2.970000029,0.329999983,0.529999971,1.039999962,10.03999996,3.199999809,1.079999924,1.870000005,2.529999971,10.69999981,4.21999979,2.00999999,3.49000001,4.21999979,11.59999943,6.960000038,4.230000019,5.339999676,5.759999752
1997/2/23,10.44999981,5.389999866,0.659999967,-0.50999999,-0.439999998,10.30999947,3.069999933,0.269999981,0.5,0.959999979,10.56999969,3.24000001,0.98999995,1.809999943,2.389999866,11.23999977,4.299999714,1.889999986,3.389999866,4.039999962,12.19999981,7.25,4.210000038,5.239999771,5.569999695
1997/3/2,10.73999977,6.129999638,1.75999999,0.50999999,0.469999999,10.65999985,4.089999676,1.579999924,1.639999986,1.949999928,10.93999958,4.299999714,2.25999999,2.929999828,3.369999886,11.57999992,5.259999752,3.069999933,4.429999828,4.909999847,12.48999977,7.96999979,5.210000038,6.179999828,6.339999676
1997/3/9,11.63999939,6.929999828,2.349999905,1.00999999,0.949999988,11.53999996,4.799999714,2.180000067,2.099999905,2.319999933,11.82999992,4.920000076,2.779999971,3.369999886,3.720000029,12.5,5.849999905,3.49000001,4.799999714,5.210000038,13.46000004,8.679999352,5.619999886,6.509999752,6.629999638
1997/3/16,11.82999992,7.409999847,2.970000029,1.579999924,1.529999971,11.7699995,5.369999886,2.899999857,2.75999999,2.950000048,12.02999973,5.460000038,3.409999847,3.970000029,4.259999752,12.68999958,6.299999714,3.970000029,5.279999733,5.639999866,13.63000011,9.050000191,6.009999752,6.829999924,6.909999847
1997/3/23,11.86999989,7.659999847,3.389999866,2.00999999,2.049999952,11.81999969,5.71999979,3.349999905,3.319999933,3.50999999,12.07999992,5.849999905,3.909999847,4.539999962,4.829999924,12.73999977,6.710000038,4.509999752,5.789999962,6.139999866,13.65999985,9.369999886,6.5,7.279999733,7.339999676
1997/3/30,12.55999947,8.63999939,4.670000076,3.339999914,3.220000029,12.55999947,6.889999866,4.710000038,4.480000019,4.5,12.84999943,6.989999771,5.159999847,5.539999962,5.629999638,13.47999954,7.739999771,5.619999886,6.619999886,6.759999752,14.38999939,10.23999977,7.369999886,7.960000038,7.829999924
1997/4/6,12.64999962,9.159999847,5.629999638,4.460000038,4.339999676,12.68999958,7.619999886,5.679999828,5.460000038,5.420000076,12.98999977,7.710000038,6.079999924,6.429999828,6.460000038,13.59999943,8.380000114,6.460000038,7.409999847,7.46999979,14.46000004,10.71000004,8.130000114,8.659999847,8.489999771
1997/4/13,13.27999973,9.949999809,6.679999828,5.670000076,5.599999905,13.35999966,8.529999733,6.699999809,6.5,6.5,13.67000008,8.619999886,7.069999695,7.449999809,7.5,14.29999924,9.279999733,7.449999809,8.369999886,8.470000267,15.13999939,11.53999996,9.090000153,9.599999428,9.489999771
1997/4/20,13.78999996,10.65999985,7.579999924,6.579999924,6.5,13.88999939,9.369999886,7.629999638,7.449999809,7.369999886,14.21999931,9.510000229,8.069999695,8.369999886,8.349999428,14.84999943,10.19999981,8.5,9.329999924,9.340000153,15.69999981,12.39999962,10.11999989,10.61999989,10.40999985
1997/4/27,14.63999939,12.25,9.840000153,8.929999352,8.699999809,14.82999992,11.36999989,10.05000019,9.619999886,9.449999809,15.18999958,11.46000004,10.31999969,10.40999985,10.30999947,15.75,11.96000004,10.53999996,11.22999954,11.15999985,16.52999878,13.78999996,11.89999962,12.36999989,12.09999943
1997/5/4,15,12.7699995,10.40999985,9.429999352,9.210000038,15.23999977,11.96000004,10.69999981,10.23999977,9.960000038,15.63999939,12.15999985,11.06999969,11.05999947,10.85999966,16.25,12.72999954,11.40999985,11.94999981,11.80999947,17.04999924,14.56999969,12.7699995,13.15999985,12.84999943
1997/5/11,15.7699995,13.46000004,11.03999996,10.11999989,9.909999847,16.02000046,12.61999989,11.27999973,10.82999992,10.56999969,16.44000053,12.85999966,11.72999954,11.72999954,11.5199995,17.09000015,13.52999973,12.19999981,12.73999977,12.57999992,17.94000053,15.46999931,13.65999985,14.06999969,13.78999996
1997/5/18,16.01000023,14.47999954,12.94999981,12.27999973,11.98999977,16.35000038,14.07999992,13.23999977,12.78999996,12.40999985,16.77000046,14.22999954,13.46000004,13.40999985,13.07999992,17.34000015,14.65999985,13.63999939,14.13999939,13.88999939,18.09000015,16.19999886,14.84999943,15.21999931,14.82999992
1997/5/25,15.79999924,14.98999977,14.13000011,13.5199995,13.2699995,16.21999931,15,14.54999924,14.22999954,13.88999939,16.67000008,15.25,14.81999969,14.88999939,14.55999947,17.20999908,15.64999962,15.04999924,15.59999943,15.35999966,17.87999916,16.8599987,16.18000031,16.63999939,16.27999878
1997/6/1,16.44999886,15.67000008,14.81999969,14.21999931,14.09999943,16.88999939,15.71999931,15.2699995,14.98999977,14.63999939,17.3599987,15.98999977,15.57999992,15.60999966,15.2699995,17.92000008,16.44000053,15.88999939,16.27000046,15.97999954,18.61999893,17.67000008,16.94999886,17.27999878,16.86999893
1997/6/8,17.19999886,17.59000015,17.89999962,17.40999985,17.28999901,17.79999924,18.35000038,18.6099987,18.3599987,18.1099987,18.30999947,18.63999939,18.78999901,18.92000008,18.64999962,18.78999901,18.84000015,18.84000015,19.34000015,19.11999893,19.32999992,19.3599987,19.54999924,19.98999977,19.61999893
1997/6/15,17.93000031,19.02999878,20.11999893,19.93999863,19.89999962,18.59000015,20.11999893,20.77999878,20.63999939,20.52999878,19.10000038,20.37999916,20.80999947,21.05999947,20.96999931,19.52000046,20.43999863,20.73999977,21.30999947,21.26000023,19.95999908,20.60000038,21.27999878,21.77000046,21.56999969
1997/6/22,19.02999878,20.27000046,21.45999908,21.32999992,21.30999947,19.67000008,21.38999939,22.1099987,22,21.93999863,20.15999985,21.61999893,22.1099987,22.30999947,22.27999878,20.54999924,21.64999962,22.01000023,22.43999863,22.44999886,20.93999863,21.65999985,22.34000015,22.71999931,22.59000015
1997/6/29,19.27000046,20.98999977,22.62999916,22.63999939,22.6099987,19.97999954,22.35000038,23.29999924,23.14999962,23.07999992,20.51000023,22.63999939,23.31999969,23.43000031,23.37999916,20.90999985,22.68000031,23.29999924,23.57999992,23.54999924,21.27999878,22.5,23.51999855,23.85000038,23.69999886
1997/7/6,20.02000046,22.18000031,24.30999947,24.46999931,24.32999992,20.77999878,23.77999878,24.98999977,24.8599987,24.64999962,21.31999969,24.06999969,24.94999886,24.98999977,24.76999855,21.68000031,24,24.82999992,24.98999977,24.76000023,21.97999954,23.51999855,24.77999878,25.04999924,24.71999931
1997/7/13,20.36999893,22.76000023,25.05999947,25.22999954,25.06999969,21.15999985,24.51000023,25.80999947,25.57999992,25.36999893,21.71999931,24.90999985,25.92000008,25.93999863,25.72999954,22.07999992,24.92000008,25.96999931,26.17000008,25.95999908,22.35000038,24.29999924,25.94999886,26.3599987,26.1099987
1997/7/20,20.55999947,22.88999939,25.05999947,25.12999916,24.97999954,21.3599987,24.62999916,25.84999847,25.59000015,25.36999893,21.93999863,25.14999962,26.17000008,26.1099987,25.89999962,22.31999969,25.28999901,26.43000031,26.54999924,26.36999893,22.60000038,24.70999908,26.46999931,26.90999985,26.70999908
1997/7/27,21.15999985,23.82999992,26.38999939,26.59999847,26.59000015,21.97999954,25.73999977,27.17000008,27.01000023,26.95999908,22.54999924,26.23999977,27.40999985,27.45999908,27.43999863,22.89999962,26.28999901,27.55999947,27.79999924,27.82999992,23.13999939,25.54999924,27.54999924,28,28.03999901
1997/8/3,20.73999977,23.67000008,26.44999886,26.71999931,26.59999847,21.56999969,25.68000031,27.26000023,26.95999908,26.84000015,22.12999916,26.11999893,27.36999893,27.30999947,27.21999931,22.44999886,26.1099987,27.44999886,27.59000015,27.55999947,22.65999985,25.26999855,27.3599987,27.78999901,27.76999855
1997/8/10,20.62999916,23.65999985,26.59999847,26.94999886,26.92000008,21.46999931,25.73999977,27.37999916,27.26000023,27.15999985,22.02999878,26.18999863,27.5,27.52999878,27.44999886,22.35000038,26.17000008,27.59000015,27.75,27.72999954,22.53999901,25.27999878,27.5,27.88999939,27.87999916
1997/8/17,20.19999886,22.70999908,25.21999931,25.55999947,25.42000008,21,24.51999855,25.88999939,25.57999992,25.42000008,21.55999947,24.94999886,26.01000023,25.88999939,25.76000023,21.90999985,25.02999878,26.19999886,26.26999855,26.20999908,22.18999863,24.44999886,26.29999924,26.70999908,26.68000031
1997/8/24,20.22999954,22.65999985,25.01999855,25.27999878,25.13999939,21,24.42000008,25.71999931,25.32999992,25.1099987,21.55999947,24.86999893,25.89999962,25.62999916,25.46999931,21.92000008,24.95999908,26.09000015,26.02999878,25.95999908,22.19999886,24.44999886,26.18000031,26.51999855,26.48999977
1997/8/31,19.65999985,21.54999924,23.43999863,23.68000031,23.65999985,20.3599987,22.97999954,23.97999954,23.63999939,23.54999924,20.88999939,23.38999939,24.17000008,23.95999908,23.93000031,21.27999878,23.55999947,24.40999985,24.43999863,24.52999878,21.63999939,23.37999916,24.71999931,25.06999969,25.23999977
1997/9/7,19.79999924,21.54999924,23.28999901,23.44999886,23.43000031,20.51000023,22.93000031,23.8599987,23.59000015,23.46999931,21.03999901,23.32999992,24.04999924,23.87999916,23.81999969,21.44999886,23.48999977,24.23999977,24.29999924,24.3599987,21.82999992,23.3599987,24.53999901,24.86999893,25
1997/9/14,19.90999985,21.13999939,22.39999962,22.52999878,22.46999931,20.54999924,22.18000031,22.84000015,22.52999878,22.37999916,21.05999947,22.45999908,22.88999939,22.68000031,22.60000038,21.48999977,22.59000015,22.96999931,23,23.03999901,21.93999863,22.76000023,23.32999992,23.54999924,23.65999985
1997/9/21,18.85000038,19.90999985,21.01000023,21.11999893,21.04999924,19.43000031,20.82999992,21.39999962,21.17000008,20.97999954,19.88999939,21.03999901,21.38999939,21.20999908,21.05999947,20.28999901,21.13999939,21.40999985,21.43000031,21.37999916,20.71999931,21.32999992,21.73999977,21.92000008,21.90999985
1997/9/28,18.09000015,18.93999863,19.82999992,19.92000008,19.87999916,18.65999985,19.72999954,20.17000008,20.01000023,19.87999916,19.12999916,19.95999908,20.20999908,20.11999893,20,19.54999924,20.1099987,20.28999901,20.38999939,20.35000038,20,20.40999985,20.69999886,20.93000031,20.92000008
1997/10/5,17.65999985,18.03999901,18.51000023,18.54999924,18.53999901,18.18000031,18.57999992,18.72999954,18.65999985,18.54999924,18.64999962,18.8599987,18.90999985,18.88999939,18.77000046,19.11999893,19.14999962,19.14999962,19.30999947,19.23999977,19.62999916,19.67000008,19.70999908,20,19.93000031
1997/10/12,17.48999977,17.61999893,17.79999924,17.73999977,17.67000008,18,18.02999878,18.02000046,17.94000053,17.79999924,18.46999931,18.34000015,18.28999901,18.30999947,18.13999939,18.95999908,18.69000053,18.60000038,18.84000015,18.70999908,19.51000023,19.34000015,19.27000046,19.6099987,19.45999908
1997/10/19,17.05999947,16.94000053,16.86999893,16.71999931,16.62999916,17.56999969,17.26000023,17.10000038,16.98999977,16.82999992,18.06999969,17.65999985,17.52999878,17.53999901,17.36999893,18.6099987,18.13999939,18.01000023,18.26000023,18.12999916,19.20999908,18.93000031,18.79999924,19.18999863,19.02999878
1997/10/26,16.37999916,15.90999985,15.52999973,15.39999962,15.32999992,16.80999947,15.96999931,15.63000011,15.52999973,15.38999939,17.27000046,16.26000023,15.92000008,15.93999958,15.79999924,17.79999924,16.69999886,16.29999924,16.56999969,16.45999908,18.42000008,17.67000008,17.11999893,17.44000053,17.28999901
1997/11/2,15.2699995,14.46999931,13.80999947,13.69999981,13.61999989,15.64999962,14.34999943,13.80999947,13.81999969,13.71999931,16.10000038,14.63000011,14.14999962,14.29999924,14.15999985,16.63999939,15.13000011,14.57999992,14.98999977,14.88999939,17.27999878,16.22999954,15.5199995,15.92000008,15.7699995
1997/11/9,14.71999931,13.79999924,13.03999996,12.94999981,12.93999958,15.09999943,13.59999943,12.97999954,13.03999996,13.0199995,15.53999996,13.90999985,13.39999962,13.63000011,13.57999992,16.07999992,14.46999931,13.90999985,14.42000008,14.39999962,16.71999931,15.63000011,14.93999958,15.42000008,15.34999943
1997/11/16,14.60999966,13.21999931,12.03999996,11.98999977,12.05999947,14.90999985,12.69999981,11.77999973,11.98999977,12.06999969,15.32999992,13,12.25,12.53999996,12.59999943,15.90999985,13.63000011,12.82999992,13.34999943,13.40999985,16.61999893,15.02999973,13.93999958,14.38999939,14.35999966
1997/11/23,14.40999985,12.55999947,10.93999958,10.75,10.92000008,14.67000008,11.80999947,10.61999989,10.93999958,11.10999966,15.09999943,12.14999962,11.19999981,11.53999996,11.67000008,15.71000004,12.88999939,11.90999985,12.40999985,12.53999996,16.44999886,14.46000004,13.05999947,13.47999954,13.5
1997/11/30,13.61999989,11.18999958,8.949999809,8.579999924,8.779999733,13.78999996,10.09000015,8.579999924,8.909999847,9.210000038,14.17000008,10.39999962,9.199999809,9.63999939,9.929999352,14.79999924,11.19999981,9.929999352,10.65999985,10.93999958,15.59999943,13.06999969,11.30999947,11.82999992,11.98999977
1997/12/7,12.34999943,9.829999924,7.569999695,7.210000038,7.379999638,12.48999977,8.720000267,7.199999809,7.539999962,7.889999866,12.85999966,9.050000191,7.849999905,8.369999886,8.710000038,13.44999981,9.880000114,8.659999847,9.449999809,9.800000191,14.21000004,11.68999958,10.05000019,10.69999981,10.90999985
1997/12/14,12.02999973,8.909999847,6.069999695,5.619999886,5.869999886,12.11999989,7.46999979,5.579999924,6.089999676,6.5,12.48999977,7.869999886,6.420000076,7.049999714,7.46999979,13.11999989,8.840000153,7.409999847,8.300000191,8.699999809,13.93999958,10.90999985,8.970000267,9.659999847,9.869999886
1997/12/21,12.35999966,8.539999962,5.039999962,4.339999676,4.599999905,12.39999962,6.819999695,4.549999714,5.049999714,5.539999962,12.75,7.259999752,5.539999962,6.25,6.75,13.46000004,8.369999886,6.679999828,7.710000038,8.159999847,14.34999943,10.72999954,8.420000076,9.199999809,9.429999352
1997/12/28,11.80999947,7.829999924,4.139999866,3.339999914,3.619999886,11.81999969,6.039999962,3.699999809,4.179999828,4.759999752,12.15999985,6.460000038,4.679999828,5.460000038,6.069999695,12.84999943,7.569999695,5.799999714,6.960000038,7.539999962,13.72999954,9.969999313,7.629999638,8.460000038,8.789999962
1998/1/4,11.75,7.489999771,3.470000029,2.609999895,2.909999847,11.73999977,5.529999733,3.00999999,3.529999971,4.210000038,12.09999943,5.989999771,4.089999676,4.940000057,5.670000076,12.80999947,7.170000076,5.299999714,6.549999714,7.25,13.71999931,9.710000038,7.259999752,8.170000076,8.579999924
1998/1/11,11.90999985,7.259999752,2.909999847,1.99000001,2.369999886,11.82999992,5.079999924,2.389999866,2.970000029,3.799999952,12.15999985,5.409999847,3.319999933,4.21999979,5.130000114,12.86999989,6.529999733,4.339999676,5.629999638,6.509999752,13.82999992,9.260000229,6.279999733,7.039999962,7.579999924
1998/1/18,11.59999943,6.369999886,1.370000005,0.310000002,0.779999971,11.44999981,3.799999952,0.729999959,1.24000001,2.25999999,11.73999977,4.139999866,1.75999999,2.700000048,3.819999933,12.5,5.420000076,2.950000048,4.349999905,5.46999979,13.54999924,8.5,5.179999828,6.079999924,6.869999886
1998/1/25,11.35999966,5.929999828,0.669999957,-0.550000012,-0.229999989,11.17000008,3.279999971,0.109999999,0.539999962,1.469999909,11.44999981,3.589999914,1.100000024,2.049999952,3.109999895,12.22999954,4.839999676,2.25999999,3.74000001,4.799999714,13.2699995,8,4.539999962,5.5,6.199999809
1998/2/1,10.81999969,5.529999733,0.319999993,-0.949999988,-0.669999957,10.63999939,2.950000048,-0.149999991,0.209999993,1.110000014,10.92000008,3.279999971,0.879999995,1.870000005,2.929999828,11.65999985,4.559999943,2.099999905,3.720000029,4.799999714,12.68999958,7.659999847,4.5,5.639999866,6.339999676
1998/2/8,10.78999996,5.5,0.209999993,-1.039999962,-0.829999983,10.57999992,2.819999933,-0.310000002,-0.039999999,0.779999971,10.84999943,3.109999895,0.629999995,1.549999952,2.549999952,11.59999943,4.349999905,1.779999971,3.409999847,4.429999828,12.63999939,7.549999714,4.259999752,5.409999847,6.039999962
1998/2/15,11.30999947,6.210000038,1.110000014,-0.189999998,-0.049999997,11.15999985,3.720000029,0.719999969,0.969999969,1.659999967,11.43999958,4.009999752,1.659999967,2.549999952,3.409999847,12.17000008,5.199999809,2.74000001,4.349999905,5.25,13.18999958,8.25,5.139999866,6.319999695,6.789999962
1998/2/22,11.36999989,6.239999771,1.279999971,-0.029999999,0.109999999,11.23999977,3.859999895,0.949999988,1.179999948,1.779999971,11.52999973,4.139999866,1.829999924,2.700000048,3.449999809,12.25,5.289999962,2.869999886,4.440000057,5.239999771,13.25,8.289999962,5.25,6.369999886,6.75
1998/3/1,11,6.239999771,1.620000005,0.319999993,0.48999998,10.90999985,4.059999943,1.389999986,1.549999952,2.119999886,11.19999981,4.299999714,2.159999847,2.99000001,3.720000029,11.86999989,5.329999924,3.049999952,4.639999866,5.389999866,12.82999992,8.199999809,5.409999847,6.509999752,6.879999638
1998/3/8,11.31999969,6.619999886,2.029999971,0.680000007,0.75,11.21000004,4.480000019,1.889999986,1.849999905,2.329999924,11.48999977,4.630000114,2.49000001,3.159999847,3.799999952,12.15999985,5.569999695,3.220000029,4.639999866,5.329999924,13.10999966,8.420000076,5.460000038,6.420000076,6.739999771
1998/3/15,11.89999962,7.25,2.720000029,1.319999933,1.350000024,11.82999992,5.179999828,2.659999847,2.549999952,2.889999866,12.10999966,5.259999752,3.159999847,3.74000001,4.21999979,12.7699995,6.119999886,3.74000001,5.049999714,5.579999924,13.71999931,8.929999352,5.869999886,6.710000038,6.879999638
1998/3/22,12.53999996,7.869999886,3.339999914,2.00999999,2.099999905,12.44999981,5.699999809,3.179999828,3.029999971,3.369999886,12.69999981,5.569999695,3.359999895,3.859999895,4.339999676,13.34999943,6.21999979,3.589999914,4.759999752,5.319999695,14.29999924,9.090000153,5.5,6.079999924,6.319999695
1998/3/29,13.34999943,8.88999939,4.509999752,3.159999847,3.24000001,13.29999924,6.879999638,4.429999828,4.190000057,4.429999828,13.59999943,6.909999847,4.839999676,5.199999809,5.539999962,14.28999996,7.699999809,5.279999733,6.259999752,6.679999828,15.2699995,10.48999977,7.199999809,7.75,7.869999886
1998/4/5,14.21999931,10.61999989,7.129999638,6.119999886,6.199999809,14.2699995,8.989999771,7.039999962,6.960000038,7.129999638,14.54999924,8.829999924,7.079999924,7.460000038,7.71999979,15.15999985,9.300000191,7.069999695,7.96999979,8.300000191,16.05999947,11.68999958,8.550000191,8.909999847,8.989999771
1998/4/12,14.30999947,10.82999992,7.449999809,6.449999809,6.409999847,14.38999939,9.289999962,7.409999847,7.039999962,7.159999847,14.68999958,9.199999809,7.5,7.699999809,7.909999847,15.29999924,9.739999771,7.619999886,8.38999939,8.670000076,16.20999908,12.13999939,9.199999809,9.539999962,9.619999886
1998/4/19,14.53999996,11.09999943,7.75,6.879999638,6.909999847,14.60999966,9.489999771,7.509999752,7.710000038,7.789999962,14.94999981,9.510000229,7.799999714,8.429999352,8.599999428,15.61999989,10.21000004,8.170000076,9.279999733,9.5,16.55999947,12.75,10.03999996,10.57999992,10.59999943
1998/4/26,15.0199995,11.90999985,8.909999847,8.210000038,8.260000229,15.13000011,10.44999981,8.619999886,8.800000191,8.949999809,15.47999954,10.53999996,8.949999809,9.539999962,9.779999733,16.15999985,11.23999977,9.369999886,10.40999985,10.69999981,17.1099987,13.71999931,11.25,11.81999969,11.84999943
1998/5/3,15.59999943,12.78999996,10.11999989,9.579999924,9.699999809,15.73999977,11.44999981,9.75,10.2699995,10.48999977,16.11999893,11.52999973,10.05000019,10.88999939,11.18999958,16.78999901,12.18999958,10.40999985,11.63999939,11.97999954,17.72999954,14.56999969,12.30999947,12.94999981,12.97999954
1998/5/10,16.44000053,14.52999973,12.69999981,12.19999981,12.13999939,16.71999931,13.7699995,12.65999985,12.52999973,12.64999962,17.11999893,13.79999924,12.7699995,12.78999996,12.96000004,17.71999931,14.22999954,12.88999939,13.14999962,13.34999943,18.51000023,15.89999962,13.86999989,14.07999992,13.94999981
1998/5/17,16.93000031,15.88999939,14.92000008,14.54999924,14.5199995,17.32999992,15.68999958,15.06999969,14.88999939,14.88999939,17.77999878,15.84999943,15.23999977,15.15999985,15.19999981,18.34000015,16.19999886,15.38000011,15.5199995,15.53999996,19.02999878,17.3599987,16.03999901,16.19000053,16.01000023
1998/5/24,16.86999893,15.77999973,14.64999962,14.14999962,14.13000011,17.27999878,15.56999969,14.88999939,14.63999939,14.56999969,17.77000046,15.89999962,15.31999969,15.25,15.19999981,18.36999893,16.45999908,15.7699995,15.96000004,15.88999939,19.07999992,17.69000053,16.61999893,16.84000015,16.64999962
1998/5/31,16.97999954,16.43000031,15.85999966,15.38999939,15.09999943,17.44000053,16.57999992,16.27000046,15.71999931,15.38999939,17.90999985,16.78999901,16.44999886,16.18000031,15.82999992,18.44999886,17.11999893,16.61999893,16.69999886,16.36999893,19.07999992,18.04999924,17.22999954,17.36999893,16.94000053
1998/6/7,17.15999985,17.39999962,17.55999947,17.19000053,17.02000046,17.69999886,17.96999931,18.11999893,17.73999977,17.45999908,18.18000031,18.17000008,18.18000031,18.02000046,17.76000023,18.65999985,18.34000015,18.19000053,18.30999947,18.06999969,19.18999863,18.8599987,18.56999969,18.69000053,18.38999939
1998/6/14,17.62999916,17.96999931,18.20999908,17.85000038,17.69999886,18.19000053,18.59000015,18.77999878,18.3599987,18.09000015,18.69000053,18.79999924,18.84000015,18.62999916,18.36999893,19.17000008,18.97999954,18.86999893,18.86999893,18.65999985,19.69999886,19.43999863,19.17000008,19.22999954,18.96999931
1998/6/21,18.63999939,19.01000023,19.36999893,19.20999908,19.18999863,19.20999908,19.60000038,19.76000023,19.57999992,19.43000031,19.70999908,19.87999916,19.93000031,19.88999939,19.75,20.20999908,20.12999916,20.07999992,20.14999962,20.04999924,20.75,20.55999947,20.36999893,20.45999908,20.35000038
1998/6/28,19.25,20.13999939,20.95999908,20.82999992,20.86999893,19.89999962,21.03999901,21.44999886,21.54999924,21.42000008,20.45999908,21.43999863,21.76000023,21.92000008,21.75,20.94999886,21.70999908,22,22.14999962,21.97999954,21.43999863,21.86999893,22.17000008,22.31999969,22.10000038
1998/7/5,19.70999908,21.06999969,22.30999947,22.26000023,22.31999969,20.43000031,22.25,22.86999893,23.06999969,23.03999901,21.02999878,22.80999947,23.36999893,23.61999893,23.52999878,21.52000046,23.15999985,23.81999969,24,23.89999962,21.95999908,23.10000038,24,24.26000023,24.11999893
1998/7/12,19.69999886,21.36999893,22.88999939,22.92000008,22.84000015,20.43999863,22.72999954,23.51999855,23.18999863,22.97999954,21.02999878,23.34000015,24.05999947,23.86999893,23.60000038,21.48999977,23.70999908,24.60000038,24.45999908,24.14999962,21.88999939,23.5,24.71999931,24.96999931,24.61999893
1998/7/19,19.61999893,21.61999893,23.48999977,23.55999947,23.26000023,20.37999916,23.20999908,24.21999931,23.6099987,23.23999977,20.95999908,23.82999992,24.73999977,24.26999855,23.85000038,21.37999916,24.12999916,25.22999954,24.93999863,24.51000023,21.70999908,23.70999908,25.23999977,25.51000023,25.11999893
1998/7/26,20.13999939,22.17000008,24.18999863,24.3599987,24.28999901,20.90999985,23.78999901,24.8599987,24.51999855,24.26000023,21.48999977,24.3599987,25.27999878,25.01999855,24.71999931,21.88999939,24.57999992,25.64999962,25.54999924,25.26000023,22.20999908,24.13999939,25.67000008,25.90999985,25.70999908
1998/8/2,20.60000038,23.01000023,25.39999962,25.57999992,25.39999962,21.43999863,24.88999939,26.21999931,25.68999863,25.3599987,22.03999901,25.45999908,26.55999947,26.19999886,25.84000015,22.43000031,25.59999847,26.84000015,26.75,26.43000031,22.73999977,25.04999924,26.87999916,27.17000008,26.94999886
1998/8/9,20.45999908,22.94999886,25.39999962,25.55999947,25.36999893,21.29999924,24.87999916,26.26000023,25.62999916,25.23999977,21.89999962,25.43000031,26.55999947,26.06999969,25.68000031,22.27999878,25.55999947,26.81999969,26.62999916,26.31999969,22.57999992,25.01000023,26.88999939,27.19999886,26.98999977
1998/8/16,20.94999886,23.05999947,25.13999939,25.23999977,25.14999962,21.72999954,24.73999977,25.93000031,25.39999962,25.05999947,22.30999947,25.14999962,26.06999969,25.62999916,25.30999947,22.69999886,25.22999954,26.18000031,25.98999977,25.77999878,23.05999947,24.93000031,26.27999878,26.42000008,26.32999992
1998/8/23,20.64999962,22.61999893,24.51000023,24.53999901,24.42000008,21.39999962,24.18000031,25.29999924,24.70999908,24.36999893,21.93999863,24.5,25.31999969,24.84000015,24.51999855,22.32999992,24.51999855,25.29999924,25.05999947,24.87999916,22.69999886,24.31999969,25.37999916,25.43999863,25.37999916
1998/8/30,20.30999947,22.31999969,24.25,24.28999901,24.18999863,21.04999924,23.8599987,25.01000023,24.59000015,24.27999878,21.56999969,24.12999916,24.94999886,24.63999939,24.35000038,21.93000031,24.07999992,24.81999969,24.71999931,24.56999969,22.27999878,23.85000038,24.88999939,24.95999908,24.94999886
1998/9/6,20.32999992,22.48999977,24.5,24.42000008,24.27999878,21.09000015,24.18000031,25.40999985,25.03999901,24.68999863,21.62999916,24.53999901,25.47999954,25.26999855,24.93999863,21.98999977,24.51000023,25.42000008,25.38999939,25.19999886,22.29999924,24.1099987,25.43999863,25.59999847,25.52999878
1998/9/13,19.77000046,21.63999939,23.37999916,23.34000015,23.21999931,20.5,23.13999939,24.17000008,23.68999863,23.36999893,21.03999901,23.52999878,24.31999969,24.06999969,23.78999901,21.43000031,23.62999916,24.43999863,24.42000008,24.27999878,21.78999901,23.44999886,24.68999863,24.93999863,24.90999985
1998/9/20,19.5,20.85000038,22.10000038,21.94999886,21.75,20.14999962,22.03999901,22.81999969,22.30999947,21.93999863,20.62999916,22.28999901,22.81999969,22.53999901,22.20999908,21.02000046,22.32999992,22.77999878,22.76000023,22.55999947,21.40999985,22.3599987,23.01999855,23.18000031,23.04999924
1998/9/27,18.96999931,20.40999985,21.77000046,21.63999939,21.47999954,19.64999962,21.67000008,22.51000023,22.18999863,21.82999992,20.14999962,21.93000031,22.51000023,22.39999962,22.04999924,20.53999901,21.94999886,22.43999863,22.52999878,22.26999855,20.92000008,21.87999916,22.6099987,22.78999901,22.56999969
1998/10/4,17.84000015,19.30999947,20.71999931,20.6099987,20.5,18.55999947,20.62999916,21.43999863,21.15999985,20.85000038,19.11999893,21.04999924,21.67000008,21.60000038,21.28999901,19.56999969,21.22999954,21.8599987,21.95999908,21.72999954,19.98999977,21.18000031,22.14999962,22.45999908,22.23999977
1998/10/11,17.55999947,18.75,19.92000008,19.84000015,19.70999908,18.25,19.87999916,20.52999878,20.32999992,20.03999901,18.78999901,20.25,20.72999954,20.75,20.44999886,19.25,20.43999863,20.87999916,21.11999893,20.86999893,19.69999886,20.52999878,21.27000046,21.61999893,21.3599987
1998/10/18,17.04999924,18.07999992,19.06999969,18.87999916,18.72999954,17.70999908,19.14999962,19.72999954,19.45999908,19.18999863,18.23999977,19.52999878,19.95999908,20,19.69999886,18.69000053,19.73999977,20.15999985,20.45999908,20.20999908,19.12999916,19.8599987,20.60000038,21.01000023,20.71999931
1998/10/25,16.27999878,17.05999947,17.81999969,17.63999939,17.54999924,16.89999962,17.96999931,18.37999916,18.22999954,18.02000046,17.43000031,18.39999962,18.71999931,18.86999893,18.64999962,17.88999939,18.69999886,19.04999924,19.45999908,19.28999901,18.34000015,18.93000031,19.61999893,20.14999962,19.89999962
1998/11/1,15.71999931,15.98999977,16.30999947,16.15999985,16.11999893,16.27999878,16.57999992,16.68000031,16.60000038,16.51000023,16.77999878,16.98999977,17.06999969,17.28999901,17.19999886,17.27000046,17.38999939,17.48999977,18.01000023,17.95999908,17.77999878,17.88999939,18.23999977,18.81999969,18.68000031
1998/11/8,15.0199995,15.13000011,15.27999973,15.13999939,15.15999985,15.5199995,15.55999947,15.53999996,15.60999966,15.60999966,15.98999977,15.97999954,15.97999954,16.3599987,16.37999916,16.48999977,16.44999886,16.47999954,17.17000008,17.20999908,17.01000023,17.04999924,17.37999916,18.05999947,17.98999977
1998/11/15,14.59999943,13.77999973,13.05999947,12.77999973,12.86999989,14.98999977,13.71999931,13.18999958,13.21000004,13.32999992,15.44999981,14.11999989,13.71000004,14.02999973,14.19999981,15.97999954,14.69999981,14.29999924,14.98999977,15.21000004,16.6099987,15.77999973,15.46000004,16.1099987,16.18000031
1998/11/22,13.71000004,12.46000004,11.36999989,11.11999989,11.27999973,14.02999973,12.11999989,11.30999947,11.53999996,11.68999958,14.46999931,12.52999973,11.92000008,12.36999989,12.55999947,15.0199995,13.21999931,12.64999962,13.43999958,13.63999939,15.68999958,14.54999924,14.0199995,14.75,14.77999973
1998/11/29,13.30999947,11.21000004,9.25,8.789999962,8.989999771,13.53999996,10.36999989,9.079999924,9.369999886,9.659999847,13.92000008,10.69999981,9.659999847,10.28999996,10.60999966,14.5199995,11.43999958,10.36999989,11.44999981,11.77999973,15.2699995,13.17000008,12.0199995,12.88999939,13
1998/12/6,12.44999981,10.11999989,7.929999828,7.46999979,7.699999809,12.61999989,9.130000114,7.699999809,8.079999924,8.429999352,12.98999977,9.510000229,8.409999847,9.090000153,9.5,13.59999943,10.34999943,9.25,10.36999989,10.78999996,14.32999992,12.14999962,10.97999954,11.96000004,12.11999989
1998/12/13,11.65999985,9.289999962,7.039999962,6.539999962,6.779999733,11.82999992,8.289999962,6.799999714,7.25,7.669999599,12.19999981,8.779999733,7.679999828,8.449999809,8.909999847,12.78999996,9.699999809,8.679999352,9.909999847,10.35999966,13.52999973,11.47999954,10.5,11.61999989,11.7699995
1998/12/20,11.86999989,9,6.389999866,5.829999924,6.039999962,11.98999977,7.819999695,6.119999886,6.539999962,7.039999962,12.36999989,8.25,6.960000038,7.779999733,8.319999695,12.97999954,9.179999352,7.929999828,9.279999733,9.800000191,13.73999977,11.15999985,9.849999428,10.98999977,11.18999958
1998/12/27,11.89999962,8.699999809,5.739999771,5,5.139999866,12,7.369999886,5.509999752,5.909999847,6.379999638,12.36999989,7.789999962,6.389999866,7.259999752,7.799999714,12.98999977,8.75,7.369999886,8.829999924,9.349999428,13.78999996,10.81999969,9.340000153,10.53999996,10.69999981
1999/1/3,11.40999985,7.789999962,4.339999676,3.389999866,3.569999933,11.47999954,6.289999962,4.190000057,4.509999752,5.019999981,11.82999992,6.779999733,5.210000038,6.049999714,6.670000076,12.48999977,7.849999905,6.349999905,7.819999695,8.429999352,13.30999947,10.06999969,8.449999809,9.699999809,9.949999809
1999/1/10,10.81999969,6.849999905,3.139999866,2.180000067,2.409999847,10.80999947,5.119999886,2.859999895,3.220000029,3.839999914,11.11999989,5.5,3.74000001,4.659999847,5.389999866,11.77999973,6.549999714,4.809999943,6.339999676,7.089999676,12.61999989,8.909999847,6.960000038,8.220000267,8.579999924
1999/1/17,10.81999969,6.759999752,2.970000029,1.99000001,2.220000029,10.81999969,5.009999752,2.700000048,3.119999886,3.720000029,11.14999962,5.429999828,3.679999828,4.639999866,5.329999924,11.80999947,6.539999962,4.829999924,6.389999866,7.079999924,12.63999939,8.88999939,6.96999979,8.289999962,8.539999962
1999/1/24,11.30999947,6.659999847,2.299999952,1.179999948,1.329999924,11.25,4.599999905,1.99000001,2.279999971,2.909999847,11.57999992,4.96999979,2.929999828,3.909999847,4.639999866,12.27999973,6.129999638,4.079999924,5.759999752,6.5,13.19999981,8.800000191,6.420000076,7.75,8.050000191
1999/1/31,11.38999939,6.679999828,2.299999952,1.189999938,1.279999971,11.32999992,4.599999905,1.969999909,2.24000001,2.879999876,11.63999939,4.929999828,2.859999895,3.859999895,4.630000114,12.32999992,6.049999714,3.929999828,5.710000038,6.489999771,13.2699995,8.760000229,6.329999924,7.699999809,8.039999962
1999/2/7,11.28999996,6.409999847,1.849999905,0.779999971,0.959999979,11.21000004,4.179999828,1.449999928,1.809999943,2.450000048,11.5199995,4.509999752,2.329999924,3.339999914,4.130000114,12.22999954,5.670000076,3.449999809,5.159999847,5.949999809,13.17000008,8.5,5.879999638,7.199999809,7.5
1999/2/14,11.73999977,6.679999828,1.929999948,0.789999962,0.899999976,11.64999962,4.349999905,1.529999971,1.779999971,2.409999847,11.93999958,4.599999905,2.329999924,3.25999999,4.009999752,12.65999985,5.71999979,3.339999914,5.009999752,5.779999733,13.63999939,8.670000076,5.759999752,7,7.299999714
1999/2/21,11.65999985,6.739999771,2.139999866,0.969999969,1.00999999,11.57999992,4.509999752,1.809999943,1.99000001,2.529999971,11.85999966,4.710000038,2.50999999,3.409999847,4.119999886,12.55999947,5.739999771,3.389999866,5.089999676,5.789999962,13.5,8.579999924,5.75,6.989999771,7.25
1999/2/28,11.73999977,6.879999638,2.200000048,0.939999998,0.969999969,11.64999962,4.639999866,1.909999967,2.029999971,2.50999999,11.92000008,4.809999943,2.599999905,3.449999809,4.079999924,12.61999989,5.829999924,3.449999809,5.079999924,5.710000038,13.59999943,8.710000038,5.789999962,6.949999809,7.119999886
1999/3/7,11.73999977,6.920000076,2.319999933,1.019999981,1.120000005,11.65999985,4.769999981,2.099999905,2.24000001,2.75999999,11.97999954,5.019999981,2.889999866,3.779999971,4.460000038,12.67000008,6.089999676,3.819999933,5.460000038,6.159999847,13.63999939,8.929999352,6.170000076,7.339999676,7.589999676
1999/3/14,12.48999977,7.569999695,2.819999933,1.469999909,1.579999924,12.40999985,5.339999676,2.589999914,2.799999952,3.299999952,12.73999977,5.619999886,3.409999847,4.339999676,5.009999752,13.46999931,6.710000038,4.349999905,6.009999752,6.679999828,14.46999931,9.659999847,6.75,7.869999886,8.090000153
1999/3/21,12.63999939,7.71999979,2.970000029,1.559999943,1.659999967,12.57999992,5.549999714,2.859999895,2.909999847,3.369999886,12.89999962,5.75,3.569999933,4.389999866,5,13.61999989,6.759999752,4.380000114,5.949999809,6.579999924,14.60999966,9.679999352,6.670000076,7.71999979,7.909999847
1999/3/28,12.61999989,7.799999714,3.139999866,1.74000001,1.799999952,12.56999969,5.679999828,3.029999971,2.970000029,3.349999905,12.86999989,5.869999886,3.720000029,4.389999866,4.909999847,13.57999992,6.869999886,4.5,5.889999866,6.449999809,14.57999992,9.760000229,6.75,7.669999599,7.819999695
1999/4/4,12.72999954,8.319999695,4.009999752,2.639999866,2.589999914,12.71000004,6.420000076,4.039999962,3.819999933,4.019999981,13.02999973,6.579999924,4.599999905,5.049999714,5.349999905,13.71000004,7.449999809,5.21999979,6.329999924,6.670000076,14.63999939,10.11999989,7.199999809,7.919999599,7.889999866
1999/4/11,13.63999939,9.760000229,5.909999847,4.579999924,4.509999752,13.71000004,8.13999939,6.029999733,5.710000038,5.819999695,14.03999996,8.279999733,6.509999752,6.799999714,7,14.69999981,9.039999962,7,7.909999847,8.159999847,15.60999966,11.48999977,8.739999771,9.300000191,9.220000267
1999/4/18,14.27999973,10.59999943,6.949999809,5.679999828,5.670000076,14.35999966,9.010000229,6.960000038,7.569999695,7.619999886,14.71999931,9.179999352,7.46999979,8.599999428,8.75,15.38999939,9.960000038,8,9.619999886,9.789999962,16.31999969,12.44999981,10,10.86999989,10.73999977
1999/4/25,14.18999958,10.97999954,7.869999886,6.829999924,6.829999924,14.31999969,9.659999847,7.879999638,8.079999924,8.289999962,14.68999958,9.849999428,8.369999886,9.279999733,9.539999962,15.34999943,10.61999989,8.929999352,10.40999985,10.71000004,16.25,12.98999977,11.02999973,11.94999981,11.88999939
1999/5/2,14.84999943,11.86999989,8.829999924,7.659999847,7.619999886,15.02999973,10.71000004,9.039999962,8.949999809,9.050000191,15.39999962,10.92000008,9.539999962,10.13999939,10.32999992,16.07999992,11.67000008,10.06999969,11.32999992,11.53999996,16.97999954,13.97999954,12.07999992,12.94999981,12.77999973
1999/5/9,14.71999931,12.13999939,9.460000038,8.340000153,8.369999886,14.96000004,11.22999954,9.75,9.779999733,9.960000038,15.36999989,11.53999996,10.36999989,11.05999947,11.34999943,16.02999878,12.32999992,11.0199995,12.34999943,12.67000008,16.89999962,14.5199995,13.11999989,14.10999966,14.04999924
1999/5/16,15.55999947,13.22999954,10.73999977,9.489999771,9.630000114,15.84999943,12.5,11.21000004,11.15999985,11.32999992,16.28999901,12.80999947,11.73999977,12.30999947,12.56999969,16.94000053,13.48999977,12.23999977,13.40999985,13.71000004,17.78999901,15.53999996,14.14999962,15,14.88999939
1999/5/23,16.21999931,14.42000008,12.27999973,10.80999947,10.84999943,16.55999947,14.05999947,13.11999989,12.68999958,12.69999981,17.01000023,14.32999992,13.53999996,13.79999924,13.86999989,17.6099987,14.88999939,13.86999989,14.78999996,14.88999939,18.39999962,16.61999893,15.5,16.23999977,15.93999958
1999/5/30,16.44999886,15.17000008,13.36999989,11.73999977,11.72999954,16.87999916,15.17000008,14.5,13.59999943,13.54999924,17.3599987,15.54999924,15,14.88000011,14.88999939,17.95999908,16.11999893,15.43999958,16.02000046,16.06999969,18.69999886,17.52000046,16.8599987,17.57999992,17.27999878
1999/6/6,17.67000008,17.02999878,15.98999977,14.82999992,14.92000008,18.11999893,17.26000023,16.94000053,16.26000023,16.39999962,18.57999992,17.57999992,17.28999901,17.40999985,17.61999893,19.10000038,17.97999954,17.54999924,18.35000038,18.61999893,19.72999954,19.05999947,18.84000015,19.60000038,19.57999992
1999/6/13,18.55999947,17.77999878,16.70999908,15.69999981,15.80999947,18.97999954,17.8599987,17.44999886,17.05999947,17.31999969,19.42000008,18.1099987,17.70999908,18.02999878,18.37999916,19.94999886,18.48999977,17.90999985,18.82999992,19.25,20.6099987,19.70999908,19.23999977,19.92000008,20.04999924
1999/6/20,18.88999939,18.89999962,18.54999924,17.59000015,17.61999893,19.42000008,19.45999908,19.51000023,18.95999908,19.07999992,19.88999939,19.70999908,19.68999863,19.79999924,20.02999878,20.37999916,19.94999886,19.73999977,20.43000031,20.72999954,20.93000031,20.65999985,20.69999886,21.32999992,21.34000015
1999/6/27,19.89999962,21,21.69999886,20.87999916,20.62999916,20.56999969,22.18999863,22.92000008,22.13999939,21.96999931,21.05999947,22.3599987,22.80999947,22.61999893,22.54999924,21.45999908,22.26000023,22.47999954,22.76000023,22.76000023,21.8599987,22.22999954,22.68000031,23.03999901,22.80999947
1999/7/4,19.93000031,21.69999886,23.11999893,22.60000038,22.36999893,20.63999939,23.19999886,24.28999901,23.40999985,23.22999954,21.12999916,23.35000038,24.07999992,23.71999931,23.64999962,21.46999931,23.15999985,23.70999908,23.69999886,23.69999886,21.75,22.70999908,23.52999878,23.70999908,23.60000038
1999/7/11,20.23999977,22.04999924,23.68000031,23.44999886,23.21999931,20.93999863,23.52999878,24.64999962,23.75,23.45999908,21.40999985,23.67000008,24.39999962,23.87999916,23.68000031,21.72999954,23.48999977,24.09000015,23.81999969,23.68999863,22.01000023,23.01000023,23.78999901,23.77999878,23.62999916
1999/7/18,20.43999863,22.92000008,25.26000023,25.22999954,24.96999931,21.21999931,24.80999947,26.27999878,25.45999908,25.09000015,21.72999954,25.07999992,26.17000008,25.6099987,25.28999901,22.02000046,24.89999962,25.94999886,25.6099987,25.36999893,22.19999886,24.03999901,25.5,25.54999924,25.36999893
1999/7/25,20.84000015,23.69999886,26.45999908,26.61999893,26.39999962,21.65999985,25.76999855,27.42000008,26.82999992,26.31999969,22.19999886,26.09000015,27.34999847,26.79999924,26.27999878,22.46999931,25.88999939,27.15999985,26.62999916,26.14999962,22.6099987,24.79999924,26.46999931,26.36999893,25.97999954
1999/8/1,20.77999878,23.44999886,26.03999901,26.21999931,26.05999947,21.59000015,25.39999962,26.89999962,26.46999931,25.97999954,22.13999939,25.82999992,27.01000023,26.59999847,26.03999901,22.44999886,25.77999878,27.04999924,26.6099987,26.05999947,22.62999916,24.82999992,26.5,26.46999931,26.04999924
1999/8/8,20.36999893,22.43999863,24.52999878,24.80999947,25.13999939,21.1099987,23.97999954,25.04999924,25.23999977,25.25,21.65999985,24.46999931,25.3599987,25.55999947,25.46999931,22.02999878,24.67000008,25.69999886,25.77999878,25.63999939,22.32999992,24.20999908,25.67000008,25.79999924,25.73999977
1999/8/15,20.26000023,22.26000023,24.26999855,24.5,24.96999931,21.01000023,23.79999924,24.77999878,25.23999977,25.55999947,21.6099987,24.51000023,25.43000031,25.94999886,26.15999985,22.02999878,24.88999939,26.06999969,26.48999977,26.64999962,22.3599987,24.52999878,26.39999962,26.89999962,27.01000023
1999/8/22,19.8599987,21.78999901,23.62999916,23.76000023,23.94999886,20.59000015,23.27999878,24.21999931,24.3599987,24.55999947,21.15999985,23.93999863,24.80999947,25.10000038,25.20999908,21.56999969,24.28999901,25.37999916,25.69999886,25.76000023,21.89999962,23.97999954,25.73999977,26.29999924,26.23999977
1999/8/29,20.29999924,22.06999969,23.78999901,23.82999992,23.86999893,21.02000046,23.51000023,24.43999863,24.35000038,24.45999908,21.57999992,24.02999878,24.81999969,24.95999908,25.03999901,21.96999931,24.23999977,25.12999916,25.44999886,25.5,22.30999947,23.95999908,25.40999985,25.89999962,25.8599987
1999/9/5,20.56999969,22.54999924,24.43000031,24.43000031,24.30999947,21.32999992,24.13999939,25.19999886,24.88999939,24.79999924,21.89999962,24.68000031,25.56999969,25.51000023,25.43000031,22.29999924,24.85000038,25.84999847,26.02999878,25.94999886,22.61999893,24.44999886,26.01999855,26.48999977,26.34999847
1999/9/12,19.92000008,21.89999962,23.6099987,23.42000008,23.27999878,20.67000008,23.51000023,24.52999878,24.05999947,23.82999992,21.25,24.13999939,25.04999924,24.86999893,24.65999985,21.64999962,24.42000008,25.51999855,25.6099987,25.43999863,21.96999931,24.02999878,25.75,26.26999855,26.06999969
1999/9/19,19.60000038,20.5,21.21999931,20.90999985,20.75,20.20999908,21.45999908,21.89999962,21.42000008,21.15999985,20.73999977,21.93999863,22.30999947,22.10000038,21.85000038,21.18999863,22.27999878,22.72999954,22.80999947,22.61999893,21.63999939,22.44999886,23.12999916,23.51000023,23.31999969
1999/9/26,18.5,19.23999977,19.80999947,19.51000023,19.40999985,19.07999992,20.07999992,20.42000008,20.05999947,19.81999969,19.59000015,20.52000046,20.79999924,20.72999954,20.48999977,20.04999924,20.87999916,21.20999908,21.46999931,21.28999901,20.52000046,21.18000031,21.77000046,22.22999954,22.05999947
1999/10/3,18.26000023,18.63999939,18.92000008,18.62999916,18.51000023,18.80999947,19.27000046,19.42000008,19.09000015,18.85000038,19.30999947,19.65999985,19.77000046,19.69999886,19.45999908,19.78999901,20.02000046,20.12999916,20.39999962,20.20999908,20.30999947,20.48999977,20.71999931,21.13999939,20.94999886
1999/10/10,17.40999985,17.51000023,17.56999969,17.29999924,17.20999908,17.94999886,18,17.98999977,17.69000053,17.52000046,18.45999908,18.39999962,18.37999916,18.34000015,18.17000008,18.97999954,18.82999992,18.80999947,19.11999893,19.01000023,19.53999901,19.44999886,19.52000046,19.97999954,19.8599987
1999/10/17,16.55999947,16.80999947,17.04999924,16.82999992,16.75,17.11999893,17.38999939,17.45999908,17.31999969,17.14999962,17.62999916,17.80999947,17.87999916,17.95999908,17.77999878,18.12999916,18.21999931,18.30999947,18.69999886,18.55999947,18.64999962,18.72999954,19,19.51000023,19.30999947
1999/10/24,15.77999973,15.75,15.69999981,15.38999939,15.30999947,16.30999947,16.20999908,16.09000015,15.96999931,15.84999943,16.82999992,16.77999878,16.77000046,16.92000008,16.77999878,17.3599987,17.37999916,17.48999977,17.94999886,17.84000015,17.92000008,18.01000023,18.36999893,19.02999878,18.82999992
1999/10/31,15.40999985,14.96999931,14.48999977,14.17000008,14.13999939,15.88999939,15.13999939,14.7699995,14.71999931,14.63999939,16.39999962,15.68999958,15.46999931,15.67000008,15.56999969,16.94999886,16.34000015,16.21999931,16.76000023,16.67000008,17.54999924,17.19999886,17.22999954,17.90999985,17.68000031
1999/11/7,14.71999931,14,13.35999966,13.06999969,13.07999992,15.13999939,14.02999973,13.5199995,13.52999973,13.55999947,15.61999989,14.5,14.14999962,14.44999981,14.46999931,16.15999985,15.13999939,14.86999989,15.5199995,15.54999924,16.77000046,16.11999893,15.96000004,16.67000008,16.55999947
1999/11/14,14.27999973,13.25,12.28999996,11.96000004,12.07999992,14.63999939,13.07999992,12.36999989,12.57999992,12.73999977,15.10999966,13.54999924,13.05999947,13.5199995,13.65999985,15.65999985,14.22999954,13.79999924,14.59999943,14.71999931,16.28999901,15.32999992,14.96999931,15.71999931,15.64999962
1999/11/21,13.68999958,12.36999989,11.15999985,10.82999992,10.98999977,14.0199995,12.0199995,11.15999985,11.38999939,11.68999958,14.44999981,12.47999954,11.85999966,12.40999985,12.72999954,15,13.18999958,12.61999989,13.57999992,13.88999939,15.63999939,14.40999985,13.93999958,14.79999924,14.89999962
1999/11/28,12.78999996,10.98999977,9.369999886,9.029999733,9.210000038,13.03999996,10.34999943,9.210000038,9.579999924,9.909999847,13.46000004,10.77999973,9.929999352,10.56999969,10.89999962,14.02999973,11.57999992,10.78999996,11.73999977,12.03999996,14.69999981,13,12.18999958,13.02999973,13.05999947
1999/12/5,12.43999958,10.36999989,8.5,8.130000114,8.340000153,12.64999962,9.550000191,8.25,8.699999809,9.090000153,13.03999996,10.01000023,9.050000191,9.75,10.13999939,13.63000011,10.86999989,9.989999771,11.0199995,11.35999966,14.31999969,12.42000008,11.48999977,12.36999989,12.40999985
1999/12/12,11.97999954,9.199999809,6.619999886,6.159999847,6.379999638,12.09999943,7.929999828,6.21999979,6.75,7.239999771,12.44999981,8.319999695,7,7.789999962,8.25,13.06999969,9.239999771,7.929999828,9.039999962,9.420000076,13.82999992,11.15999985,9.569999695,10.39999962,10.44999981
1999/12/19,11.21000004,8.239999771,5.460000038,4.929999828,5.199999809,11.28999996,6.889999866,5.089999676,5.599999905,6.210000038,11.63999939,7.279999733,5.909999847,6.71999979,7.339999676,12.23999977,8.210000038,6.869999886,8.050000191,8.599999428,12.98999977,10.13000011,8.539999962,9.469999313,9.679999352
1999/12/26,10.97999954,7.419999599,4.139999866,3.529999971,3.779999971,10.98999977,5.789999962,3.679999828,4.119999886,4.730000019,11.32999992,6.210000038,4.589999676,5.380000114,6.049999714,11.96000004,7.25,5.699999809,6.909999847,7.509999752,12.77999973,9.449999809,7.549999714,8.569999695,8.789999962
2000/1/2,10.82999992,6.909999847,3.299999952,2.649999857,3.00999999,10.80999947,5.059999943,2.74000001,3.399999857,4.159999847,11.11999989,5.460000038,3.679999828,4.659999847,5.489999771,11.77999973,6.569999695,4.809999943,6.199999809,6.960000038,12.64999962,8.989999771,6.839999676,7.839999676,8.220000267
2000/1/9,11.15999985,6.75,2.720000029,2.029999971,2.429999828,11.09999943,4.639999866,2.049999952,2.839999914,3.779999971,11.42000008,5.049999714,3.069999933,4.21999979,5.25,12.11999989,6.25,4.259999752,5.829999924,6.779999733,13.06999969,8.960000038,6.5,7.549999714,8.069999695
2000/1/16,10.48999977,5.920000076,1.74000001,0.98999995,1.389999986,10.40999985,3.74000001,1.069999933,1.870000005,2.859999895,10.69999981,4.059999943,2.00999999,3.159999847,4.230000019,11.36999989,5.210000038,3.129999876,4.690000057,5.670000076,12.30999947,7.949999809,5.329999924,6.420000076,6.909999847
2000/1/23,10.34999943,5.5,1.069999933,0.25999999,0.699999988,10.21000004,3.179999828,0.370000005,1.24000001,2.279999971,10.48999977,3.50999999,1.329999924,2.589999914,3.74000001,11.19999981,4.690000057,2.49000001,4.170000076,5.21999979,12.14999962,7.539999962,4.769999981,5.920000076,6.46999979
2000/1/30,9.5,4.849999905,0.629999995,-0.129999995,0.25,9.369999886,2.639999866,0,0.669999957,1.719999909,9.619999886,2.929999828,0.839999974,1.99000001,3.159999847,10.28999996,4.059999943,1.949999928,3.589999914,4.670000076,11.19999981,6.849999905,4.259999752,5.380000114,5.949999809
2000/2/6,8.829999924,4.369999886,0.389999986,-0.340000004,-0.029999999,8.699999809,2.279999971,-0.170000002,0.349999994,1.389999986,8.929999352,2.470000029,0.469999999,1.579999924,2.75999999,9.539999962,3.429999828,1.329999924,3.069999933,4.179999828,10.38999939,6.079999924,3.609999895,4.789999962,5.389999866
2000/2/13,9.199999809,4.509999752,0.280000001,-0.539999962,-0.25999999,9.079999924,2.299999952,-0.25999999,0.25,1.220000029,9.289999962,2.429999828,0.319999993,1.449999928,2.599999905,9.909999847,3.399999857,1.139999986,2.909999847,4.009999752,10.78999996,6.170000076,3.49000001,4.670000076,5.239999771
2000/2/20,9.25,4.589999676,0.269999981,-0.699999988,-0.539999962,9.090000153,2.389999866,-0.170000002,0.129999995,0.979999959,9.300000191,2.50999999,0.389999986,1.370000005,2.389999866,9.920000076,3.429999828,1.129999995,2.839999914,3.839999914,10.80999947,6.210000038,3.470000029,4.619999886,5.119999886
2000/2/27,9.869999886,5.130000114,0.75,-0.269999981,-0.089999996,9.75,2.929999828,0.310000002,0.629999995,1.389999986,9.989999771,3.069999933,0.949999988,1.909999967,2.819999933,10.61999989,4.039999962,1.74000001,3.389999866,4.299999714,11.53999996,6.869999886,4.089999676,5.199999809,5.589999676
2000/3/5,10.21000004,5.349999905,0.789999962,-0.25,-0.189999998,10.06999969,3.049999952,0.349999994,0.519999981,1.120000005,10.30999947,3.179999828,0.969999969,1.779999971,2.529999971,10.96000004,4.170000076,1.75999999,3.279999971,4.019999981,11.92000008,7.119999886,4.130000114,5.159999847,5.420000076
2000/3/12,11.03999996,6.179999828,1.50999999,0.340000004,0.370000005,10.89999962,3.869999886,1.120000005,1.25999999,1.75999999,11.14999962,3.970000029,1.719999909,2.49000001,3.139999866,11.82999992,4.929999828,2.450000048,3.929999828,4.559999943,12.81999969,7.960000038,4.789999962,5.710000038,5.889999866
2000/3/19,11.67000008,6.909999847,2.200000048,0.939999998,0.939999998,11.55999947,4.619999886,1.909999967,1.969999909,2.369999886,11.81999969,4.679999828,2.450000048,3.159999847,3.679999828,12.48999977,5.599999905,3.089999914,4.46999979,5.009999752,13.48999977,8.619999886,5.319999695,6.119999886,6.21999979
2000/3/26,12.11999989,7.509999752,2.879999876,1.549999952,1.429999948,12.02999973,5.329999924,2.700000048,2.49000001,2.700000048,12.28999996,5.409999847,3.24000001,3.659999847,3.99000001,12.98999977,6.299999714,3.859999895,4.929999828,5.289999962,13.97999954,9.25,5.949999809,6.589999676,6.549999714
2000/4/2,12.18999958,8.13999939,3.99000001,2.659999847,2.659999847,12.15999985,6.279999733,3.99000001,3.779999971,3.949999809,12.43999958,6.369999886,4.46999979,4.829999924,5.119999886,13.07999992,7.159999847,4.96999979,5.949999809,6.25,14.0199995,9.829999924,6.839999676,7.389999866,7.369999886
2000/4/9,12.96000004,8.970000267,4.96999979,3.699999809,3.74000001,12.94999981,7.170000076,4.960000038,4.71999979,4.849999905,13.23999977,7.210000038,5.329999924,5.639999866,5.869999886,13.89999962,7.960000038,5.75,6.629999638,6.879999638,14.84999943,10.60999966,7.569999695,8.010000229,7.949999809
2000/4/16,13.53999996,10.09000015,6.489999771,5.119999886,5.049999714,13.61999989,8.63999939,6.739999771,6.279999733,6.25,13.93999958,8.75,7.119999886,7.170000076,7.199999809,14.56999969,9.409999847,7.5,8.090000153,8.130000114,15.46000004,11.7699995,9.079999924,9.409999847,9.159999847
2000/4/23,14.13999939,10.85999966,7.460000038,6.210000038,6.099999905,14.23999977,9.5,7.669999599,7.119999886,7.039999962,14.57999992,9.590000153,8.039999962,8,7.960000038,15.21999931,10.23999977,8.380000114,8.869999886,8.849999428,16.10000038,12.52999973,9.869999886,10.11999989,9.849999428
2000/4/30,14.17000008,11.69999981,9.029999733,7.789999962,7.71999979,14.38999939,10.85999966,9.449999809,8.909999847,8.760000229,14.78999996,11.15999985,10.03999996,9.960000038,9.849999428,15.39999962,11.84999943,10.55999947,10.97999954,10.88999939,16.21999931,13.75,11.96000004,12.31999969,11.98999977
2000/5/7,14.89999962,12.86999989,10.69999981,9.670000076,9.539999962,15.15999985,12.21000004,11.09999943,10.43999958,10.17999935,15.54999924,12.36999989,11.38999939,11.14999962,10.92000008,16.14999962,12.86999989,11.60999966,11.84999943,11.65999985,16.94000053,14.63999939,12.80999947,12.94999981,12.57999992
2000/5/14,15.10999966,13.48999977,11.86999989,11.18999958,11.03999996,15.38999939,12.98999977,12.10999966,11.61999989,11.35999966,15.78999996,13.07999992,12.23999977,12.06999969,11.81999969,16.34000015,13.46999931,12.35999966,12.57999992,12.36999989,17.10000038,15.13999939,13.48999977,13.59999943,13.21000004
2000/5/21,15.68999958,14.67000008,13.67000008,13.15999985,12.88999939,16.03999901,14.5199995,13.98999977,13.34999943,12.98999977,16.42000008,14.54999924,13.96999931,13.61999989,13.25,16.92000008,14.78999996,13.89999962,13.96999931,13.65999985,17.60000038,16.10000038,14.79999924,14.88999939,14.43999958
2000/5/28,16.72999954,15.60999966,14.57999992,14.21999931,14.11999989,17.09000015,15.31999969,14.71999931,14.40999985,14.13999939,17.48999977,15.35999966,14.69999981,14.54999924,14.28999996,18.02999878,15.63999939,14.65999985,14.80999947,14.57999992,18.75,17.06999969,15.56999969,15.57999992,15.25
2000/6/4,17.73999977,17.14999962,16.65999985,16.44000053,16.30999947,18.17000008,17.17000008,16.84000015,16.54999924,16.30999947,18.59000015,17.29999924,16.90999985,16.79999924,16.57999992,19.10000038,17.52999878,16.88999939,17.07999992,16.90999985,19.75,18.61999893,17.62999916,17.72999954,17.47999954
2000/6/11,18.27999878,18.78999901,19.38999939,19.30999947,19.03999901,18.82999992,19.48999977,19.80999947,19.52000046,19.15999985,19.28999901,19.65999985,19.80999947,19.72999954,19.40999985,19.70999908,19.70999908,19.67000008,19.89999962,19.64999962,20.18999863,20.11999893,20.09000015,20.31999969,20.02000046
2000/6/18,19.06999969,20.10000038,21.26000023,21.38999939,21.34000015,19.68000031,21.02999878,21.62999916,21.60000038,21.42000008,20.14999962,21.18000031,21.52999878,21.68999863,21.55999947,20.53999901,21.15999985,21.32999992,21.68999863,21.63999939,20.96999931,21.29999924,21.6099987,21.84000015,21.75
2000/6/25,20.09000015,21.54999924,23.12999916,23.31999969,23.18000031,20.77000046,22.75,23.6099987,23.47999954,23.21999931,21.27000046,22.90999985,23.45999908,23.44999886,23.21999931,21.65999985,22.81999969,23.19999886,23.29999924,23.13999939,22.02000046,22.63999939,23.14999962,23.23999977,23.02999878
2000/7/2,19.80999947,21.57999992,23.45999908,23.72999954,23.60000038,20.52999878,22.94999886,23.95999908,23.82999992,23.65999985,21.03999901,23.14999962,23.82999992,23.87999916,23.76000023,21.42000008,23.06999969,23.63999939,23.81999969,23.77999878,21.76000023,22.75,23.60000038,23.77999878,23.76000023
2000/7/9,20.43000031,22.54999924,24.76000023,25.05999947,24.64999962,21.18999863,24.13999939,25.37999916,25,24.39999962,21.70999908,24.32999992,25.18000031,24.77999878,24.21999931,22.05999947,24.18000031,24.93000031,24.51000023,24.01000023,22.35000038,23.62999916,24.46999931,24.26999855,23.80999947
2000/7/16,20.38999939,22.72999954,25.14999962,25.54999924,25.28999901,21.17000008,24.43999863,25.72999954,25.37999916,24.81999969,21.71999931,24.81999969,25.79999924,25.39999962,24.84000015,22.07999992,24.85000038,25.88999939,25.44999886,24.93000031,22.37999916,24.29999924,25.6099987,25.48999977,25.09000015
2000/7/23,20.75,23.19999886,25.65999985,25.94999886,25.69999886,21.55999947,25.01999855,26.3599987,26.04999924,25.46999931,22.13999939,25.51999855,26.59999847,26.26999855,25.63999939,22.51000023,25.6099987,26.80999947,26.48999977,25.88999939,22.78999901,24.98999977,26.6099987,26.67000008,26.19999886
2000/7/30,20.30999947,22.93999863,25.59999847,25.92000008,25.64999962,21.14999962,24.89999962,26.34999847,25.97999954,25.43999863,21.73999977,25.40999985,26.59000015,26.31999969,25.71999931,22.10000038,25.5,26.81999969,26.67000008,26.1099987,22.3599987,24.82999992,26.76000023,26.98999977,26.56999969
2000/8/6,20.60000038,23.40999985,26.18000031,26.48999977,26.19999886,21.45999908,25.43000031,26.97999954,26.6099987,26.18999863,22.04999924,25.89999962,27.12999916,26.92000008,26.46999931,22.39999962,25.92000008,27.23999977,27.25,26.87999916,22.64999962,25.20999908,27.22999954,27.56999969,27.34999847
2000/8/13,20.68999863,23.36999893,26.11999893,26.52999878,26.42000008,21.53999901,25.31999969,26.78999901,26.63999939,26.39999962,22.12999916,25.78999901,26.94999886,26.97999954,26.76999855,22.5,25.84000015,27.09999847,27.3599987,27.26000023,22.77999878,25.22999954,27.26999855,27.76999855,27.78999901
2000/8/20,20.34000015,22.80999947,25.3599987,25.69999886,25.57999992,21.15999985,24.65999985,26.03999901,25.82999992,25.53999901,21.75,25.11999893,26.20999908,26.13999939,25.88999939,22.11999893,25.19999886,26.37999916,26.51000023,26.37999916,22.40999985,24.67000008,26.54999924,26.98999977,26.93999863
2000/8/27,20.02999878,22.75,25.46999931,25.80999947,25.68000031,20.85000038,24.67000008,26.18999863,26.04999924,25.65999985,21.39999962,25.04999924,26.20999908,26.07999992,25.70999908,21.72999954,24.97999954,26.15999985,26.14999962,25.88999939,21.97999954,24.31999969,26.1099987,26.34999847,26.15999985
2000/9/3,19.63999939,22.03999901,24.44999886,24.76000023,24.6099987,20.39999962,23.75,25.09000015,24.92000008,24.5,20.93000031,24.02999878,25.01000023,24.90999985,24.44999886,21.26000023,23.95999908,24.92000008,24.90999985,24.52999878,21.54999924,23.47999954,24.89999962,25.07999992,24.75
2000/9/10,19.31999969,21.38999939,23.51000023,23.72999954,23.54999924,20.03999901,22.93999863,24.13999939,23.97999954,23.46999931,20.52999878,23.14999962,23.98999977,23.82999992,23.25,20.85000038,23.03999901,23.80999947,23.65999985,23.10000038,21.12999916,22.60000038,23.62999916,23.62999916,23.09000015
2000/9/17,19.22999954,21.15999985,23.09000015,23.20999908,22.96999931,19.93999863,22.65999985,23.76999855,23.54999924,23,20.43999863,22.93999863,23.75,23.57999992,22.93999863,20.77999878,22.89999962,23.68000031,23.52999878,22.88999939,21.06999969,22.47999954,23.51000023,23.52999878,22.92000008
2000/9/24,19.23999977,21.04999924,22.85000038,23,22.84000015,19.94999886,22.45999908,23.44999886,23.27999878,22.85000038,20.45999908,22.79999924,23.54999924,23.45999908,22.93999863,20.84000015,22.85000038,23.60000038,23.54999924,23.01000023,21.17000008,22.52999878,23.53999901,23.63999939,23.11999893
2000/10/1,19.05999947,20.53999901,22.02999878,22.13999939,22.02000046,19.76000023,21.77000046,22.54999924,22.40999985,22.06999969,20.29999924,22.15999985,22.76000023,22.72999954,22.31999969,20.71999931,22.30999947,22.92000008,22.97999954,22.53999901,21.1099987,22.18000031,23.01999855,23.20999908,22.77999878
2000/10/8,18.52999878,19.20999908,19.93000031,19.98999977,19.90999985,19.10000038,19.93000031,20.23999977,20.09000015,19.89999962,19.60000038,20.27000046,20.45999908,20.5,20.23999977,20.06999969,20.55999947,20.75,20.92000008,20.65999985,20.54999924,20.89999962,21.14999962,21.37999916,21.11999893
2000/10/15,17.28999901,17.63999939,18.11999893,18.20999908,18.22999954,17.84000015,18.17000008,18.28999901,18.29999924,18.21999931,18.35000038,18.5,18.52999878,18.71999931,18.6099987,18.85000038,18.85000038,18.85000038,19.23999977,19.12999916,19.40999985,19.44999886,19.52999878,19.86999893,19.70999908
2000/10/22,16.6099987,16.79999924,17.10000038,17.1099987,17.09000015,17.13999939,17.26000023,17.28999901,17.35000038,17.27000046,17.63999939,17.6099987,17.59000015,17.85000038,17.75,18.14999962,17.97999954,17.94000053,18.44999886,18.34000015,18.70999908,18.63999939,18.71999931,19.18999863,18.98999977
2000/10/29,15.98999977,15.69999981,15.48999977,15.38999939,15.36999989,16.46999931,15.89999962,15.63999939,15.68999958,15.64999962,16.96999931,16.30999947,16.10000038,16.37999916,16.34000015,17.51000023,16.82999992,16.62999916,17.19000053,17.14999962,18.11999893,17.69999886,17.57999992,18.15999985,18
2000/11/5,15.22999954,14.52999973,13.96000004,13.78999996,13.75,15.64999962,14.5,14.02999973,14.06999969,14.02999973,16.12999916,14.88999939,14.5,14.78999996,14.73999977,16.67000008,15.46999931,15.07999992,15.67000008,15.63000011,17.30999947,16.52000046,16.15999985,16.76000023,16.55999947
2000/11/12,14.32999992,12.85999966,11.55999947,11.35999966,11.48999977,14.63999939,12.32999992,11.38999939,11.68999958,11.82999992,15.04999924,12.63999939,11.85999966,12.31999969,12.44999981,15.63999939,13.28999996,12.47999954,13.15999985,13.29999924,16.3599987,14.77999973,13.71999931,14.23999977,14.21000004
2000/11/19,13.35999966,11.96000004,10.82999992,10.78999996,10.96000004,13.63999939,11.46000004,10.53999996,11.02999973,11.25,14.04999924,11.85999966,11.15999985,11.77999973,11.98999977,14.61999989,12.57999992,11.90999985,12.75,12.93999958,15.28999996,13.93999958,13.21999931,13.96000004,13.90999985
2000/11/26,13.14999962,11.67000008,10.40999985,10.21999931,10.32999992,13.43999958,11.17000008,10.19999981,10.61999989,10.86999989,13.85999966,11.61999989,10.90999985,11.57999992,11.78999996,14.40999985,12.36999989,11.71000004,12.69999981,12.88999939,15.07999992,13.77999973,13.13999939,13.96999931,13.90999985
2000/12/3,12.67000008,10.78999996,9.079999924,8.800000191,8.960000038,12.90999985,10.03999996,8.829999924,9.319999695,9.679999352,13.30999947,10.48999977,9.599999428,10.38999939,10.75,13.88999939,11.31999969,10.47999954,11.63999939,11.96000004,14.60999966,12.89999962,12.05999947,13,13.03999996
2000/12/10,12.34999943,9.829999924,7.509999752,7.119999886,7.349999905,12.5,8.739999771,7.159999847,7.75,8.159999847,12.89999962,9.199999809,8.029999733,8.929999352,9.349999428,13.5199995,10.15999985,9.039999962,10.32999992,10.69999981,14.29999924,12.06999969,10.85999966,11.86999989,11.89999962
2000/12/17,11.65999985,8.909999847,6.319999695,5.759999752,5.989999771,11.77999973,7.710000038,5.989999771,6.629999638,7.089999676,12.14999962,8.199999809,6.949999809,7.919999599,8.38999939,12.77999973,9.210000038,8.039999962,9.38999939,9.789999962,13.55999947,11.22999954,9.920000076,10.94999981,10.98999977
2000/12/24,11.0199995,7.829999924,4.839999676,4.179999828,4.389999866,11.07999992,6.429999828,4.509999752,5.039999962,5.5,11.43999958,6.920000076,5.5,6.369999886,6.849999905,12.07999992,7.989999771,6.639999866,7.889999866,8.319999695,12.88999939,10.15999985,8.569999695,9.550000191,9.579999924
2000/12/31,10.86999989,7.199999809,3.720000029,2.889999866,3.159999847,10.86999989,5.539999962,3.399999857,3.879999876,4.5,11.19999981,5.949999809,4.309999943,5.239999771,5.889999866,11.84999943,6.989999771,5.339999676,6.75,7.349999905,12.68999958,9.300000191,7.319999695,8.340000153,8.579999924
2001/1/7,10.73999977,6.529999733,2.470000029,1.50999999,1.929999948,10.69999981,4.549999714,2.029999971,2.859999895,3.609999895,11.02999973,5.019999981,3.159999847,4.420000076,5.210000038,11.69999981,6.210000038,4.389999866,6.069999695,6.819999695,12.57999992,8.699999809,6.460000038,7.75,8.079999924
2001/1/14,10.55999947,6.089999676,1.819999933,0.769999981,1.059999943,10.5,4.059999943,1.429999948,1.909999967,2.619999886,10.82999992,4.589999676,2.659999847,3.699999809,4.440000057,11.53999996,5.889999866,4.039999962,5.579999924,6.259999752,12.46000004,8.529999733,6.199999809,7.339999676,7.579999924
2001/1/21,10.89999962,6.079999924,1.429999948,0.349999994,0.849999964,10.80999947,3.779999971,0.889999986,1.599999905,2.49000001,11.14999962,4.339999676,2.200000048,3.529999971,4.480000019,11.89999962,5.75,3.679999828,5.579999924,6.460000038,12.88999939,8.670000076,6.239999771,7.509999752,7.879999638
2001/1/28,10.60999966,5.549999714,0.789999962,-0.199999988,0.25999999,10.44999981,3.109999895,0.149999991,0.75,1.779999971,10.73999977,3.470000029,1.189999938,2.470000029,3.589999914,11.48999977,4.759999752,2.429999828,4.389999866,5.429999828,12.48999977,7.839999676,5.089999676,6.389999866,6.849999905
2001/2/4,11.09999943,5.789999962,0.779999971,-0.239999995,0.170000002,10.92000008,3.179999828,0.099999994,0.639999986,1.579999924,11.19999981,3.409999847,0.969999969,2.24000001,3.279999971,11.93999958,4.589999676,1.99000001,4.059999943,5.019999981,12.98999977,7.869999886,4.799999714,6.129999638,6.449999809
2001/2/11,10.64999962,5.279999733,0.289999992,-0.629999995,-0.199999988,10.44999981,2.609999895,-0.429999977,0,0.979999959,10.67000008,2.700000048,0.219999999,1.329999924,2.470000029,11.38999939,3.779999971,1.059999943,2.970000029,4.089999676,12.43999958,7.119999886,3.839999914,5.059999943,5.529999733
2001/2/18,11.09999943,5.489999771,0.319999993,-0.569999993,-0.149999991,10.86999989,2.659999847,-0.50999999,0.07,1.029999971,11.07999992,2.659999847,0.01,1.110000014,2.220000029,11.80999947,3.699999809,0.75999999,2.49000001,3.549999952,12.89999962,7.179999828,3.409999847,4.429999828,4.849999905
2001/2/25,11.69999981,5.989999771,0.610000014,-0.379999995,-0.029999999,11.44999981,3.049999952,-0.209999993,0.329999983,1.25999999,11.67000008,3.049999952,0.319999993,1.429999948,2.50999999,12.42000008,4.089999676,1.039999962,2.849999905,3.879999876,13.54999924,7.710000038,3.779999971,4.839999676,5.259999752
2001/3/4,11.92000008,6.369999886,1.039999962,-0.059999999,0.029999999,11.71000004,3.569999933,0.389999986,0.599999964,1.279999971,11.94999981,3.569999933,0.930000007,1.779999971,2.609999895,12.69999981,4.599999905,1.639999986,3.279999971,4.089999676,13.80999947,8.159999847,4.339999676,5.409999847,5.639999866
2001/3/11,11.81999969,6.629999638,1.529999971,0.269999981,0.280000001,11.65999985,4.089999676,1.100000024,1.25999999,1.699999928,11.92000008,4.259999752,1.829999924,2.649999857,3.24000001,12.67000008,5.369999886,2.720000029,4.339999676,4.920000076,13.73999977,8.699999809,5.420000076,6.599999905,6.629999638
2001/3/18,12.42000008,7.339999676,2.279999971,0.979999959,0.930000007,12.27999973,4.839999676,1.909999967,1.949999928,2.24000001,12.52999973,4.889999866,2.470000029,3.139999866,3.549999952,13.27999973,5.879999638,3.159999847,4.619999886,5.019999981,14.36999989,9.199999809,5.670000076,6.639999866,6.569999695
2001/3/25,12.27999973,7.549999714,2.799999952,1.469999909,1.389999986,12.15999985,5.25,2.549999952,2.529999971,2.700000048,12.42000008,5.329999924,3.069999933,3.699999809,3.949999809,13.13999939,6.259999752,3.720000029,5.079999924,5.339999676,14.17000008,9.38999939,6.079999924,6.929999828,6.779999733
2001/4/1,12.5,8.220000267,3.859999895,2.549999952,2.569999933,12.44999981,6.179999828,3.74000001,3.659999847,3.839999914,12.72999954,6.259999752,4.21999979,4.759999752,5.009999752,13.39999962,7.119999886,4.789999962,6.029999733,6.289999962,14.39999962,10.07999992,7.009999752,7.75,7.619999886
2001/4/8,12.96000004,9.319999695,5.589999676,4.429999828,4.429999828,12.97999954,7.599999905,5.539999962,5.539999962,5.659999847,13.25,7.619999886,5.839999676,6.429999828,6.599999905,13.88999939,8.319999695,6.179999828,7.409999847,7.579999924,14.81999969,10.93999958,8.170000076,8.829999924,8.619999886
2001/4/15,13.31999969,9.989999771,6.569999695,5.539999962,5.539999962,13.38000011,8.429999352,6.509999752,6.279999733,6.329999924,13.67000008,8.5,6.849999905,7.139999866,7.25,14.31999969,9.179999352,7.21999979,8.079999924,8.179999352,15.22999954,11.69999981,9.079999924,9.550000191,9.289999962
2001/4/22,13.86999989,10.75,7.619999886,6.670000076,6.639999866,13.94999981,9.329999924,7.549999714,7.369999886,7.409999847,14.25,9.329999924,7.75,8.119999886,8.210000038,14.88999939,9.909999847,8,9,9.079999924,15.79999924,12.39999962,9.869999886,10.39999962,10.15999985
2001/4/29,14.88999939,11.7699995,8.670000076,7.789999962,7.779999733,15,10.34999943,8.550000191,8.800000191,8.800000191,15.35999966,10.38999939,8.819999695,9.5,9.539999962,16.02000046,11.03999996,9.119999886,10.31999969,10.36999989,16.96999931,13.55999947,11.11999989,11.72999954,11.42000008
2001/5/6,15.14999962,12.5199995,9.960000038,9.220000267,9.130000114,15.32999992,11.39999962,9.920000076,9.789999962,9.829999924,15.69999981,11.42000008,10.07999992,10.56999969,10.65999985,16.32999992,11.98999977,10.30999947,11.44999981,11.59999943,17.22999954,14.29999924,12.28999996,13,12.78999996
2001/5/13,15.22999954,13.69999981,12.09999943,11.39999962,11.18999958,15.52999973,13.21999931,12.39999962,11.71000004,11.65999985,15.89999962,13.21999931,12.38999939,12.36999989,12.40999985,16.45999908,13.55999947,12.36999989,13.17000008,13.29999924,17.21999931,15.30999947,14.02999973,14.69999981,14.48999977
2001/5/20,16.32999992,16.02000046,15.57999992,15.04999924,14.85999966,16.78999901,16.27000046,16.12999916,15.61999989,15.38999939,17.22999954,16.3599987,16.10000038,16.02999878,15.93999958,17.71999931,16.51000023,15.96000004,16.52000046,16.52000046,18.34000015,17.53999901,17.05999947,17.60000038,17.31999969
2001/5/27,16.52000046,16.52000046,16.35000038,15.64999962,15.46999931,17.05999947,17.09000015,17.12999916,16.48999977,16.15999985,17.55999947,17.38999939,17.36999893,17.15999985,16.92000008,18.04999924,17.67000008,17.52000046,17.85000038,17.69999886,18.6099987,18.36999893,18.44000053,19.01000023,18.63999939
2001/6/3,17.11999893,17.62999916,18.10000038,17.75,17.84000015,17.69999886,18.37999916,18.72999954,18.44000053,18.34000015,18.18000031,18.52999878,18.65999985,18.76000023,18.73999977,18.62999916,18.6099987,18.53999901,19.07999992,19.14999962,19.13999939,19.11999893,19.31999969,19.81999969,19.70999908
2001/6/10,17.8599987,18.62999916,19.27999878,18.8599987,18.96999931,18.48999977,19.52999878,20.03999901,19.90999985,19.87999916,18.98999977,19.65999985,19.88999939,20.12999916,20.15999985,19.43999863,19.65999985,19.65999985,20.26000023,20.37999916,19.93000031,20.02999878,20.29999924,20.77000046,20.70999908
2001/6/17,18.52000046,19.32999992,20.03999901,19.70999908,19.78999901,19.14999962,20.20999908,20.72999954,20.5,20.44999886,19.65999985,20.31999969,20.53999901,20.67000008,20.67000008,20.1099987,20.31999969,20.30999947,20.72999954,20.77999878,20.6099987,20.65999985,20.80999947,21.14999962,21.02000046
2001/6/24,18.55999947,19.81999969,20.93999863,20.70999908,20.65999985,19.22999954,20.93000031,21.69999886,21.23999977,21.05999947,19.70999908,21,21.40999985,21.28999901,21.13999939,20.12999916,20.89999962,21.06999969,21.23999977,21.12999916,20.56999969,20.97999954,21.32999992,21.52999878,21.28999901
2001/7/1,19.02000046,20.8599987,22.59000015,22.57999992,22.47999954,19.76000023,22.29999924,23.32999992,22.92000008,22.68000031,20.29999924,22.55999947,23.26999855,23.12999916,22.90999985,20.70999908,22.53999901,23.15999985,23.23999977,23.06999969,21.07999992,22.31999969,23.32999992,23.61999893,23.37999916
2001/7/8,19.52999878,21.8599987,24.01000023,24.01000023,23.87999916,20.31999969,23.59000015,24.88999939,24.40999985,24.19999886,20.87999916,23.87999916,24.84000015,24.64999962,24.46999931,21.23999977,23.78999901,24.68000031,24.77999878,24.68000031,21.53999901,23.26999855,24.70999908,25.06999969,24.96999931
2001/7/15,20.02999878,22.42000008,24.63999939,24.63999939,24.48999977,20.82999992,24.20999908,25.54999924,25.06999969,24.64999962,21.38999939,24.54999924,25.54999924,25.20999908,24.80999947,21.75,24.47999954,25.46999931,25.26999855,24.93999863,22.02999878,23.85000038,25.27999878,25.46999931,25.14999962
2001/7/22,20.34000015,22.48999977,24.51999855,24.62999916,24.59000015,21.09000015,24.09000015,25.22999954,24.84000015,24.56999969,21.64999962,24.5,25.38999939,25.15999985,24.89999962,22.02999878,24.60000038,25.55999947,25.48999977,25.30999947,22.34000015,24.14999962,25.6099987,25.94999886,25.84999847
2001/7/29,19.77000046,21.67000008,23.56999969,23.87999916,23.82999992,20.45999908,23.01999855,24.03999901,23.69999886,23.78999901,20.95999908,23.26999855,23.96999931,23.80999947,23.94999886,21.34000015,23.32999992,24.01000023,24.10000038,24.3599987,21.69999886,23.20999908,24.31999969,24.59000015,24.96999931
2001/8/5,20.73999977,22.81999969,24.86999893,25.14999962,25,21.47999954,24.30999947,25.44999886,25.01000023,24.87999916,22,24.55999947,25.35000038,25.01000023,24.97999954,22.37999916,24.52999878,25.25,25.19999886,25.30999947,22.75,24.31999969,25.43999863,25.65999985,25.87999916
2001/8/12,20.68000031,23.04999924,25.40999985,25.70999908,25.5,21.44999886,24.71999931,26.05999947,25.65999985,25.35000038,21.96999931,24.88999939,25.80999947,25.43999863,25.19999886,22.31999969,24.73999977,25.54999924,25.3599987,25.26000023,22.63999939,24.32999992,25.47999954,25.55999947,25.57999992
2001/8/19,20.55999947,22.62999916,24.67000008,24.88999939,24.81999969,21.32999992,24.17000008,25.27999878,25.09000015,24.80999947,21.87999916,24.52999878,25.35000038,25.15999985,24.92000008,22.28999901,24.60000038,25.43999863,25.32999992,25.20999908,22.65999985,24.34000015,25.54999924,25.71999931,25.70999908
2001/8/26,20.59000015,22.81999969,25.02999878,25.30999947,25.29999924,21.3599987,24.42000008,25.62999916,25.53999901,25.38999939,21.92000008,24.71999931,25.59999847,25.61999893,25.5,22.29999924,24.70999908,25.53999901,25.70999908,25.70999908,22.64999962,24.38999939,25.68999863,25.95999908,26.05999947
2001/9/2,19.93999863,22.51999855,25.14999962,25.55999947,25.63999939,20.73999977,24.30999947,25.73999977,25.81999969,25.76000023,21.27999878,24.61999893,25.68000031,25.86999893,25.84999847,21.62999916,24.53999901,25.56999969,25.88999939,25.97999954,21.90999985,24.01999855,25.69999886,26.07999992,26.22999954
2001/9/9,19.67000008,21.87999916,24.13999939,24.48999977,24.43999863,20.43000031,23.46999931,24.68999863,24.60000038,24.5,20.96999931,23.73999977,24.6099987,24.65999985,24.60000038,21.34000015,23.69999886,24.51999855,24.72999954,24.79999924,21.68000031,23.38999939,24.72999954,25.04999924,25.14999962
2001/9/16,19.27000046,21.02999878,22.81999969,23.01999855,22.85000038,19.95999908,22.38999939,23.3599987,23.13999939,22.88999939,20.5,22.69999886,23.38999939,23.28999901,23.10000038,20.89999962,22.76999855,23.43999863,23.52999878,23.46999931,21.27999878,22.65999985,23.75,24.06999969,24.03999901
2001/9/23,18.75,20.26000023,21.81999969,22.01000023,21.84000015,19.40999985,21.44999886,22.28999901,22.04999924,21.77999878,19.89999962,21.69999886,22.26999855,22.15999985,21.93999863,20.28999901,21.75,22.26000023,22.37999916,22.28999901,20.67000008,21.75,22.60000038,22.90999985,22.8599987
2001/9/30,18.04999924,19.14999962,20.27999878,20.32999992,20.23999977,18.68000031,20.14999962,20.72999954,20.62999916,20.37999916,19.18000031,20.48999977,20.89999962,20.8599987,20.63999939,19.6099987,20.68999863,21.10000038,21.20999908,21.07999992,20.04999924,20.84000015,21.5,21.82999992,21.70999908
2001/10/7,17.52999878,18.18000031,18.8599987,18.78999901,18.69000053,18.1099987,18.93999863,19.27000046,19.14999962,18.92000008,18.6099987,19.27999878,19.5,19.45999908,19.23999977,19.06999969,19.55999947,19.76000023,19.89999962,19.72999954,19.53999901,19.88999939,20.22999954,20.54999924,20.37999916
2001/10/14,16.62999916,17.19999886,17.78999901,17.63999939,17.52999878,17.21999931,17.96999931,18.25,18.10000038,17.82999992,17.72999954,18.3599987,18.56999969,18.52000046,18.22999954,18.19999886,18.68000031,18.89999962,19.03999901,18.77999878,18.69000053,18.98999977,19.36999893,19.73999977,19.45999908
2001/10/21,16.17000008,16.69000053,17.19000053,16.96999931,16.86999893,16.76000023,17.44999886,17.69000053,17.55999947,17.32999992,17.27999878,17.89999962,18.11999893,18.13999939,17.86999893,17.75,18.27000046,18.52000046,18.73999977,18.5,18.22999954,18.55999947,19,19.40999985,19.15999985
2001/10/28,16.05999947,16.1099987,16.12999916,15.78999996,15.69999981,16.60000038,16.62999916,16.60000038,16.44999886,16.22999954,17.11999893,17.1099987,17.12999916,17.14999962,16.87999916,17.62999916,17.56999969,17.63999939,17.85000038,17.60000038,18.14999962,18.05999947,18.18000031,18.55999947,18.28999901
2001/11/4,15.21999931,15,14.79999924,14.52999973,14.46999931,15.71999931,15.31999969,15.11999989,15.0199995,14.85999966,16.21999931,15.79999924,15.69999981,15.79999924,15.59999943,16.72999954,16.35000038,16.29999924,16.62999916,16.44000053,17.27999878,17,17,17.45999908,17.23999977
2001/11/11,14.47999954,13.71999931,13.05999947,12.78999996,12.80999947,14.88999939,13.71999931,13.19999981,13.19999981,13.13999939,15.35999966,14.15999985,13.79999924,14.0199995,13.92000008,15.88999939,14.78999996,14.46999931,14.96000004,14.86999989,16.48999977,15.71000004,15.38999939,15.93999958,15.78999996
2001/11/18,13.81999969,12.88999939,12.06999969,11.77999973,11.81999969,14.21000004,12.77999973,12.14999962,12.19999981,12.19999981,14.64999962,13.25,12.81999969,13.10999966,13.07999992,15.18999958,13.90999985,13.55999947,14.14999962,14.13999939,15.77999973,14.88999939,14.56999969,15.23999977,15.14999962
2001/11/25,13.13999939,11.84999943,10.69999981,10.42000008,10.5199995,13.44999981,11.5199995,10.65999985,10.81999969,10.93999958,13.88000011,12,11.40999985,11.81999969,11.90999985,14.42000008,12.75,12.27999973,13,13.10999966,15.04999924,13.90999985,13.46999931,14.23999977,14.21999931
2001/12/2,12.94999981,10.86999989,8.909999847,8.449999809,8.619999886,13.15999985,10.07999992,8.75,9.050000191,9.25,13.57999992,10.57999992,9.619999886,10.09999943,10.28999996,14.19999981,11.47999954,10.61999989,11.38999939,11.56999969,14.92000008,13.07999992,11.98999977,12.71000004,12.73999977
2001/12/9,12.23999977,9.679999352,7.389999866,7.009999752,7.239999771,12.39999962,8.579999924,7.039999962,7.409999847,7.759999752,12.75,8.949999809,7.75,8.340000153,8.699999809,13.35999966,9.789999962,8.579999924,9.550000191,9.909999847,14.09999943,11.56999969,10.07999992,10.86999989,11.03999996
2001/12/16,10.82999992,8.130000114,5.71999979,5.420000076,5.699999809,10.90999985,6.869999886,5.25,5.71999979,6.25,11.21000004,7.129999638,5.829999924,6.589999676,7.159999847,11.77999973,7.929999828,6.619999886,7.779999733,8.369999886,12.48999977,9.800000191,8.210000038,9.099999428,9.469999313
2001/12/23,11.44999981,8.289999962,5.489999771,5.049999714,5.279999733,11.5199995,6.869999886,5.009999752,5.5,6.029999733,11.84999943,7.210000038,5.759999752,6.529999733,7.099999905,12.44999981,8.119999886,6.659999847,7.829999924,8.449999809,13.21999931,10.07999992,8.289999962,9.25,9.590000153
2001/12/30,11.25,7.599999905,4.329999924,3.75999999,3.929999828,11.27999973,5.929999828,3.799999952,4.259999752,4.71999979,11.59999943,6.289999962,4.639999866,5.389999866,5.920000076,12.23999977,7.299999714,5.670000076,6.869999886,7.379999638,13.03999996,9.489999771,7.419999599,8.409999847,8.63999939
2002/1/6,11.07999992,7.299999714,3.819999933,3.199999809,3.379999876,11.07999992,5.539999962,3.279999971,3.779999971,4.299999714,11.39999962,5.909999847,4.179999828,5.039999962,5.599999905,12.03999996,6.960000038,5.25,6.579999924,7.159999847,12.86999989,9.199999809,7.089999676,8.13999939,8.409999847
2002/1/13,10.93999958,7.089999676,3.549999952,2.899999857,3.089999914,10.92000008,5.289999962,3.049999952,3.49000001,4.049999714,11.22999954,5.599999905,3.859999895,4.679999828,5.329999924,11.85999966,6.589999676,4.809999943,6.119999886,6.779999733,12.65999985,8.789999962,6.539999962,7.549999714,7.889999866
2002/1/20,10.57999992,6.579999924,2.909999847,2.200000048,2.389999866,10.53999996,4.71999979,2.409999847,2.779999971,3.339999914,10.84999943,5.059999943,3.25999999,4.039999962,4.679999828,11.48999977,6.099999905,4.309999943,5.589999676,6.25,12.28999996,8.369999886,6.099999905,7.139999866,7.489999771
2002/1/27,9.869999886,6.079999924,2.470000029,1.719999909,1.870000005,9.829999924,4.289999962,2.029999971,2.409999847,2.929999828,10.11999989,4.639999866,2.909999847,3.720000029,4.349999905,10.73999977,5.679999828,3.99000001,5.339999676,6,11.52999973,7.909999847,5.849999905,6.949999809,7.279999733
2002/2/3,9.969999313,6,2.159999847,1.220000029,1.279999971,9.909999847,4.139999866,1.829999924,1.99000001,2.470000029,10.19999981,4.440000057,2.629999876,3.319999933,3.929999828,10.81999969,5.460000038,3.629999876,4.960000038,5.619999886,11.61999989,7.779999733,5.509999752,6.579999924,6.920000076
2002/2/10,10.35999966,6.259999752,2.349999905,1.429999948,1.559999943,10.28999996,4.339999676,1.99000001,2.200000048,2.700000048,10.56999969,4.589999676,2.700000048,3.449999809,4.089999676,11.18999958,5.539999962,3.589999914,4.960000038,5.659999847,12.02999973,7.949999809,5.5,6.46999979,6.869999886
2002/2/17,10.88999939,6.679999828,2.599999905,1.559999943,1.679999948,10.82999992,4.71999979,2.279999971,2.49000001,2.929999828,11.11999989,5.009999752,3.089999914,3.819999933,4.389999866,11.77999973,6.039999962,4.049999714,5.349999905,5.989999771,12.64999962,8.510000229,5.989999771,6.960000038,7.279999733
2002/2/24,11.15999985,6.929999828,2.74000001,1.579999924,1.679999948,11.07999992,4.960000038,2.50999999,2.649999857,3.00999999,11.36999989,5.179999828,3.24000001,3.949999809,4.429999828,12.02999973,6.170000076,4.089999676,5.409999847,5.920000076,12.90999985,8.699999809,6.029999733,6.909999847,7.089999676
2002/3/3,11.11999989,7.069999695,3.029999971,1.829999924,1.829999924,11.07999992,5.210000038,2.929999828,2.869999886,3.159999847,11.34999943,5.380000114,3.529999971,4.089999676,4.480000019,11.97999954,6.25,4.21999979,5.409999847,5.839999676,12.81999969,8.659999847,6.009999752,6.829999924,6.949999809
2002/3/10,11.40999985,7.5,3.529999971,2.329999924,2.349999905,11.38999939,5.679999828,3.429999828,3.339999914,3.589999914,11.65999985,5.829999924,4.009999752,4.549999714,4.909999847,12.28999996,6.679999828,4.670000076,5.829999924,6.25,13.15999985,9.099999428,6.46999979,7.25,7.369999886
2002/3/17,11.72999954,7.869999886,3.929999828,2.720000029,2.799999952,11.69999981,6.079999924,3.839999914,3.74000001,3.99000001,11.98999977,6.21999979,4.409999847,4.889999866,5.239999771,12.61999989,7.049999714,5.039999962,6.099999905,6.5,13.47999954,9.489999771,6.789999962,7.46999979,7.579999924
2002/3/24,11.97999954,8.349999428,4.589999676,3.379999876,3.449999809,11.98999977,6.699999809,4.589999676,4.429999828,4.639999866,12.28999996,6.889999866,5.199999809,5.599999905,5.909999847,12.92000008,7.739999771,5.849999905,6.829999924,7.170000076,13.78999996,10.09000015,7.579999924,8.210000038,8.289999962
2002/3/31,12.82999992,9.159999847,5.319999695,4.079999924,4.170000076,12.85999966,7.460000038,5.299999714,5.130000114,5.329999924,13.15999985,7.629999638,5.879999638,6.259999752,6.539999962,13.81999969,8.460000038,6.5,7.419999599,7.759999752,14.71999931,10.90999985,8.220000267,8.779999733,8.840000153
2002/4/7,13.0199995,9.599999428,6.039999962,4.929999828,4.940000057,13.03999996,8,6,5.789999962,5.889999866,13.36999989,8.159999847,6.5,6.789999962,6.96999979,14.0199995,8.929999352,7.039999962,7.869999886,8.079999924,14.90999985,11.34999943,8.710000038,9.179999352,9.159999847
2002/4/14,13.64999962,10.69999981,7.75,6.960000038,7.009999752,13.73999977,9.329999924,7.599999905,7.319999695,7.379999638,14.06999969,9.420000076,7.929999828,8.079999924,8.210000038,14.71000004,10.09000015,8.340000153,9,9.159999847,15.59999943,12.40999985,9.969999313,10.32999992,10.25
2002/4/21,14.21999931,11.32999992,8.449999809,7.659999847,7.679999828,14.32999992,10.03999996,8.369999886,8.079999924,8.130000114,14.67000008,10.11999989,8.670000076,8.789999962,8.88999939,15.29999924,10.75,9.010000229,9.659999847,9.819999695,16.19000053,13,10.60999966,10.97999954,10.86999989
2002/4/28,14.67000008,12.32999992,9.909999847,9.119999886,9.130000114,14.86999989,11.34999943,9.969999313,9.710000038,9.659999847,15.22999954,11.44999981,10.25,10.28999996,10.28999996,15.82999992,11.98999977,10.5,11,11.03999996,16.64999962,13.89999962,11.81999969,12.13999939,11.94999981
2002/5/5,15.71999931,13.92000008,11.94999981,10.94999981,10.86999989,16.02999878,13.38999939,12.36999989,12.02999973,11.80999947,16.44999886,13.63999939,12.77999973,12.75,12.55999947,17.04999924,14.17000008,13.11999989,13.5199995,13.34999943,17.79999924,15.69999981,14.21000004,14.56999969,14.21000004
2002/5/12,16.03999901,14.56999969,12.84999943,11.7699995,11.72999954,16.36999893,14.21999931,13.42000008,13.05999947,12.77999973,16.77999878,14.29999924,13.52999973,13.46999931,13.21000004,17.32999992,14.61999989,13.54999924,13.84999943,13.63000011,18.02000046,15.92000008,14.32999992,14.46999931,14.09999943
2002/5/19,16.17000008,15.56999969,14.86999989,14.21000004,14,16.6099987,15.68999958,15.40999985,14.82999992,14.48999977,17.02999878,15.75,15.38000011,15.21000004,14.88999939,17.52000046,15.92000008,15.27999973,15.47999954,15.21999931,18.1099987,16.80999947,15.85999966,15.97999954,15.61999989
2002/5/26,16.30999947,16.19000053,16.09000015,15.78999996,15.75,16.77999878,16.5,16.47999954,16.09000015,15.89999962,17.20999908,16.51000023,16.29999924,16.29999924,16.15999985,17.67000008,16.57999992,16.09000015,16.47999954,16.40999985,18.22999954,17.36999893,16.76000023,16.90999985,16.77999878
2002/6/2,16.94000053,17.45999908,18.04999924,18.02000046,17.92000008,17.47999954,18.09000015,18.46999931,17.68000031,17.63999939,17.90999985,17.98999977,18.02000046,17.62999916,17.65999985,18.31999969,17.86999893,17.55999947,17.6099987,17.75,18.81999969,18.37999916,17.98999977,18.03999901,18.09000015
2002/6/9,17.53999901,17.61999893,17.82999992,17.79999924,17.90999985,18.05999947,17.98999977,18.05999947,17.77999878,17.78999901,18.52000046,18.02999878,17.86999893,17.78999901,17.88999939,19.01000023,18.13999939,17.71999931,17.92000008,18.10000038,19.6099987,18.96999931,18.43000031,18.52000046,18.59000015
2002/6/16,18.70999908,18.90999985,19.15999985,19.12999916,19.18999863,19.20999908,19.29999924,19.37999916,19.31999969,19.39999962,19.65999985,19.40999985,19.31999969,19.43000031,19.57999992,20.12999916,19.53999901,19.22999954,19.60000038,19.82999992,20.69999886,20.30999947,19.98999977,20.23999977,20.34000015
2002/6/23,19.18000031,19.25,19.55999947,19.80999947,20.1099987,19.64999962,19.47999954,19.5,19.77000046,20.03999901,20.07999992,19.44999886,19.25,19.53999901,19.86999893,20.53999901,19.51000023,19.01000023,19.38999939,19.77000046,21.12999916,20.34000015,19.65999985,19.77999878,20.01000023
2002/6/30,19.43000031,20.3599987,21.52000046,21.88999939,22.02000046,20.04999924,21.12999916,21.62999916,21.93999863,22.02999878,20.54999924,21.18999863,21.38999939,21.6099987,21.69999886,21,21.17000008,21.13999939,21.27999878,21.36999893,21.5,21.46999931,21.36999893,21.42000008,21.32999992
2002/7/7,20.02999878,21.68000031,23.52999878,23.98999977,23.92000008,20.73999977,22.92000008,23.81999969,23.89999962,23.71999931,21.27999878,23.12999916,23.70999908,23.67000008,23.44999886,21.69999886,23.12999916,23.61999893,23.43999863,23.15999985,22.11999893,23.01000023,23.56999969,23.54999924,23.12999916
2002/7/14,20.01000023,21.87999916,23.89999962,24.38999939,24.30999947,20.77000046,23.26000023,24.21999931,24.3599987,24.17000008,21.35000038,23.68000031,24.40999985,24.5,24.26000023,21.78999901,23.8599987,24.64999962,24.65999985,24.35000038,22.18999863,23.65999985,24.76999855,24.98999977,24.6099987
2002/7/21,20.32999992,22.26000023,24.31999969,24.77999878,24.75,21.04999924,23.64999962,24.67000008,24.69999886,24.55999947,21.59000015,23.98999977,24.73999977,24.76999855,24.57999992,21.98999977,24.06999969,24.81999969,24.87999916,24.64999962,22.3599987,23.86999893,24.94999886,25.11999893,24.8599987
2002/7/28,20.52999878,22.51000023,24.6099987,25.1099987,25.12999916,21.25,23.90999985,24.93999863,24.95999908,24.8599987,21.77999878,24.26000023,25.02999878,25.01000023,24.86999893,22.18000031,24.3599987,25.14999962,25.14999962,24.98999977,22.55999947,24.18999863,25.30999947,25.46999931,25.28999901
2002/8/4,19.77000046,21.89999962,24.15999985,24.72999954,24.67000008,20.5,23.37999916,24.47999954,24.42000008,24.29999924,21.03999901,23.76000023,24.60000038,24.53999901,24.42000008,21.43000031,23.89999962,24.78999901,24.85000038,24.75,21.79999924,23.71999931,25.11999893,25.39999962,25.32999992
2002/8/11,20.03999901,22.11999893,24.29999924,24.85000038,24.62999916,20.77000046,23.54999924,24.63999939,24.48999977,24.18000031,21.28999901,23.81999969,24.60000038,24.43000031,24.11999893,21.68000031,23.86999893,24.61999893,24.59000015,24.32999992,22.05999947,23.70999908,24.84000015,25.05999947,24.84000015
2002/8/18,20.12999916,22.14999962,24.23999977,24.71999931,24.72999954,20.8599987,23.54999924,24.56999969,24.76999855,24.56999969,21.39999962,23.92000008,24.68999863,24.79999924,24.59000015,21.80999947,24.04999924,24.84000015,24.98999977,24.82999992,22.19999886,23.89999962,25.10000038,25.39999962,25.27999878
2002/8/25,20.23999977,22.13999939,24.13999939,24.56999969,24.6099987,20.95999908,23.5,24.47999954,24.6099987,24.52999878,21.5,23.84000015,24.56999969,24.68999863,24.59000015,21.90999985,23.94999886,24.68000031,24.8599987,24.79999924,22.30999947,23.82999992,24.93000031,25.19999886,25.15999985
2002/9/1,20.10000038,21.77999878,23.48999977,23.76000023,23.70999908,20.80999947,23.05999947,23.89999962,23.93999863,23.75,21.3599987,23.45999908,24.1099987,24.17000008,23.93999863,21.79999924,23.67000008,24.3599987,24.47999954,24.26000023,22.22999954,23.68000031,24.70999908,24.97999954,24.73999977
2002/9/8,19.77999878,21.43999863,23.09000015,23.25,23.15999985,20.47999954,22.73999977,23.60000038,23.48999977,23.25,21.02000046,23.13999939,23.80999947,23.76000023,23.5,21.43999863,23.31999969,24.01000023,24.1099987,23.86999893,21.85000038,23.26999855,24.32999992,24.63999939,24.39999962
2002/9/15,19.43999863,21.02000046,22.48999977,22.56999969,22.46999931,20.1099987,22.22999954,23.03999901,22.82999992,22.57999992,20.62999916,22.56999969,23.15999985,23.05999947,22.78999901,21.03999901,22.68999863,23.26000023,23.34000015,23.1099987,21.43999863,22.63999939,23.51000023,23.78999901,23.57999992
2002/9/22,18.71999931,20.17000008,21.56999969,21.6099987,21.52999878,19.36999893,21.3599987,22.12999916,21.95999908,21.72999954,19.87999916,21.69999886,22.26999855,22.22999954,21.97999954,20.27000046,21.81999969,22.38999939,22.51999855,22.29999924,20.64999962,21.72999954,22.6099987,22.93000031,22.72999954
2002/9/29,18.44000053,19.36999893,20.28999901,20.28999901,20.20999908,19.05999947,20.27000046,20.71999931,20.52999878,20.32999992,19.57999992,20.63999939,20.96999931,20.89999962,20.68999863,20.02999878,20.89999962,21.23999977,21.35000038,21.15999985,20.48999977,21.10000038,21.61999893,21.92000008,21.75
2002/10/6,17.60000038,18.31999969,19.1099987,19.17000008,19.1099987,18.19000053,19.10000038,19.43999863,19.26000023,19.06999969,18.69000053,19.45999908,19.70999908,19.62999916,19.43000031,19.14999962,19.77000046,20.02999878,20.13999939,19.95999908,19.62999916,20.06999969,20.48999977,20.81999969,20.65999985
2002/10/13,16.95999908,17.52999878,18.13999939,18.15999985,18.10000038,17.54999924,18.23999977,18.45999908,18.31999969,18.15999985,18.07999992,18.67000008,18.85000038,18.82999992,18.64999962,18.56999969,19.05999947,19.28999901,19.48999977,19.32999992,19.09000015,19.45999908,19.87999916,20.28999901,20.13999939
2002/10/20,16.55999947,16.43000031,16.43000031,16.37999916,16.36999893,17.06999969,16.72999954,16.59000015,16.55999947,16.45999908,17.55999947,17.07999992,16.93000031,16.98999977,16.8599987,18.07999992,17.51000023,17.34000015,17.59000015,17.45999908,18.65999985,18.21999931,17.98999977,18.34000015,18.17000008
2002/10/27,15.80999947,15.15999985,14.64999962,14.54999924,14.54999924,16.25,15.14999962,14.69999981,14.75,14.68999958,16.72999954,15.52999973,15.13999939,15.31999969,15.21000004,17.27000046,16.07999992,15.69999981,16.07999992,15.93999958,17.88999939,17.02000046,16.52000046,16.94999886,16.76000023
2002/11/3,15.05999947,13.73999977,12.60999966,12.40999985,12.48999977,15.40999985,13.36999989,12.48999977,12.69999981,12.73999977,15.88000011,13.80999947,13.15999985,13.48999977,13.46999931,16.47999954,14.55999947,13.96999931,14.5,14.44999981,17.18000031,15.84999943,15.05999947,15.63000011,15.46999931
2002/11/10,14.44999981,12.82999992,11.40999985,11.19999981,11.38999939,14.73999977,12.23999977,11.17000008,11.53999996,11.69999981,15.18999958,12.65999985,11.86999989,12.36999989,12.44999981,15.78999996,13.43999958,12.67000008,13.40999985,13.46000004,16.5,14.86999989,13.89999962,14.56999969,14.46999931
2002/11/17,13.92000008,11.84999943,9.989999771,9.75,9.949999809,14.15999985,10.98999977,9.63999939,10.06999969,10.35999966,14.57999992,11.39999962,10.38999939,10.98999977,11.22999954,15.21000004,12.23999977,11.25,12.15999985,12.34999943,15.96000004,13.88999939,12.67000008,13.43999958,13.43999958
2002/11/24,13.14999962,10.61999989,8.319999695,7.919999599,8.119999886,13.30999947,9.539999962,7.960000038,8.409999847,8.739999771,13.71999931,10,8.829999924,9.5,9.779999733,14.35999966,10.94999981,9.819999695,10.82999992,11.03999996,15.13999939,12.75,11.38999939,12.23999977,12.23999977
2002/12/1,13.57999992,10.94999981,8.5,8.099999428,8.300000191,13.73999977,9.75,8.079999924,8.800000191,9.069999695,14.14999962,10.17999935,8.929999352,9.800000191,10.03999996,14.79999924,11.11999989,9.869999886,10.98999977,11.15999985,15.60999966,13.02999973,11.44999981,12.21000004,12.15999985
2002/12/8,12.38999939,9.579999924,6.909999847,6.409999847,6.619999886,12.5199995,8.300000191,6.539999962,7.129999638,7.579999924,12.89999962,8.789999962,7.489999771,8.340000153,8.75,13.53999996,9.789999962,8.550000191,9.710000038,10.07999992,14.31999969,11.72999954,10.21999931,11.14999962,11.25
2002/12/15,12.14999962,8.789999962,5.579999924,4.889999866,5.089999676,12.21000004,7.259999752,5.210000038,5.71999979,6.170000076,12.57999992,7.710000038,6.179999828,7.039999962,7.46999979,13.23999977,8.779999733,7.279999733,8.5,8.88999939,14.07999992,10.96000004,9.079999924,9.989999771,10.09999943
2002/12/22,11.2699995,7.5,3.889999866,3.069999933,3.349999905,11.2699995,5.75,3.49000001,3.949999809,4.579999924,11.57999992,6.129999638,4.420000076,5.329999924,6,12.25,7.210000038,5.489999771,6.889999866,7.539999962,13.11999989,9.599999428,7.489999771,8.510000229,8.869999886
2002/12/29,11.19999981,6.839999676,2.75999999,1.929999948,2.25999999,11.11999989,4.759999752,2.220000029,2.74000001,3.50999999,11.42000008,5.039999962,3.029999971,4.039999962,4.909999847,12.10999966,6.089999676,4.009999752,5.539999962,6.409999847,13.0199995,8.75,6.099999905,7.139999866,7.679999828
2003/1/5,10.47999954,5.96999979,1.699999928,0.849999964,1.110000014,10.35999966,3.74000001,1.100000024,1.559999943,2.299999952,10.61999989,3.949999809,1.849999905,2.819999933,3.699999809,11.28999996,5.009999752,2.779999971,4.339999676,5.210000038,12.21000004,7.779999733,4.96999979,6.009999752,6.5
2003/1/12,10.40999985,5.75,1.370000005,0.519999981,0.75,10.28999996,3.449999809,0.75999999,1.25999999,2.049999952,10.53999996,3.659999847,1.49000001,2.579999924,3.50999999,11.21000004,4.690000057,2.409999847,4.130000114,5.079999924,12.13999939,7.5,4.679999828,5.829999924,6.369999886
2003/1/19,10.42000008,5.599999905,1.079999924,0.159999996,0.389999986,10.28999996,3.25999999,0.50999999,1,1.74000001,10.53999996,3.470000029,1.25999999,2.299999952,3.199999809,11.22999954,4.539999962,2.200000048,3.859999895,4.789999962,12.15999985,7.369999886,4.46999979,5.619999886,6.099999905
2003/1/26,10.48999977,5.420000076,0.610000014,-0.399999976,-0.209999993,10.31999969,2.909999847,0.01,0.359999985,1.100000024,10.53999996,3.029999971,0.669999957,1.620000005,2.529999971,11.22999954,4.049999714,1.50999999,3.139999866,4.079999924,12.19999981,7.049999714,3.819999933,4.909999847,5.420000076
2003/2/2,10.13000011,5.049999714,0.199999988,-0.889999986,-0.789999962,9.949999809,2.549999952,-0.319999993,-0.079999998,0.569999993,10.15999985,2.629999876,0.25999999,1.189999938,2.049999952,10.82999992,3.629999876,1.049999952,2.74000001,3.659999847,11.77999973,6.589999676,3.409999847,4.559999943,5.079999924
2003/2/9,10.57999992,5.299999714,0.189999998,-1.090000033,-1.039999962,10.36999989,2.720000029,-0.229999989,-0.149999991,0.439999998,10.59999943,2.779999971,0.310000002,1.079999924,1.889999986,11.27999973,3.75999999,1.039999962,2.599999905,3.470000029,12.25,6.829999924,3.359999895,4.369999886,4.839999676
2003/2/16,10.96000004,5.960000038,1.059999943,-0.209999993,-0.159999996,10.80999947,3.549999952,0.74000001,0.789999962,1.309999943,11.03999996,3.619999886,1.279999971,2.069999933,2.779999971,11.71000004,4.559999943,1.99000001,3.549999952,4.349999905,12.68999958,7.539999962,4.269999981,5.289999962,5.710000038
2003/2/23,11.48999977,6.289999962,1.129999995,-0.289999992,-0.280000001,11.31999969,3.799999952,0.870000005,0.849999964,1.25999999,11.55999947,3.869999886,1.449999928,2.159999847,2.75999999,12.2699995,4.839999676,2.159999847,3.639999866,4.329999924,13.27999973,7.929999828,4.440000057,5.380000114,5.710000038
2003/3/2,11.39999962,6.25,1.129999995,-0.340000004,-0.289999992,11.22999954,3.799999952,0.949999988,0.839999974,1.25999999,11.44999981,3.799999952,1.409999967,2.049999952,2.679999828,12.14999962,4.679999828,1.969999909,3.389999866,4.139999866,13.11999989,7.71999979,4.170000076,5.039999962,5.460000038
2003/3/9,11.57999992,6.549999714,1.50999999,0.01,0.099999994,11.42000008,4.170000076,1.350000024,1.279999971,1.699999928,11.65999985,4.210000038,1.870000005,2.50999999,3.119999886,12.35999966,5.099999905,2.450000048,3.819999933,4.539999962,13.34999943,8.119999886,4.639999866,5.420000076,5.799999714
2003/3/16,12.18999958,7.129999638,2.029999971,0.449999988,0.469999999,12.03999996,4.75,1.929999948,1.779999971,2.099999905,12.28999996,4.759999752,2.409999847,3.00999999,3.50999999,12.98999977,5.629999638,2.929999828,4.25,4.839999676,14,8.670000076,5.049999714,5.789999962,6.049999714
2003/3/23,12.42000008,7.96999979,3.409999847,1.909999967,1.889999986,12.35999966,5.920000076,3.429999828,3.159999847,3.349999905,12.61999989,5.960000038,3.879999876,4.299999714,4.639999866,13.28999996,6.75,4.339999676,5.420000076,5.849999905,14.22999954,9.539999962,6.289999962,6.879999638,7
2003/3/30,12.90999985,8.489999771,3.970000029,2.470000029,2.50999999,12.85999966,6.460000038,4.009999752,3.779999971,3.970000029,13.13999939,6.5,4.440000057,4.889999866,5.199999809,13.80999947,7.289999962,4.880000114,5.960000038,6.349999905,14.79999924,10.13999939,6.849999905,7.369999886,7.489999771
2003/4/6,13.30999947,9.289999962,5.239999771,3.970000029,3.970000029,13.27999973,7.379999638,5.179999828,4.809999943,4.980000019,13.5199995,7.170000076,5.179999828,5.5,5.789999962,14.13999939,7.699999809,5.199999809,6.170000076,6.549999714,15.09999943,10.42000008,6.989999771,7.339999676,7.449999809
2003/4/13,13.60999966,9.779999733,5.839999676,4.519999981,4.480000019,13.61999989,8.039999962,5.920000076,5.449999809,5.539999962,13.89999962,8.010000229,6.170000076,6.369999886,6.569999695,14.55999947,8.659999847,6.420000076,7.279999733,7.579999924,15.5199995,11.32999992,8.260000229,8.699999809,8.720000267
2003/4/20,14.21999931,10.44999981,6.460000038,5.039999962,4.96999979,14.23999977,8.739999771,6.629999638,6.069999695,6.029999733,14.53999996,8.659999847,6.819999695,6.819999695,6.889999866,15.19999981,9.25,6.960000038,7.589999676,7.789999962,16.14999962,11.86999989,8.630000114,8.929999352,8.869999886
2003/4/27,14.15999985,11.43999958,8.75,7.989999771,8.029999733,14.29999924,10.17000008,8.590000153,9.079999924,9.079999924,14.63000011,10.19999981,8.819999695,9.699999809,9.800000191,15.22999954,10.72999954,8.970000267,10.2699995,10.46000004,16.10000038,12.96000004,10.73999977,11.30999947,11.27999973
2003/5/4,14.71999931,12.44999981,10.28999996,9.75,9.719999313,14.89999962,11.42000008,10.17000008,10.28999996,10.48999977,15.21999931,11.28999996,10.03999996,10.65999985,10.94999981,15.77999973,11.59999943,9.909999847,10.97999954,11.35999966,16.60000038,13.63999939,11.46000004,11.88999939,11.97999954
2003/5/11,15.28999996,13.46999931,11.80999947,11.38999939,11.27999973,15.53999996,12.7699995,11.78999996,11.40999985,11.61999989,15.88999939,12.64999962,11.63999939,11.81999969,12.15999985,16.43000031,12.90999985,11.48999977,12.27999973,12.73999977,17.19999886,14.71000004,12.93999958,13.40999985,13.60999966
2003/5/18,15.89999962,15.15999985,14.69999981,14.60999966,14.5199995,16.27999878,15.03999996,14.73999977,14.5,14.64999962,16.62999916,14.79999924,14.23999977,14.40999985,14.73999977,17.07999992,14.71999931,13.68999958,14.39999962,14.86999989,17.69999886,15.88000011,14.63999939,15.0199995,15.23999977
2003/5/25,16.59000015,16.05999947,15.59999943,15.21999931,15.21000004,17.01000023,16.13999939,15.89999962,15.96999931,15.88999939,17.42000008,16.12999916,15.75,16.02000046,16.07999992,17.88999939,16.22999954,15.53999996,16.1099987,16.26000023,18.47999954,17.18000031,16.34000015,16.68000031,16.60000038
2003/6/1,16.67000008,17.1099987,17.61999893,17.44999886,17.46999931,17.19000053,17.72999954,18.05999947,18.11999893,18.09000015,17.6099987,17.76000023,17.84000015,18.11999893,18.17000008,18.01000023,17.73999977,17.55999947,18.02000046,18.11999893,18.45999908,18.11999893,18,18.27999878,18.17000008
2003/6/8,17.02999878,17.15999985,17.31999969,17.13999939,17.23999977,17.51000023,17.57999992,17.62999916,17.67000008,17.76000023,17.94000053,17.77999878,17.72999954,18.02999878,18.18000031,18.38999939,18.02999878,17.87999916,18.31999969,18.5,18.89999962,18.63999939,18.54999924,18.89999962,18.90999985
2003/6/15,17.96999931,18.3599987,18.78999901,18.69000053,18.80999947,18.46999931,18.90999985,19.11999893,19.13999939,19.17000008,18.90999985,19.07999992,19.12999916,19.37999916,19.44999886,19.34000015,19.22999954,19.13999939,19.54999924,19.63999939,19.82999992,19.72999954,19.69999886,19.98999977,19.89999962
2003/6/22,18.87999916,19.6099987,20.36999893,20.31999969,20.11999893,19.43000031,20.3599987,20.82999992,20.23999977,19.95999908,19.8599987,20.37999916,20.54999924,20.14999962,19.92000008,20.25,20.30999947,20.22999954,20.09000015,19.88999939,20.68999863,20.56999969,20.39999962,20.36999893,20.05999947
2003/6/29,18.89999962,19.76000023,20.68999863,20.70999908,20.59000015,19.47999954,20.57999992,21.11999893,20.76000023,20.43999863,19.93000031,20.61999893,20.85000038,20.51000023,20.20999908,20.31999969,20.52999878,20.52999878,20.28999901,20.03999901,20.75,20.68000031,20.51000023,20.35000038,20.07999992
2003/7/6,19.93000031,20.80999947,21.84000015,22.01000023,22.01000023,20.51000023,21.59000015,22.13999939,21.98999977,21.71999931,20.94999886,21.53999901,21.73999977,21.52999878,21.23999977,21.34000015,21.37999916,21.27999878,21.04999924,20.79999924,21.77999878,21.55999947,21.14999962,20.79999924,20.57999992
2003/7/13,20.20999908,21.53999901,22.93000031,23.01999855,22.81999969,20.85000038,22.64999962,23.46999931,23.12999916,22.75,21.30999947,22.68000031,23.13999939,22.79999924,22.37999916,21.67000008,22.48999977,22.71999931,22.3599987,21.97999954,22.02000046,22.31999969,22.37999916,22.07999992,21.77000046
2003/7/20,20.72999954,22.05999947,23.31999969,23.27999878,23,21.40999985,23.26000023,23.95999908,23.44999886,22.81999969,21.95999908,23.69999886,24.25,23.68000031,22.98999977,22.39999962,23.93000031,24.53999901,23.87999916,23.18999863,22.80999947,23.80999947,24.36999893,24.18999863,23.6099987
2003/7/27,20.68999863,22.37999916,24.01999855,24.10000038,23.81999969,21.39999962,23.76000023,24.68999863,24.02999878,23.38999939,21.93000031,24.1099987,24.80999947,24.05999947,23.34000015,22.32999992,24.18999863,24.88999939,24.10000038,23.37999916,22.69999886,23.92000008,24.53999901,24.20999908,23.65999985
2003/8/3,20.52000046,22.28999901,24.06999969,24.26000023,24.15999985,21.25,23.70999908,24.64999962,24.19999886,23.70999908,21.81999969,24.18000031,24.93000031,24.37999916,23.80999947,22.23999977,24.3599987,25.18000031,24.63999939,24.09000015,22.61999893,24.12999916,25.06999969,24.93999863,24.60000038
2003/8/10,20.37999916,22.70999908,25.07999992,25.45999908,25.47999954,21.15999985,24.38999939,25.64999962,25.52999878,25.22999954,21.70999908,24.76999855,25.75,25.53999901,25.14999962,22.06999969,24.76000023,25.75,25.52999878,25.17000008,22.3599987,24.20999908,25.51000023,25.5,25.34000015
2003/8/17,20.43999863,22.37999916,24.32999992,24.59000015,24.53999901,21.18000031,23.84000015,24.87999916,24.68000031,24.31999969,21.71999931,24.19999886,24.97999954,24.76000023,24.31999969,22.11999893,24.26000023,25.04999924,24.8599987,24.44999886,22.46999931,23.97999954,25,25,24.75
2003/8/24,20.30999947,21.95999908,23.6099987,23.79999924,23.92000008,21,23.20999908,24.07999992,24.1099987,23.86999893,21.52000046,23.51999855,24.14999962,24.06999969,23.73999977,21.93000031,23.59000015,24.17000008,24.01000023,23.69999886,22.31999969,23.43999863,24.1099987,24.01999855,23.80999947
2003/8/31,19.85000038,21.44999886,23.04999924,23.17000008,23.05999947,20.52999878,22.72999954,23.61999893,23.12999916,22.76999855,21.03999901,23,23.62999916,23.17000008,22.72999954,21.43000031,23.04999924,23.61999893,23.23999977,22.81999969,21.81999969,22.93999863,23.59000015,23.48999977,23.18000031
2003/9/7,20,21.53999901,23.03999901,23.17000008,23.1099987,20.64999962,22.70999908,23.54999924,23.21999931,22.88999939,21.14999962,22.90999985,23.45999908,23.18999863,22.79999924,21.52999878,22.88999939,23.30999947,23.15999985,22.80999947,21.93000031,22.8599987,23.34000015,23.26000023,23.05999947
2003/9/14,20.02999878,21.01000023,21.92000008,21.89999962,21.89999962,20.62999916,21.86999893,22.35000038,22.14999962,21.87999916,21.11999893,22.13999939,22.43999863,22.28999901,21.97999954,21.56999969,22.28999901,22.5,22.43000031,22.18000031,22.03999901,22.54999924,22.73999977,22.73999977,22.6099987
2003/9/21,19.30999947,20.15999985,20.97999954,20.98999977,20.95999908,19.87999916,20.94999886,21.36999893,21.18999863,20.97999954,20.34000015,21.18999863,21.44999886,21.3599987,21.11999893,20.76000023,21.31999969,21.48999977,21.53999901,21.3599987,21.20999908,21.59000015,21.78999901,21.89999962,21.79999924
2003/9/28,18.94999886,19.40999985,19.88999939,19.86999893,19.84000015,19.45999908,19.98999977,20.18000031,20,19.84000015,19.93999863,20.25,20.34000015,20.28999901,20.1099987,20.39999962,20.48999977,20.5,20.62999916,20.52000046,20.89999962,20.96999931,20.97999954,21.18999863,21.13999939
2003/10/5,18.31999969,18.92000008,19.55999947,19.55999947,19.5,18.86999893,19.60000038,19.88999939,19.72999954,19.54999924,19.34000015,19.87999916,20.04999924,20.02000046,19.81999969,19.78999901,20.10000038,20.18999863,20.37999916,20.23999977,20.27000046,20.47999954,20.67000008,20.95999908,20.84000015
2003/10/12,17.64999962,17.52000046,17.5,17.46999931,17.52999878,18.11999893,17.77000046,17.61999893,17.65999985,17.61999893,18.57999992,18.06999969,17.89999962,18.06999969,18.01000023,19.06999969,18.45999908,18.25,18.6099987,18.59000015,19.63999939,19.21999931,19,19.38999939,19.3599987
2003/10/19,16.40999985,16.09000015,15.92000008,15.94999981,16.04999924,16.86999893,16.22999954,15.94999981,16.13999939,16.18000031,17.34000015,16.56999969,16.31999969,16.61999893,16.63999939,17.86999893,17.04999924,16.77999878,17.27999878,17.29999924,18.46999931,17.93000031,17.68000031,18.19000053,18.13999939
2003/10/26,15.72999954,15.34999943,15.13000011,15.13000011,15.21000004,16.19000053,15.46000004,15.13999939,15.35999966,15.40999985,16.65999985,15.78999996,15.5199995,15.84999943,15.88999939,17.18000031,16.26000023,15.96000004,16.52000046,16.54999924,17.77999878,17.14999962,16.86999893,17.40999985,17.32999992
2003/11/2,15.36999989,14.7699995,14.29999924,14.19999981,14.29999924,15.79999924,14.78999996,14.31999969,14.59999943,14.65999985,16.27999878,15.21000004,14.88000011,15.23999977,15.28999996,16.81999969,15.78999996,15.46999931,16.04999924,16.06999969,17.43000031,16.72999954,16.44999886,17.02999878,16.90999985
2003/11/9,14.79999924,13.67000008,12.73999977,12.60999966,12.82999992,15.15999985,13.36999989,12.60999966,13.0199995,13.27999973,15.63000011,13.77999973,13.19999981,13.7699995,13.96999931,16.19999886,14.44999981,13.88999939,14.64999962,14.80999947,16.8599987,15.65999985,15.04999924,15.69999981,15.68999958
2003/11/16,14.21999931,12.61999989,11.23999977,11.07999992,11.28999996,14.48999977,12.02999973,10.98999977,11.40999985,11.72999954,14.92000008,12.39999962,11.57999992,12.19999981,12.48999977,15.5,13.10999966,12.28999996,13.18999958,13.39999962,16.20999908,14.53999996,13.60999966,14.32999992,14.34999943
2003/11/23,13.02999973,10.96000004,9.210000038,9.029999733,9.409999847,13.23999977,10.11999989,8.829999924,9.489999771,10.02999973,13.64999962,10.56999969,9.590000153,10.46000004,10.98999977,14.25,11.43999958,10.52999973,11.65999985,12.11999989,14.97999954,13.07999992,12.10999966,13.0199995,13.21999931
2003/11/30,12.69999981,10.21000004,8.039999962,7.75,8.170000076,12.86999989,9.119999886,7.589999676,8.409999847,9.079999924,13.25,9.5,8.329999924,9.369999886,10,13.85999966,10.34999943,9.170000076,10.5,11.03999996,14.60999966,12.13999939,10.80999947,11.75,11.98999977
2003/12/7,11.84999943,9.369999886,7.119999886,6.789999962,7.159999847,11.98999977,8.260000229,6.710000038,7.389999866,8.029999733,12.35999966,8.679999352,7.539999962,8.449999809,9.069999695,12.94999981,9.579999924,8.470000267,9.679999352,10.21000004,13.67000008,11.32999992,10.07999992,11.03999996,11.23999977
2003/12/14,11.14999962,8.369999886,5.799999714,5.329999924,5.599999905,11.25,7.119999886,5.420000076,6.009999752,6.619999886,11.59999943,7.549999714,6.289999962,7.159999847,7.759999752,12.19999981,8.489999771,7.279999733,8.5,9.039999962,12.92000008,10.31999969,8.909999847,9.929999352,10.15999985
2003/12/21,10.86999989,7.829999924,5.049999714,4.5,4.710000038,10.94999981,6.489999771,4.679999828,5.179999828,5.789999962,11.28999996,6.879999638,5.509999752,6.389999866,7.039999962,11.86999989,7.829999924,6.509999752,7.829999924,8.409999847,12.61999989,9.719999313,8.220000267,9.319999695,9.579999924
2003/12/28,10.78999996,7.379999638,4.179999828,3.529999971,3.74000001,10.82999992,5.829999924,3.779999971,4.389999866,4.909999847,11.15999985,6.289999962,4.75,5.670000076,6.210000038,11.78999996,7.349999905,5.909999847,7.170000076,7.619999886,12.57999992,9.449999809,7.669999599,8.670000076,8.75
2004/1/4,10.93999958,7.029999733,3.339999914,2.529999971,2.799999952,10.90999985,5.199999809,2.889999866,3.49000001,4.089999676,11.23999977,5.569999695,3.779999971,4.799999714,5.409999847,11.88999939,6.629999638,4.869999886,6.259999752,6.759999752,12.73999977,8.989999771,6.739999771,7.710000038,7.829999924
2004/1/11,10.36999989,6.389999866,2.649999857,1.870000005,2.159999847,10.32999992,4.5,2.139999866,2.74000001,3.470000029,10.61999989,4.829999924,3.00999999,4.039999962,4.799999714,11.25,5.869999886,4.019999981,5.5,6.170000076,12.09999943,8.239999771,5.929999828,6.949999809,7.21999979
2004/1/18,9.579999924,5.75,2.180000067,1.370000005,1.679999948,9.539999962,4.009999752,1.779999971,2.279999971,3.029999971,9.840000153,4.429999828,2.74000001,3.659999847,4.5,10.44999981,5.489999771,3.859999895,5.21999979,5.989999771,11.23999977,7.639999866,5.679999828,6.779999733,7.139999866
2004/1/25,9.220000267,5.130000114,1.309999943,0.469999999,0.819999993,9.13999939,3.220000029,0.849999964,1.429999948,2.279999971,9.409999847,3.549999952,1.719999909,2.819999933,3.75999999,10.02999973,4.579999924,2.74000001,4.389999866,5.25,10.82999992,6.949999809,4.759999752,5.889999866,6.369999886
2004/2/1,9.699999809,5.089999676,0.75999999,-0.119999997,0.229999989,9.569999695,2.819999933,0.179999992,0.669999957,1.620000005,9.800000191,3.00999999,0.879999995,1.949999928,3.00999999,10.44999981,4.049999714,1.819999933,3.449999809,4.46999979,11.32999992,6.71999979,3.949999809,5.049999714,5.619999886
2004/2/8,9.5,4.869999886,0.569999993,-0.310000002,0.01,9.369999886,2.649999857,0.02,0.529999971,1.429999948,9.599999428,2.849999905,0.75,1.829999924,2.849999905,10.23999977,3.859999895,1.659999967,3.319999933,4.309999943,11.10999966,6.529999733,3.839999914,4.96999979,5.5
2004/2/15,9.88999939,5.210000038,0.899999976,0.07,0.370000005,9.760000229,2.950000048,0.280000001,0.810000002,1.699999928,10.01000023,3.179999828,1.049999952,2.139999866,3.139999866,10.67000008,4.25,2.029999971,3.679999828,4.659999847,11.57999992,6.989999771,4.269999981,5.420000076,5.920000076
2004/2/22,10.15999985,5.569999695,1.299999952,0.310000002,0.459999979,10.05000019,3.429999828,0.859999955,1.24000001,1.949999928,10.31999969,3.659999847,1.599999905,2.569999933,3.399999857,10.96000004,4.670000076,2.49000001,4.079999924,4.889999866,11.85999966,7.339999676,4.679999828,5.75,6.119999886
2004/2/29,10.46000004,5.989999771,1.659999967,0.5,0.519999981,10.36999989,3.929999828,1.409999967,1.529999971,2.079999924,10.64999962,4.119999886,2.099999905,2.899999857,3.569999933,11.28999996,5.089999676,2.909999847,4.389999866,5.049999714,12.17000008,7.739999771,5.019999981,6.039999962,6.289999962
2004/3/7,10.65999985,5.889999866,1.309999943,0.02,0.099999994,10.55999947,3.720000029,1.069999933,1.189999938,1.659999967,10.81999969,3.909999847,1.779999971,2.529999971,3.139999866,11.48999977,4.909999847,2.609999895,4.009999752,4.599999905,12.40999985,7.679999828,4.730000019,5.670000076,5.829999924
2004/3/14,10.92000008,6.539999962,2.180000067,0.799999952,0.810000002,10.86999989,4.589999676,2.139999866,2.029999971,2.369999886,11.13999939,4.799999714,2.849999905,3.409999847,3.889999866,11.77999973,5.75,3.629999876,4.849999905,5.339999676,12.68999958,8.349999428,5.619999886,6.460000038,6.569999695
2004/3/21,11.36999989,7.259999752,3.24000001,1.969999909,2.079999924,11.34999943,5.460000038,3.199999809,3.049999952,3.429999828,11.61999989,5.619999886,3.75999999,4.25,4.730000019,12.25,6.449999809,4.389999866,5.489999771,6,13.11999989,8.929999352,6.210000038,6.909999847,7.079999924
2004/3/28,12.02999973,8.079999924,4.299999714,3.179999828,3.279999971,12.02999973,6.379999638,4.230000019,4.019999981,4.369999886,12.32999992,6.509999752,4.730000019,5.089999676,5.529999733,12.96000004,7.289999962,5.289999962,6.21999979,6.670000076,13.84999943,9.760000229,7.039999962,7.599999905,7.739999771
2004/4/4,12.36999989,8.760000229,5.289999962,4.230000019,4.339999676,12.40999985,7.239999771,5.279999733,5.059999943,5.329999924,12.71000004,7.339999676,5.699999809,5.960000038,6.279999733,13.31999969,8.039999962,6.129999638,6.909999847,7.21999979,14.17000008,10.36999989,7.739999771,8.159999847,8.159999847
2004/4/11,13.38000011,10.03999996,6.829999924,5.920000076,6.039999962,13.46999931,8.590000153,6.739999771,6.739999771,6.989999771,13.79999924,8.699999809,7.129999638,7.619999886,7.919999599,14.40999985,9.380000114,7.539999962,8.539999962,8.840000153,15.28999996,11.69999981,9.25,9.779999733,9.789999962
2004/4/18,13.93999958,10.52999973,7.179999828,6.289999962,6.339999676,13.97999954,8.929999352,7,6.909999847,7.129999638,14.29999924,8.920000076,7.21999979,7.579999924,7.869999886,14.93999958,9.539999962,7.489999771,8.329999924,8.63999939,15.85999966,12.0199995,9.13999939,9.510000229,9.5
2004/4/25,14.32999992,11.63999939,9.029999733,8.420000076,8.579999924,14.46999931,10.36999989,8.819999695,8.710000038,8.909999847,14.77999973,10.30999947,8.869999886,9.039999962,9.260000229,15.38999939,10.78999996,9,9.5,9.710000038,16.25,12.97999954,10.36999989,10.48999977,10.35999966
2004/5/2,15.13999939,12.46000004,9.760000229,8.920000076,8.929999352,15.29999924,11.32999992,9.789999962,9.5,9.579999924,15.67000008,11.40999985,10.07999992,10.05000019,10.13999939,16.30999947,12,10.35999966,10.69999981,10.77999973,17.19000053,14.13999939,11.68999958,11.81999969,11.59999943
2004/5/9,15.92000008,13.94999981,12,11.46000004,11.47999954,16.19000053,13.14999962,11.98999977,11.75,11.73999977,16.56999969,13.17000008,12.10999966,12.07999992,12.07999992,17.18000031,13.61999989,12.21000004,12.5,12.48999977,18.01000023,15.47999954,13.35999966,13.40999985,13.15999985
2004/5/16,15.85999966,14.75,13.69999981,13.25,13.11999989,16.21999931,14.5,13.88999939,13.63000011,13.46999931,16.62999916,14.54999924,13.90999985,13.85999966,13.68999958,17.15999985,14.82999992,13.88999939,14.13000011,13.94999981,17.86999893,16.22999954,14.79999924,14.82999992,14.44999981
2004/5/23,16.52999878,16.29999924,16.05999947,15.72999954,15.57999992,16.97999954,16.51000023,16.45999908,15.84999943,15.61999989,17.36999893,16.40999985,16.1099987,15.78999996,15.56999969,17.82999992,16.38999939,15.69999981,15.77999973,15.57999992,18.44000053,17.36999893,16.30999947,16.22999954,15.88999939
2004/5/30,16.94999886,16.53999901,16.10000038,15.65999985,15.7699995,17.40999985,16.69999886,16.51000023,16.19999886,16.10000038,17.85000038,16.73999977,16.40999985,16.30999947,16.23999977,18.35000038,16.89999962,16.26000023,16.40999985,16.36999893,19,17.93000031,16.94000053,16.92000008,16.75
2004/6/6,17.32999992,17.88999939,18.48999977,18.31999969,18.45999908,17.92000008,18.61999893,18.97999954,18.95999908,18.96999931,18.39999962,18.73999977,18.87999916,19.06999969,19.1099987,18.85000038,18.77999878,18.68000031,19.06999969,19.11999893,19.36999893,19.28999901,19.23999977,19.42000008,19.31999969
2004/6/13,17.71999931,17.84000015,18.19000053,18.29999924,18.48999977,18.22999954,18.17000008,18.28999901,18.39999962,18.52000046,18.67000008,18.07999992,17.88999939,18.19000053,18.32999992,19.13999939,18.06999969,17.52999878,17.94999886,18.10000038,19.76000023,18.96999931,18.19999886,18.21999931,18.18000031
2004/6/20,18.65999985,19.30999947,19.97999954,19.81999969,19.75,19.28999901,20.1099987,20.51000023,20.23999977,20.02999878,19.80999947,20.25,20.42000008,20.19999886,19.97999954,20.27999878,20.29999924,20.23999977,20.06999969,19.84000015,20.82999992,20.73999977,20.47999954,20.38999939,19.95999908
2004/6/27,19.45999908,20.53999901,21.52999878,21.27999878,21.18000031,20.15999985,21.62999916,22.26000023,21.84000015,21.55999947,20.69999886,21.89999962,22.29999924,21.97999954,21.67000008,21.17000008,21.95999908,22.20999908,21.98999977,21.65999985,21.65999985,22.1099987,22.31999969,22.27999878,21.86999893
2004/7/4,19.35000038,21.20999908,23.03999901,23.07999992,22.92000008,20.09000015,22.67000008,23.77999878,23.43000031,22.96999931,20.6099987,22.78999901,23.5,23.18000031,22.64999962,20.98999977,22.57999992,23.07999992,22.76000023,22.19999886,21.35000038,22.28999901,22.78999901,22.53999901,21.94999886
2004/7/11,19.20999908,21.1099987,22.95999908,23,22.77999878,19.95999908,22.60000038,23.69999886,23.22999954,22.71999931,20.51000023,22.80999947,23.53999901,23.13999939,22.54999924,20.90999985,22.70999908,23.29999924,22.92000008,22.29999924,21.28999901,22.43999863,23.07999992,22.8599987,22.26000023
2004/7/18,19.54999924,22,24.26999855,24.23999977,23.95999908,20.37999916,23.85000038,25.21999931,24.76000023,24.17000008,20.96999931,24.21999931,25.26000023,24.8599987,24.18000031,21.35000038,24.15999985,25.17000008,24.76000023,24.04999924,21.65999985,23.54999924,24.80999947,24.68999863,24.04999924
2004/7/25,19.68000031,22.04999924,24.22999954,24.23999977,24.09000015,20.51000023,23.85000038,25.10000038,24.73999977,24.3599987,21.12999916,24.42000008,25.45999908,25.27999878,24.84000015,21.54999924,24.60000038,25.76000023,25.64999962,25.19999886,21.88999939,24.12999916,25.77999878,25.96999931,25.63999939
2004/8/1,19.67000008,21.52000046,23.39999962,23.71999931,23.95999908,20.43999863,22.92000008,23.80999947,23.95999908,24.07999992,21.04999924,23.5,24.25,24.68999863,24.79999924,21.52999878,23.8599987,24.76000023,25.39999962,25.52999878,21.98999977,23.90999985,25.51000023,26.14999962,26.37999916
2004/8/8,20.10000038,22.39999962,24.75,25.18000031,25.35000038,20.89999962,24.04999924,25.22999954,25.39999962,25.57999992,21.47999954,24.53999901,25.5,25.94999886,26.14999962,21.89999962,24.72999954,25.76999855,26.5,26.76000023,22.27999878,24.53999901,26.45999908,27.19999886,27.43999863
2004/8/15,20.25,21.97999954,23.85000038,24.23999977,24.21999931,20.93999863,23.26000023,24.20999908,24.15999985,24.26999855,21.44999886,23.44999886,24.07999992,24.30999947,24.51999855,21.85000038,23.43999863,23.94999886,24.53999901,24.88999939,22.26000023,23.51000023,24.55999947,25.07999992,25.39999962
2004/8/22,20.06999969,21.44999886,22.93000031,23.22999954,23.25,20.70999908,22.48999977,23.23999977,23.3599987,23.36999893,21.18999863,22.61999893,23.05999947,23.38999939,23.51000023,21.59000015,22.6099987,22.88999939,23.5,23.75,22.02999878,22.84000015,23.52999878,23.98999977,24.18999863
2004/8/29,20.32999992,21.80999947,23.31999969,23.52999878,23.34000015,20.98999977,22.93000031,23.72999954,23.63999939,23.44999886,21.47999954,23.07999992,23.57999992,23.69999886,23.6099987,21.87999916,23.05999947,23.38999939,23.79999924,23.84000015,22.31999969,23.20999908,23.89999962,24.26999855,24.26000023
2004/9/5,20.40999985,21.79999924,23.11999893,23.14999962,22.94999886,21.06999969,22.90999985,23.64999962,23.40999985,23.12999916,21.56999969,23.11999893,23.60000038,23.60000038,23.40999985,21.98999977,23.15999985,23.51000023,23.78999901,23.72999954,22.43000031,23.30999947,23.96999931,24.30999947,24.21999931
2004/9/12,20.06999969,21.40999985,22.70999908,22.73999977,22.5,20.70999908,22.51000023,23.26000023,22.95999908,22.57999992,21.18999863,22.69999886,23.17000008,23.06999969,22.76000023,21.59000015,22.69999886,23.02999878,23.18000031,23,22.01000023,22.79999924,23.36999893,23.61999893,23.43999863
2004/9/19,19.87999916,21.10000038,22.30999947,22.29999924,22.05999947,20.51000023,22.15999985,22.86999893,22.51999855,22.1099987,21,22.32999992,22.76000023,22.59000015,22.23999977,21.38999939,22.30999947,22.59000015,22.68000031,22.43999863,21.79999924,22.39999962,22.8599987,23.04999924,22.85000038
2004/9/26,19.27000046,20.12999916,21.01000023,20.95999908,20.81999969,19.86999893,21,21.48999977,21.28999901,20.97999954,20.3599987,21.20999908,21.48999977,21.48999977,21.20999908,20.78999901,21.30999947,21.46999931,21.69999886,21.52000046,21.23999977,21.56999969,21.87999916,22.14999962,22
2004/10/3,18.27999878,19.27999878,20.31999969,20.31999969,20.18000031,18.89999962,20.23999977,20.80999947,20.62999916,20.35000038,19.39999962,20.47999954,20.84000015,20.8599987,20.59000015,19.80999947,20.57999992,20.84000015,21.09000015,20.87999916,20.23999977,20.69999886,21.18000031,21.51000023,21.30999947
2004/10/10,17.38999939,18.30999947,19.30999947,19.3599987,19.26000023,18,19.20999908,19.70999908,19.6099987,19.37999916,18.47999954,19.45999908,19.77999878,19.85000038,19.61999893,18.89999962,19.59000015,19.84000015,20.1099987,19.93000031,19.32999992,19.73999977,20.19999886,20.53999901,20.3599987
2004/10/17,16.68000031,17.31999969,18.01000023,17.98999977,17.81999969,17.25,18.06999969,18.37999916,18.20999908,17.90999985,17.73999977,18.40999985,18.61999893,18.61999893,18.29999924,18.19000053,18.68000031,18.88999939,19.07999992,18.77999878,18.64999962,18.94999886,19.32999992,19.68999863,19.36999893
2004/10/24,15.63000011,15.93999958,16.35000038,16.34000015,16.20999908,16.15999985,16.51000023,16.62999916,16.47999954,16.23999977,16.63999939,16.8599987,16.93000031,16.94999886,16.69000053,17.10000038,17.20999908,17.29999924,17.53999901,17.27999878,17.59000015,17.65999985,17.8599987,18.25,17.95999908
2004/10/31,15.21999931,15.02999973,14.88999939,14.77999973,14.65999985,15.69999981,15.29999924,15.07999992,15,14.79999924,16.18000031,15.7699995,15.63999939,15.71000004,15.46999931,16.69000053,16.30999947,16.27000046,16.55999947,16.31999969,17.21999931,16.98999977,17.01000023,17.5,17.21999931
2004/11/7,14.88999939,14.44999981,14.0199995,13.79999924,13.72999954,15.31999969,14.56999969,14.18999958,14.13000011,13.93999958,15.79999924,15.10999966,14.88000011,14.96999931,14.73999977,16.34000015,15.73999977,15.63000011,15.97999954,15.75,16.92000008,16.57999992,16.52000046,17.05999947,16.78999901
2004/11/14,14.54999924,13.80999947,13.15999985,12.93999958,12.86999989,14.94999981,13.77999973,13.23999977,13.23999977,13.10999966,15.39999962,14.21999931,13.82999992,14.05999947,13.88000011,15.93999958,14.80999947,14.47999954,15.02999973,14.82999992,16.52999878,15.75,15.43999958,16.03999901,15.78999996
2004/11/21,13.71000004,12.44999981,11.21000004,10.81999969,10.84999943,14.04999924,12.13999939,11.27999973,11.38999939,11.34999943,14.48999977,12.69999981,12.13999939,12.47999954,12.40999985,15.06999969,13.5199995,13.07999992,13.72999954,13.67000008,15.71999931,14.67000008,14.25,15,14.86999989
2004/11/28,13.56999969,12.03999996,10.63999939,10.35999966,10.44999981,13.88000011,11.52999973,10.5,10.73999977,10.82999992,14.29999924,11.98999977,11.2699995,11.75,11.82999992,14.88000011,12.77999973,12.11999989,12.97999954,13.03999996,15.54999924,14.11999989,13.40999985,14.21999931,14.18999958
2004/12/5,12.81999969,11.02999973,9.369999886,9.069999695,9.130000114,13.05999947,10.32999992,9.159999847,9.409999847,9.529999733,13.46999931,10.78999996,9.949999809,10.44999981,10.53999996,14.03999996,11.63999939,10.86999989,11.73999977,11.81999969,14.71000004,13.03999996,12.22999954,13.07999992,13.0199995
2004/12/12,12.27999973,10.13999939,8.220000267,8.039999962,8.210000038,12.44999981,9.199999809,7.789999962,8.260000229,8.460000038,12.85999966,9.710000038,8.699999809,9.369999886,9.539999962,13.46000004,10.67000008,9.800000191,10.78999996,10.92000008,14.15999985,12.27999973,11.32999992,12.27999973,12.25
2004/12/19,11.89999962,9.409999847,7.139999866,6.829999924,7,12.0199995,8.279999733,6.710000038,7.210000038,7.549999714,12.36999989,8.659999847,7.460000038,8.130000114,8.460000038,12.94999981,9.529999733,8.369999886,9.380000114,9.699999809,13.64999962,11.23999977,9.869999886,10.71000004,10.82999992
2004/12/26,10.89999962,8.159999847,5.670000076,5.339999676,5.589999676,10.97999954,6.879999638,5.179999828,5.710000038,6.210000038,11.31999969,7.289999962,6,6.75,7.289999962,11.90999985,8.239999771,7.029999733,8.13999939,8.670000076,12.64999962,10.13999939,8.699999809,9.619999886,9.929999352
2005/1/2,10.30999947,7.119999886,4.25,3.819999933,3.99000001,10.31999969,5.589999676,3.720000029,4.079999924,4.589999676,10.59999943,5.829999924,4.329999924,5,5.569999695,11.15999985,6.699999809,5.139999866,6.289999962,6.879999638,11.90999985,8.75,6.869999886,7.759999752,8.130000114
2005/1/9,9.630000114,6.049999714,2.720000029,2.079999924,2.24000001,9.599999428,4.369999886,2.24000001,2.649999857,3.129999876,9.880000114,4.710000038,3.069999933,3.819999933,4.389999866,10.47999954,5.710000038,4.130000114,5.389999866,6,11.23999977,7.869999886,6,7.119999886,7.5
2005/1/16,9.420000076,5.529999733,1.75999999,0.889999986,0.979999959,9.369999886,3.699999809,1.370000005,1.719999909,2.139999866,9.63999939,4.089999676,2.349999905,3.099999905,3.649999857,10.2699995,5.210000038,3.529999971,4.839999676,5.460000038,11.05999947,7.46999979,5.5,6.679999828,7.069999695
2005/1/23,9.929999352,5.670000076,1.50999999,0.449999988,0.459999979,9.869999886,3.699999809,1.199999928,1.389999986,1.719999909,10.15999985,4.139999866,2.25999999,2.929999828,3.399999857,10.81999969,5.329999924,3.50999999,4.839999676,5.369999886,11.65999985,7.759999752,5.579999924,6.829999924,7.119999886
2005/1/30,10.09999943,5.389999866,0.969999969,-0.07,-0.07,9.989999771,3.220000029,0.560000002,0.689999998,1.049999952,10.25,3.470000029,1.350000024,2.00999999,2.529999971,10.90999985,4.549999714,2.389999866,3.720000029,4.329999924,11.78999996,7.170000076,4.460000038,5.549999714,5.920000076
2005/2/6,10.73999977,5.659999847,0.889999986,-0.140000001,-0.209999993,10.57999992,3.199999809,0.370000005,0.579999983,0.919999957,10.80999947,3.279999971,0.930000007,1.719999909,2.200000048,11.48999977,4.259999752,1.719999909,3.199999809,3.779999971,12.43999958,7.210000038,3.869999886,4.809999943,5.139999866
2005/2/13,10.61999989,5.589999676,0.959999979,0,-0.119999997,10.43999958,3.149999857,0.389999986,0.429999977,0.620000005,10.61999989,3.029999971,0.669999957,1.129999995,1.50999999,11.2699995,3.819999933,1.129999995,2.180000067,2.659999847,12.19999981,6.710000038,2.909999847,3.449999809,3.679999828
2005/2/20,10.60999966,5.420000076,0.629999995,-0.219999999,-0.25,10.38999939,2.779999971,-0.079999998,0.129999995,0.409999996,10.56999969,2.629999876,0.119999997,0.839999974,1.25999999,11.21000004,3.429999828,0.569999993,1.889999986,2.389999866,12.19999981,6.539999962,2.609999895,3.179999828,3.470000029
2005/2/27,10.09999943,4.929999828,0.289999992,-0.519999981,-0.479999989,9.909999847,2.389999866,-0.399999976,-0.119999997,0.229999989,10.07999992,2.279999971,-0.140000001,0.680000007,1.189999938,10.71000004,3.089999914,0.329999983,1.809999943,2.409999847,11.67000008,6.170000076,2.549999952,3.299999952,3.679999828
2005/3/6,10.21000004,5.329999924,0.979999959,0.179999992,0.149999991,10.03999996,2.970000029,0.349999994,0.569999993,0.879999995,10.21000004,2.839999914,0.550000012,1.389999986,1.889999986,10.81999969,3.569999933,0.939999998,2.50999999,3.149999857,11.73999977,6.5,3.159999847,4.049999714,4.429999828
2005/3/13,9.960000038,5.210000038,0.919999957,0.079999998,0.07,9.819999695,2.929999828,0.349999994,0.519999981,0.799999952,10,2.849999905,0.620000005,1.329999924,1.819999933,10.61999989,3.639999866,1.110000014,2.470000029,3.069999933,11.53999996,6.549999714,3.319999933,4.119999886,4.429999828
2005/3/20,10.32999992,6,2.079999924,1.129999995,1.139999986,10.23999977,4.049999714,1.719999909,1.99000001,2.220000029,10.47999954,4.049999714,2.099999905,2.869999886,3.25999999,11.07999992,4.799999714,2.579999924,3.970000029,4.46999979,11.94999981,7.46999979,4.679999828,5.539999962,5.75
2005/3/27,11.72999954,7.289999962,3.129999876,2.029999971,2.00999999,11.65999985,5.279999733,2.879999876,2.970000029,3.129999876,11.90999985,5.289999962,3.24000001,3.869999886,4.170000076,12.55999947,6.039999962,3.679999828,4.929999828,5.319999695,13.46999931,8.789999962,5.710000038,6.420000076,6.529999733
2005/4/3,12.72999954,8.829999924,5.239999771,4.299999714,4.230000019,12.71000004,7.069999695,5.039999962,4.849999905,4.839999676,12.94999981,6.849999905,4.980000019,5.369999886,5.46999979,13.52999973,7.299999714,4.96999979,6.049999714,6.239999771,14.39999962,9.840000153,6.759999752,7.25,7.170000076
2005/4/10,13.25,9.289999962,5.5,4.46999979,4.440000057,13.22999954,7.460000038,5.329999924,5.279999733,5.289999962,13.46999931,7.279999733,5.339999676,5.779999733,5.869999886,14.07999992,7.789999962,5.380000114,6.369999886,6.549999714,15,10.40999985,7.159999847,7.529999733,7.460000038
2005/4/17,13.54999924,9.789999962,6.159999847,5.289999962,5.380000114,13.54999924,7.960000038,5.829999924,5.839999676,5.949999809,13.80999947,7.869999886,5.989999771,6.339999676,6.529999733,14.44999981,8.460000038,6.170000076,6.929999828,7.199999809,15.38999939,11.15999985,7.929999828,8.170000076,8.170000076
2005/4/24,14.09999943,10.68999958,7.379999638,6.579999924,6.569999695,14.13000011,9.050000191,7.129999638,7.039999962,7.199999809,14.40999985,8.960000038,7.25,7.569999695,7.789999962,15.03999996,9.510000229,7.379999638,8.199999809,8.5,15.96999931,12.06999969,9.159999847,9.510000229,9.579999924
2005/5/1,14.48999977,11.21000004,8.119999886,7.489999771,7.539999962,14.55999947,9.630000114,7.759999752,7.909999847,8.099999428,14.88000011,9.579999924,7.919999599,8.300000191,8.579999924,15.5,10.15999985,8.119999886,8.829999924,9.170000076,16.44000053,12.65999985,9.789999962,10.05000019,10.13999939
2005/5/8,15.04999924,12.46000004,10.02999973,9.460000038,9.409999847,15.21000004,11.28999996,9.840000153,9.710000038,9.710000038,15.52999973,11.23999977,9.88999939,9.989999771,10.06999969,16.11999893,11.68999958,9.949999809,10.40999985,10.53999996,16.96999931,13.84999943,11.36999989,11.52999973,11.43999958
2005/5/15,15.85999966,13.31999969,10.94999981,10.39999962,10.27999973,16.04999924,12.23999977,10.81999969,10.69999981,10.63999939,16.42000008,12.27999973,10.98999977,11.09999943,11.07999992,17.04999924,12.78999996,11.15999985,11.61999989,11.67000008,17.93000031,14.93999958,12.59999943,12.81999969,12.67000008
2005/5/22,16.17000008,14.38999939,12.80999947,12.43999958,12.23999977,16.45999908,13.72999954,12.7699995,12.5,12.32999992,16.85000038,13.72999954,12.77999973,12.75,12.63999939,17.42000008,14.07999992,12.77999973,13.18999958,13.13999939,18.20999908,15.84999943,14.04999924,14.28999996,14.07999992
2005/5/29,16.15999985,15.96999931,15.88999939,15.75,15.59999943,16.61999893,16.20999908,16.11999893,15.93999958,15.67000008,17.03999901,16.31999969,16.1099987,16.07999992,15.86999989,17.51000023,16.46999931,15.98999977,16.34000015,16.18000031,18.1099987,17.40999985,16.87999916,17.14999962,16.8599987
2005/6/5,16.85000038,17.79999924,18.70999908,18.5,18.3599987,17.46999931,18.77999878,19.3599987,18.96999931,18.59000015,17.94999886,18.95999908,19.30999947,19.01000023,18.64999962,18.3599987,18.94999886,19.10000038,19.04999924,18.76000023,18.79999924,19.15999985,19.42000008,19.56999969,19.14999962
2005/6/12,17.38999939,18.46999931,19.47999954,19.28999901,19.15999985,18.01000023,19.52000046,20.17000008,19.68999863,19.30999947,18.48999977,19.70999908,20.1099987,19.80999947,19.43999863,18.88999939,19.72999954,19.97999954,19.94999886,19.63999939,19.32999992,19.93000031,20.3599987,20.5,20.13999939
2005/6/19,18.12999916,19.60000038,20.98999977,20.77999878,20.62999916,18.80999947,20.93000031,21.82999992,21.31999969,20.89999962,19.30999947,21.18000031,21.80999947,21.52999878,21.11999893,19.68999863,21.17000008,21.68000031,21.69999886,21.3599987,20.04999924,21.07999992,21.94999886,22.18999863,21.85000038
2005/6/26,18.57999992,19.52999878,20.55999947,20.63999939,20.5,19.15999985,20.40999985,21,20.45999908,20.15999985,19.6099987,20.45999908,20.72999954,20.5,20.22999954,20.02000046,20.5,20.57999992,20.69999886,20.52999878,20.52000046,20.97999954,21.22999954,21.38999939,21.26000023
2005/7/3,19.39999962,20.93000031,22.5,22.52999878,22.26000023,20.05999947,22.18000031,23.18999863,22.43999863,21.97999954,20.51000023,22.09000015,22.6099987,22.07999992,21.67000008,20.85000038,21.78999901,21.97999954,21.84000015,21.56999969,21.23999977,21.80999947,22.13999939,22.13999939,21.90999985
2005/7/10,19.93000031,22.09000015,24.27999878,24.39999962,24.17000008,20.67000008,23.70999908,25.05999947,24.61999893,24.07999992,21.13999939,23.71999931,24.56999969,24.22999954,23.71999931,21.43999863,23.37999916,23.97999954,23.84000015,23.45999908,21.72999954,22.95999908,23.85000038,23.86999893,23.54999924
2005/7/17,19.93999863,22.5,25.03999901,25.21999931,25.15999985,20.71999931,24.3599987,25.8599987,25.68000031,25.28999901,21.22999954,24.6099987,25.69999886,25.64999962,25.26999855,21.52999878,24.40999985,25.43000031,25.51999855,25.25,21.75,23.73999977,25.36999893,25.61999893,25.42000008
2005/7/24,20.10000038,22.65999985,25.20999908,25.53999901,25.55999947,20.86999893,24.43999863,25.86999893,25.78999901,25.59999847,21.37999916,24.70999908,25.76000023,25.88999939,25.72999954,21.69999886,24.6099987,25.62999916,25.90999985,25.86999893,21.95999908,24.05999947,25.76000023,26.13999939,26.15999985
2005/7/31,20.12999916,22.32999992,24.6099987,25.06999969,25.11999893,20.86999893,23.85000038,25.03999901,24.95999908,24.82999992,21.39999962,24.11999893,24.95999908,25.01999855,24.93000031,21.77000046,24.11999893,24.93999863,25.13999939,25.15999985,22.1099987,23.85000038,25.20999908,25.56999969,25.62999916
2005/8/7,19.85000038,22.04999924,24.19999886,24.40999985,24.20999908,20.60000038,23.67000008,24.87999916,24.40999985,24.04999924,21.13999939,24.01000023,24.90999985,24.45999908,24.12999916,21.5,24.03999901,24.95999908,24.63999939,24.43000031,21.81999969,23.67000008,25,25.15999985,25
2005/8/14,19.30999947,21.67000008,23.94999886,24.18999863,24.07999992,20.06999969,23.37999916,24.63999939,24.03999901,23.80999947,20.61999893,23.81999969,24.79999924,24.26000023,24.07999992,20.98999977,23.93999863,25.02999878,24.67000008,24.62999916,21.30999947,23.56999969,25.17000008,25.37999916,25.47999954
2005/8/21,19.02999878,21.20999908,23.3599987,23.60000038,23.45999908,19.72999954,22.76999855,24,23.48999977,23.14999962,20.20999908,22.94999886,23.79999924,23.30999947,23.02999878,20.53999901,22.81999969,23.56999969,23.28999901,23.17000008,20.85000038,22.5,23.53999901,23.54999924,23.60000038
2005/8/28,19.48999977,21.68000031,23.8599987,24.1099987,24.06999969,20.20999908,23.23999977,24.46999931,24.19999886,23.90999985,20.69999886,23.42000008,24.27999878,24.02999878,23.78999901,21.02999878,23.26999855,24,23.89999962,23.81999969,21.35000038,22.94999886,23.96999931,23.98999977,24.05999947
2005/9/4,19.51000023,21.59000015,23.64999962,23.80999947,23.76999855,20.20999908,23.1099987,24.31999969,24.06999969,23.76999855,20.69999886,23.25,24.06999969,23.8599987,23.60000038,21.02999878,23.04999924,23.69999886,23.59000015,23.47999954,21.32999992,22.69999886,23.57999992,23.52999878,23.53999901
2005/9/11,19.53999901,21.36999893,23.11999893,23.13999939,23,20.22999954,22.76000023,23.81999969,23.45999908,23.05999947,20.69999886,22.87999916,23.57999992,23.28999901,22.89999962,21.03999901,22.70999908,23.23999977,23,22.75,21.3599987,22.44999886,23.04999924,22.89999962,22.76999855
2005/9/18,19.34000015,20.72999954,22.04999924,21.97999954,21.88999939,19.97999954,21.87999916,22.68000031,22.42000008,22.04999924,20.44999886,22.02999878,22.53999901,22.35000038,21.97999954,20.81999969,21.96999931,22.30999947,22.14999962,21.88999939,21.20999908,21.93000031,22.23999977,22.10000038,21.94999886
2005/9/25,18.94999886,20.18000031,21.34000015,21.28999901,21.19999886,19.55999947,21.18999863,21.89999962,21.68000031,21.38999939,20.01000023,21.27000046,21.68000031,21.60000038,21.29999924,20.37999916,21.17000008,21.3599987,21.35000038,21.14999962,20.77000046,21.19999886,21.32999992,21.22999954,21.11999893
2005/10/2,18.40999985,19.43000031,20.42000008,20.3599987,20.20999908,19.01000023,20.3599987,20.94999886,20.68999863,20.38999939,19.47999954,20.52000046,20.8599987,20.72999954,20.42000008,19.87999916,20.51000023,20.68999863,20.6099987,20.37999916,20.27999878,20.55999947,20.64999962,20.59000015,20.43000031
2005/10/9,18.02999878,18.86999893,19.67000008,19.55999947,19.40999985,18.61999893,19.72999954,20.18000031,19.95999908,19.61999893,19.1099987,20.02000046,20.31999969,20.19999886,19.82999992,19.52999878,20.15999985,20.39999962,20.29999924,19.95999908,19.93999863,20.20999908,20.39999962,20.42000008,20.15999985
2005/10/16,17.05999947,17.64999962,18.19999886,18.07999992,17.94999886,17.63999939,18.36999893,18.62999916,18.43000031,18.13999939,18.14999962,18.77000046,18.96999931,18.87999916,18.53999901,18.6099987,19.07999992,19.29999924,19.23999977,18.90999985,19.07999992,19.31999969,19.5,19.60000038,19.31999969
2005/10/23,16.36999893,16.70999908,17.11999893,17.09000015,16.97999954,16.90999985,17.27999878,17.42000008,17.23999977,16.97999954,17.39999962,17.61999893,17.69999886,17.6099987,17.29999924,17.8599987,17.92000008,17.97999954,17.96999931,17.65999985,18.34000015,18.26000023,18.22999954,18.35000038,18.06999969
2005/10/30,15.86999989,16.01000023,16.26000023,16.27000046,16.19000053,16.36999893,16.44000053,16.44000053,16.38999939,16.17000008,16.84000015,16.77000046,16.76000023,16.78999901,16.52000046,17.29999924,17.1099987,17.07999992,17.21999931,16.93000031,17.77999878,17.52999878,17.43000031,17.64999962,17.37999916
2005/11/6,15.73999977,15.38000011,15.17000008,15.21999931,15.19999981,16.19999886,15.47999954,15.15999985,15.21999931,15.07999992,16.67000008,15.84999943,15.57999992,15.71999931,15.52999973,17.19000053,16.32999992,16.06999969,16.30999947,16.1099987,17.75,17.06999969,16.65999985,16.93000031,16.72999954
2005/11/13,14.69999981,13.96999931,13.46999931,13.52999973,13.53999996,15.05999947,13.84999943,13.31999969,13.48999977,13.43999958,15.48999977,14.13999939,13.71999931,13.93999958,13.80999947,16.01000023,14.64999962,14.21000004,14.54999924,14.38999939,16.59000015,15.56999969,14.90999985,15.21999931,15
2005/11/20,13.97999954,13.07999992,12.44999981,12.48999977,12.47999954,14.34999943,12.86999989,12.27999973,12.48999977,12.43999958,14.77999973,13.21999931,12.73999977,13.02999973,12.90999985,15.28999996,13.77999973,13.30999947,13.75,13.57999992,15.85999966,14.69999981,14.09999943,14.53999996,14.28999996
2005/11/27,13.15999985,11.77999973,10.69999981,10.72999954,10.80999947,13.42000008,11.2699995,10.36999989,10.77999973,10.85999966,13.81999969,11.57999992,10.86999989,11.32999992,11.35999966,14.34999943,12.21000004,11.5199995,12.11999989,12.07999992,14.96999931,13.40999985,12.48999977,12.94999981,12.80999947
2005/12/4,12.61999989,10.78999996,9.289999962,9.25,9.369999886,12.82999992,9.989999771,8.849999428,9.260000229,9.449999809,13.17000008,10.21999931,9.289999962,9.789999962,9.920000076,13.71000004,10.85999966,9.869999886,10.53999996,10.63999939,14.35999966,12.23999977,10.89999962,11.40999985,11.36999989
2005/12/11,11.90999985,9.630000114,7.699999809,7.579999924,7.75,12.05999947,8.590000153,7.179999828,7.659999847,7.96999979,12.39999962,8.88999939,7.779999733,8.340000153,8.659999847,12.94999981,9.63999939,8.539999962,9.319999695,9.579999924,13.63000011,11.18999958,9.699999809,10.36999989,10.5199995
2005/12/18,11.34999943,8.289999962,5.489999771,5,5.199999809,11.40999985,6.879999638,5.049999714,5.460000038,5.799999714,11.73999977,7.25,5.829999924,6.349999905,6.710000038,12.34999943,8.159999847,6.789999962,7.549999714,7.909999847,13.07999992,9.960000038,8.069999695,8.760000229,8.960000038
2005/12/25,10.42000008,7.039999962,3.879999876,3.220000029,3.369999886,10.44999981,5.509999752,3.49000001,3.839999914,4.210000038,10.77999973,5.949999809,4.429999828,4.940000057,5.329999924,11.36999989,6.960000038,5.539999962,6.369999886,6.759999752,12.11999989,8.88999939,7,7.789999962,8.039999962
2006/1/1,9.909999847,6.170000076,2.659999847,1.829999924,2.029999971,9.88999939,4.5,2.319999933,2.589999914,3.00999999,10.19999981,4.889999866,3.24000001,3.720000029,4.210000038,10.78999996,5.909999847,4.299999714,5.139999866,5.629999638,11.55999947,8,5.789999962,6.489999771,6.829999924
2006/1/8,9.840000153,5.710000038,1.99000001,1.389999986,1.679999948,9.779999733,3.75999999,1.389999986,1.779999971,2.369999886,10.03999996,4.009999752,2.139999866,2.799999952,3.470000029,10.64999962,5,3.089999914,4.130000114,4.809999943,11.44999981,7.329999924,4.75,5.489999771,5.989999771
2006/1/15,9.949999809,5.460000038,1.49000001,0.919999957,1.25999999,9.829999924,3.299999952,0.75999999,1.279999971,2.00999999,10.07999992,3.50999999,1.469999909,2.329999924,3.139999866,10.69999981,4.5,2.369999886,3.699999809,4.539999962,11.56999969,7.039999962,4.259999752,5.139999866,5.759999752
2006/1/22,9.829999924,5.299999714,1.220000029,0.519999981,0.75999999,9.710000038,3.119999886,0.529999971,1.039999962,1.719999909,9.960000038,3.349999905,1.279999971,2.139999866,2.929999828,10.59999943,4.369999886,2.24000001,3.589999914,4.420000076,11.46000004,6.960000038,4.21999979,5.199999809,5.75
2006/1/29,9.539999962,5.039999962,0.949999988,0.179999992,0.269999981,9.420000076,2.899999857,0.370000005,0.629999995,1.24000001,9.659999847,3.049999952,1.00999999,1.74000001,2.49000001,10.27999973,3.99000001,1.829999924,3.199999809,4.039999962,11.13999939,6.619999886,3.889999866,4.839999676,5.429999828
2006/2/5,9.329999924,4.929999828,0.939999998,-0.02,-0.089999996,9.239999771,2.99000001,0.620000005,0.709999979,1.129999995,9.460000038,3.109999895,1.169999957,1.809999943,2.429999828,10.03999996,3.949999809,1.849999905,3.199999809,3.949999809,10.84999943,6.369999886,3.799999952,4.799999714,5.299999714
2006/2/12,10.35999966,5.279999733,0.459999979,-0.779999971,-0.769999981,10.19999981,2.909999847,0.099999994,0.319999993,0.699999988,10.43999958,2.99000001,0.709999979,1.569999933,2.139999866,11.07999992,3.949999809,1.429999948,3.029999971,3.720000029,12.0199995,6.829999924,3.659999847,4.679999828,5.119999886
2006/2/19,10.5,5.569999695,0.75999999,-0.610000014,-0.629999995,10.36999989,3.279999971,0.529999971,0.629999995,0.979999959,10.60999966,3.429999828,1.199999928,1.99000001,2.549999952,11.2699995,4.389999866,1.949999928,3.50999999,4.179999828,12.18999958,7.210000038,4.170000076,5.210000038,5.619999886
2006/2/26,10.86999989,5.879999638,1.120000005,-0.280000001,-0.399999976,10.73999977,3.679999828,1.019999981,0.959999979,1.169999957,10.98999977,3.779999971,1.579999924,2.279999971,2.679999828,11.64999962,4.679999828,2.25999999,3.699999809,4.230000019,12.55999947,7.460000038,4.389999866,5.369999886,5.629999638
2006/3/5,10.93999958,5.909999847,1.049999952,-0.439999998,-0.539999962,10.81999969,3.659999847,0.979999959,0.829999983,0.98999995,11.03999996,3.679999828,1.429999948,2.079999924,2.429999828,11.69999981,4.519999981,1.969999909,3.389999866,3.889999866,12.61999989,7.379999638,4.089999676,4.960000038,5.199999809
2006/3/12,11.57999992,6.529999733,1.559999943,0.02,-0.079999998,11.44999981,4.190000057,1.469999909,1.279999971,1.389999986,11.67000008,4.170000076,1.849999905,2.450000048,2.75999999,12.32999992,4.960000038,2.279999971,3.659999847,4.119999886,13.29999924,7.909999847,4.349999905,5.139999866,5.339999676
2006/3/19,11.97999954,7.129999638,2.220000029,0.569999993,0.519999981,11.86999989,4.920000076,2.24000001,2.069999933,2.139999866,12.11999989,4.960000038,2.74000001,3.319999933,3.569999933,12.78999996,5.789999962,3.24000001,4.549999714,4.929999828,13.7699995,8.699999809,5.279999733,6,6.119999886
2006/3/26,12.15999985,7.5,2.779999971,1.169999957,1.199999928,12.07999992,5.389999866,2.819999933,2.629999876,2.74000001,12.32999992,5.460000038,3.339999914,3.859999895,4.119999886,13,6.299999714,3.869999886,5.019999981,5.389999866,13.96999931,9.119999886,5.819999695,6.429999828,6.529999733
2006/4/2,13.06999969,8.599999428,4.019999981,2.429999828,2.409999847,13.02999973,6.599999905,4.139999866,3.720000029,3.699999809,13.30999947,6.679999828,4.630000114,4.880000114,4.960000038,13.98999977,7.5,5.099999905,5.989999771,6.170000076,14.96999931,10.28999996,6.960000038,7.389999866,7.299999714
2006/4/9,13.47999954,9.220000267,4.889999866,3.389999866,3.409999847,13.48999977,7.369999886,5,4.829999924,4.809999943,13.81999969,7.549999714,5.619999886,5.920000076,5.960000038,14.52999973,8.420000076,6.239999771,6.920000076,7.039999962,15.48999977,11.10999966,7.909999847,8.210000038,8.069999695
2006/4/16,13.31999969,9.239999771,4.929999828,3.319999933,3.179999828,13.32999992,7.460000038,5.170000076,4.679999828,4.519999981,13.65999985,7.639999866,5.779999733,5.829999924,5.699999809,14.35999966,8.5,6.369999886,6.920000076,6.799999714,15.31999969,11.17000008,8.039999962,8.289999962,7.96999979
2006/4/23,13.90999985,9.869999886,5.759999752,4.339999676,4.210000038,13.94999981,8.119999886,5.909999847,5.389999866,5.179999828,14.25,8.159999847,6.289999962,6.329999924,6.129999638,14.93999958,8.880000114,6.639999866,7.21999979,7.079999924,15.89999962,11.57999992,8.289999962,8.470000267,8.13999939
2006/4/30,14.65999985,11.32999992,7.75,6.210000038,6.039999962,14.7699995,9.969999313,8.179999352,7.589999676,7.369999886,15.07999992,9.949999809,8.349999428,8.329999924,8.130000114,15.71999931,10.43999958,8.38999939,8.970000267,8.840000153,16.61999893,12.77999973,9.819999695,9.949999809,9.659999847
2006/5/7,15.82999992,12.94999981,9.679999352,8.050000191,7.889999866,16.02999878,11.90999985,10.32999992,9.710000038,9.420000076,16.42000008,12.03999996,10.69999981,10.65999985,10.39999962,17.06999969,12.60999966,10.92000008,11.39999962,11.19999981,17.94000053,14.69999981,12.22999954,12.39999962,12.03999996
2006/5/14,15.54999924,13.36999989,11.06999969,10.07999992,10,15.79999924,12.55999947,11.28999996,11.75,11.5,16.19999886,12.73999977,11.67000008,12.71000004,12.48999977,16.81999969,13.29999924,11.96000004,13.39999962,13.21999931,17.64999962,15.29999924,13.71000004,14.32999992,13.97999954
2006/5/21,15.5,13.63999939,11.59999943,10.69999981,10.57999992,15.7699995,12.94999981,11.85999966,11.90999985,11.81999969,16.15999985,13.11999989,12.15999985,12.82999992,12.75,16.75,13.64999962,12.44999981,13.53999996,13.5,17.54999924,15.52999973,14.10999966,14.71999931,14.38999939
2006/5/28,15.96000004,14.71999931,13.46999931,12.81999969,12.78999996,16.31999969,14.44999981,13.72999954,13.98999977,14.03999996,16.75,14.68999958,14.05999947,14.78999996,14.86999989,17.30999947,15.14999962,14.34999943,15.38999939,15.46999931,18.02000046,16.62999916,15.79999924,16.46999931,16.20999908
2006/6/4,16.59000015,16.48999977,16.39999962,15.92000008,15.71999931,17.09000015,16.93000031,16.96999931,16.67000008,16.54999924,17.53999901,17.04999924,16.94000053,17.09000015,17.01000023,18.01000023,17.17000008,16.80999947,17.3599987,17.27000046,18.56999969,17.94999886,17.68000031,18.1099987,17.69000053
2006/6/11,17.81999969,17.97999954,18.12999916,17.71999931,17.46999931,18.34000015,18.55999947,18.76000023,18.11999893,17.94000053,18.77999878,18.61999893,18.6099987,18.44000053,18.34000015,19.20999908,18.64999962,18.36999893,18.69000053,18.61999893,19.72999954,19.29999924,19.09000015,19.39999962,19.10000038
2006/6/18,19.3599987,19.77000046,19.93999863,19.25,19,19.92000008,20.52000046,20.84000015,20.07999992,19.76000023,20.36999893,20.65999985,20.77999878,20.43999863,20.20999908,20.79999924,20.68000031,20.54999924,20.68999863,20.52000046,21.30999947,21.18000031,21.07999992,21.27999878,20.94999886
2006/6/25,19.67000008,20.39999962,20.84000015,20.20999908,19.97999954,20.27999878,21.30999947,21.78999901,20.94999886,20.55999947,20.77000046,21.44999886,21.68999863,21.27000046,20.96999931,21.20999908,21.45999908,21.44999886,21.46999931,21.26000023,21.70999908,21.84000015,21.85000038,21.96999931,21.68000031
2006/7/2,19.65999985,21.20999908,22.68999863,22.52999878,22.31999969,20.3599987,22.52999878,23.53999901,22.86999893,22.45999908,20.84000015,22.52999878,23.09000015,22.78999901,22.43999863,21.20999908,22.27999878,22.53999901,22.56999969,22.31999969,21.6099987,22.23999977,22.62999916,22.64999962,22.35000038
2006/7/9,19.80999947,21.60000038,23.31999969,23.20999908,22.98999977,20.52000046,23.04999924,24.18000031,23.6099987,23.15999985,21.01000023,23.09000015,23.77999878,23.47999954,23.07999992,21.34000015,22.81999969,23.26000023,23.20999908,22.89999962,21.68000031,22.57999992,23.18999863,23.17000008,22.8599987
2006/7/16,20.02999878,21.56999969,23.19999886,23.29999924,23.20999908,20.70999908,22.86999893,23.82999992,23.21999931,22.88999939,21.19999886,23,23.59000015,23.20999908,22.93000031,21.56999969,22.92000008,23.3599987,23.19999886,23.01999855,21.93999863,22.81999969,23.45999908,23.51000023,23.36999893
2006/7/23,20.04999924,21.07999992,22.29999924,22.52999878,22.51999855,20.65999985,22.01000023,22.64999962,22.18999863,21.92000008,21.11999893,22.07999992,22.38999939,22.29999924,22.05999947,21.52000046,22.06999969,22.18999863,22.61999893,22.47999954,22,22.46999931,22.93000031,23.3599987,23.28999901
2006/7/30,19.80999947,21.52999878,23.34000015,23.6099987,23.56999969,20.52000046,22.88999939,23.85000038,23.52999878,23.19999886,21.03999901,23.18999863,23.87999916,23.70999908,23.42000008,21.43999863,23.27999878,23.93000031,24.1099987,23.95999908,21.85000038,23.29999924,24.5,24.97999954,24.84000015
2006/8/6,19.70999908,21.87999916,24.10000038,24.42000008,24.53999901,20.47999954,23.47999954,24.63999939,24.68000031,24.6099987,21.03999901,23.93000031,24.85000038,25.06999969,25.03999901,21.43000031,24.06999969,25.04999924,25.57999992,25.68000031,21.77000046,23.82999992,25.67000008,26.39999962,26.51999855
2006/8/13,20.17000008,22.26000023,24.38999939,24.71999931,24.71999931,20.93000031,23.79999924,24.92000008,24.78999901,24.68000031,21.47999954,24.18000031,25.02999878,25.11999893,25.07999992,21.87999916,24.28999901,25.15999985,25.61999893,25.75,22.26000023,24.15999985,25.80999947,26.5,26.62999916
2006/8/20,20.23999977,22.17000008,24.11999893,24.30999947,24.27999878,20.98999977,23.67000008,24.70999908,24.76000023,24.57999992,21.54999924,24.07999992,24.88999939,25.13999939,25.02999878,21.95999908,24.21999931,25.04999924,25.62999916,25.67000008,22.35000038,24.11999893,25.70999908,26.43999863,26.45999908
2006/8/27,20.69999886,22.44999886,24.17000008,24.26000023,24.22999954,21.43999863,23.84000015,24.76999855,24.76999855,24.56999969,22,24.23999977,24.94999886,25.18000031,25.02999878,22.43000031,24.40999985,25.11999893,25.64999962,25.62999916,22.8599987,24.42000008,25.76999855,26.40999985,26.34999847
2006/9/3,20.25,21.35000038,22.43000031,22.46999931,22.43000031,20.87999916,22.29999924,22.86999893,22.78999901,22.65999985,21.38999939,22.55999947,22.90999985,23.1099987,23.03999901,21.85000038,22.75,23.01999855,23.54999924,23.6099987,22.3599987,23.17000008,23.82999992,24.3599987,24.37999916
2006/9/10,19.45999908,20.67000008,21.85000038,21.81999969,21.67000008,20.06999969,21.68999863,22.38999939,22.18999863,21.90999985,20.53999901,21.80999947,22.19999886,22.28999901,22.07999992,20.93999863,21.79999924,22.02000046,22.46999931,22.38999939,21.37999916,22.04999924,22.60000038,23.02999878,22.90999985
2006/9/17,19.13999939,20.53999901,21.94999886,21.95999908,21.84000015,19.77000046,21.69999886,22.51999855,22.43999863,22.10000038,20.23999977,21.85000038,22.36999893,22.51999855,22.22999954,20.6099987,21.80999947,22.18999863,22.61999893,22.43000031,20.97999954,21.84000015,22.6099987,23.03999901,22.78999901
2006/9/24,18.75,20.09000015,21.44999886,21.51000023,21.46999931,19.36999893,21.18999863,21.95999908,21.93000031,21.69999886,19.84000015,21.37999916,21.87999916,22.10000038,21.88999939,20.20999908,21.39999962,21.78999901,22.26999855,22.13999939,20.57999992,21.43999863,22.26999855,22.73999977,22.53999901
2006/10/1,18.35000038,19.87999916,21.39999962,21.43999863,21.36999893,19.02000046,21.12999916,21.97999954,21.93000031,21.73999977,19.52000046,21.43999863,22.05999947,22.27999878,22.1099987,19.89999962,21.52000046,22.1099987,22.60000038,22.48999977,20.26000023,21.43000031,22.56999969,23.14999962,22.96999931
2006/10/8,17.81999969,19.03999901,20.22999954,20.18999863,20.10000038,18.46999931,20.15999985,20.79999924,20.68000031,20.51000023,19,20.60000038,21.1099987,21.27999878,21.12999916,19.43000031,20.8599987,21.43000031,21.88999939,21.79999924,19.84000015,20.93000031,22.04999924,22.70999908,22.53999901
2006/10/15,17.32999992,18.26000023,19.09000015,18.89999962,18.77000046,17.97999954,19.25,19.68000031,19.45999908,19.26000023,18.53999901,19.79999924,20.18999863,20.27999878,20.11999893,19.02999878,20.20999908,20.72999954,21.15999985,21.04999924,19.51000023,20.47999954,21.5,22.22999954,22.02999878
2006/10/22,16.6099987,16.75,16.87999916,16.68000031,16.55999947,17.14999962,17.25,17.25,17.03999901,16.88999939,17.67000008,17.65999985,17.64999962,17.73999977,17.61999893,18.19000053,18.11999893,18.12999916,18.57999992,18.52000046,18.76000023,18.79999924,19.02000046,19.63999939,19.47999954
2006/10/29,15.92000008,15.86999989,15.80999947,15.60999966,15.54999924,16.44000053,16.25,16.12999916,16.01000023,15.93999958,16.94000053,16.67000008,16.57999992,16.75,16.70999908,17.46999931,17.15999985,17.10000038,17.63999939,17.63999939,18.03999901,17.88999939,18.02999878,18.68000031,18.59000015
2006/11/5,15.53999996,14.92000008,14.29999924,13.97999954,13.88999939,15.97999954,14.97999954,14.52999973,14.38999939,14.29999924,16.47999954,15.44999981,15.10999966,15.22999954,15.15999985,17.03999901,16.06999969,15.77999973,16.27000046,16.20999908,17.67000008,17.05999947,16.80999947,17.43000031,17.26000023
2006/11/12,14.96999931,13.84999943,12.72999954,12.35999966,12.32999992,15.31999969,13.56999969,12.80999947,12.82999992,12.73999977,15.78999996,13.98999977,13.39999962,13.63999939,13.53999996,16.36999893,14.67000008,14.11999989,14.64999962,14.54999924,17.04999924,15.92000008,15.23999977,15.80999947,15.55999947
2006/11/19,14.61999989,13.30999947,12.05999947,11.63999939,11.69999981,14.96000004,12.97999954,12.11999989,12.2699995,12.27999973,15.40999985,13.39999962,12.7699995,13.14999962,13.13999939,15.98999977,14.10999966,13.47999954,14.15999985,14.13999939,16.67000008,15.38999939,14.63999939,15.2699995,15.07999992
2006/11/26,14.40999985,12.27999973,10.21000004,9.63999939,9.869999886,14.65999985,11.46000004,10.11999989,10.42000008,10.67000008,15.10999966,11.90999985,10.89999962,11.44999981,11.65999985,15.72999954,12.75,11.7699995,12.57999992,12.73999977,16.51000023,14.40999985,13.11999989,13.77999973,13.73999977
2006/12/3,13.56999969,10.97999954,8.579999924,8.13999939,8.429999352,13.73999977,9.840000153,8.25,8.599999428,9,14.13999939,10.19999981,8.960000038,9.539999962,9.920000076,14.77999973,11.07999992,9.829999924,10.67000008,11,15.56999969,12.94999981,11.2699995,11.92000008,12.03999996
2006/12/10,12.98999977,10.15999985,7.489999771,6.889999866,7.139999866,13.13999939,8.949999809,7.210000038,7.599999905,8,13.53999996,9.38999939,8.090000153,8.710000038,9.079999924,14.17000008,10.34999943,9.079999924,10,10.31999969,14.96999931,12.25,10.57999992,11.35999966,11.43999958
2006/12/17,11.98999977,8.619999886,5.489999771,4.880000114,5.179999828,12.03999996,7.079999924,5.059999943,5.569999695,6.069999695,12.39999962,7.489999771,5.949999809,6.670000076,7.139999866,13.03999996,8.5,6.989999771,7.989999771,8.38999939,13.86999989,10.60999966,8.599999428,9.380000114,9.539999962
2006/12/24,11.53999996,7.299999714,3.220000029,2.24000001,2.549999952,11.5199995,5.339999676,2.799999952,3.279999971,3.879999876,11.86999989,5.879999638,3.99000001,4.759999752,5.339999676,12.59999943,7.159999847,5.369999886,6.460000038,6.96999979,13.52999973,9.710000038,7.299999714,8.170000076,8.420000076
2006/12/31,10.36999989,6.099999905,1.909999967,0.819999993,1.049999952,10.30999947,4.119999886,1.579999924,1.829999924,2.470000029,10.60999966,4.519999981,2.619999886,3.279999971,3.929999828,11.28999996,5.699999809,3.799999952,4.929999828,5.539999962,12.17000008,8.210000038,5.710000038,6.619999886,6.949999809
2007/1/7,9.75,5.380000114,1.049999952,-0.099999994,-0.119999997,9.659999847,3.349999905,0.799999952,0.799999952,1.299999952,9.920000076,3.659999847,1.679999948,2.279999971,2.839999914,10.57999992,4.759999752,2.779999971,3.99000001,4.549999714,11.44999981,7.329999924,4.759999752,5.75,6.039999962
2007/1/14,10.32999992,5.579999924,0.849999964,-0.329999983,-0.479999989,10.15999985,3.220000029,0.5,0.389999986,0.779999971,10.39999962,3.339999914,1.090000033,1.699999928,2.220000029,11.05999947,4.309999943,1.889999986,3.279999971,3.869999886,11.98999977,7.179999828,3.99000001,4.929999828,5.299999714
2007/1/21,9.699999809,5.239999771,1.039999962,0.01,-0.099999994,9.579999924,3.159999847,0.709999979,0.699999988,1.049999952,9.789999962,3.220000029,1.189999938,1.849999905,2.409999847,10.39999962,4.089999676,1.870000005,3.25999999,3.929999828,11.23999977,6.659999847,3.839999914,4.829999924,5.279999733
2007/1/28,9.529999733,5.170000076,1.110000014,0.099999994,-0.029999999,9.429999352,3.179999828,0.799999952,0.949999988,1.25999999,9.659999847,3.319999933,1.350000024,2.079999924,2.619999886,10.25,4.179999828,2.079999924,3.49000001,4.159999847,11.07999992,6.629999638,4.039999962,5.049999714,5.5
2007/2/4,10.09000015,5.369999886,0.930000007,-0.179999992,-0.25999999,9.969999313,3.179999828,0.569999993,0.789999962,1.100000024,10.21000004,3.319999933,1.179999948,1.99000001,2.50999999,10.85999966,4.259999752,1.969999909,3.449999809,4.059999943,11.72999954,6.909999847,4.039999962,5.059999943,5.460000038
2007/2/11,10.63999939,5.799999714,1.24000001,0.119999997,0.029999999,10.48999977,3.529999971,0.849999964,1.039999962,1.329999924,10.72999954,3.569999933,1.350000024,2.139999866,2.629999876,11.36999989,4.46999979,2.00999999,3.470000029,4.049999714,12.27999973,7.259999752,4.089999676,5,5.319999695
2007/2/18,10.72999954,5.819999695,1.169999957,0.089999996,0.059999999,10.55999947,3.409999847,0.689999998,0.870000005,1.24000001,10.7699995,3.369999886,1.039999962,1.849999905,2.389999866,11.40999985,4.210000038,1.599999905,3.049999952,3.679999828,12.35999966,7.119999886,3.720000029,4.559999943,4.929999828
2007/2/25,11.17000008,6.579999924,2.139999866,1.029999971,0.939999998,11.05999947,4.339999676,1.75999999,1.929999948,2.200000048,11.28999996,4.329999924,2.139999866,2.950000048,3.359999895,11.92000008,5.139999866,2.679999828,4.119999886,4.619999886,12.85999966,7.949999809,4.75,5.589999676,5.819999695
2007/3/4,11.43999958,6.659999847,1.99000001,0.829999983,0.799999952,11.30999947,4.309999943,1.599999905,1.799999952,2.079999924,11.53999996,4.349999905,2.079999924,2.869999886,3.319999933,12.21000004,5.259999752,2.720000029,4.139999866,4.679999828,13.18999958,8.210000038,4.909999847,5.789999962,6.069999695
2007/3/11,11.7699995,6.789999962,1.849999905,0.620000005,0.539999962,11.57999992,4.269999981,1.449999928,1.529999971,1.75999999,11.80999947,4.210000038,1.809999943,2.50999999,2.909999847,12.48999977,5.049999714,2.279999971,3.699999809,4.21999979,13.5,8.159999847,4.46999979,5.279999733,5.539999962
2007/3/18,11.38999939,6.909999847,2.389999866,1.079999924,1.019999981,11.2699995,4.71999979,2.159999847,2.24000001,2.299999952,11.5,4.759999752,2.639999866,3.220000029,3.429999828,12.15999985,5.579999924,3.159999847,4.309999943,4.639999866,13.07999992,8.349999428,5.099999905,5.789999962,5.839999676
2007/3/25,12.40999985,7.579999924,2.799999952,1.50999999,1.449999928,12.28999996,5.259999752,2.529999971,2.450000048,2.50999999,12.56999969,5.329999924,3.069999933,3.549999952,3.699999809,13.27999973,6.279999733,3.720000029,4.789999962,5.019999981,14.28999996,9.279999733,5.789999962,6.420000076,6.420000076
2007/4/1,12.85999966,8.029999733,3.24000001,1.99000001,1.870000005,12.73999977,5.679999828,2.929999828,2.799999952,2.799999952,13.02999973,5.779999733,3.49000001,3.909999847,3.99000001,13.75,6.75,4.179999828,5.210000038,5.369999886,14.79999924,9.829999924,6.319999695,6.949999809,6.869999886
2007/4/8,12.52999973,8.349999428,4.179999828,2.99000001,3.00999999,12.48999977,6.389999866,3.99000001,3.929999828,3.929999828,12.77999973,6.539999962,4.589999676,4.96999979,5.049999714,13.46999931,7.429999828,5.239999771,6.170000076,6.289999962,14.40999985,10.17000008,7.179999828,7.75,7.659999847
2007/4/15,12.75,9.210000038,5.639999866,4.539999962,4.509999752,12.77999973,7.599999905,5.589999676,5.460000038,5.369999886,13.06999969,7.669999599,5.989999771,6.25,6.170000076,13.68999958,8.369999886,6.379999638,7.129999638,7.099999905,14.56999969,10.81999969,8.069999695,8.449999809,8.199999809
2007/4/22,13.27999973,10.80999947,8.25,7.289999962,7.329999924,13.43999958,9.819999695,8.409999847,8.199999809,8.159999847,13.7699995,9.949999809,8.760000229,8.970000267,8.949999809,14.32999992,10.5,9.069999695,9.739999771,9.779999733,15.10999966,12.38999939,10.44999981,10.85999966,10.67000008
2007/4/29,14.39999962,12.23999977,9.929999352,8.960000038,9,14.60999966,11.40999985,10.17000008,10.11999989,9.989999771,14.94999981,11.5199995,10.44999981,10.69999981,10.56999969,15.5,11.97999954,10.61999989,11.19999981,11.10999966,16.25,13.69999981,11.7699995,12.0199995,11.69999981
2007/5/6,14.85999966,12.92000008,10.86999989,10.06999969,10.15999985,15.07999992,12.19999981,11.05999947,10.97999954,10.93999958,15.46000004,12.36999989,11.39999962,11.64999962,11.60999966,16.02999878,12.90999985,11.71000004,12.23999977,12.22999954,16.77999878,14.61999989,12.90999985,13.17000008,12.94999981
2007/5/13,15.27999973,13.88000011,12.34999943,11.63999939,11.77999973,15.55999947,13.43999958,12.60999966,12.5,12.44999981,15.94999981,13.57999992,12.84999943,13.0199995,12.94999981,16.47999954,13.98999977,13,13.46999931,13.39999962,17.19000053,15.47999954,14.07999992,14.2699995,13.98999977
2007/5/20,16.01000023,14.81999969,13.59999943,13.09999943,13.17000008,16.34000015,14.47999954,13.77999973,13.55999947,13.55999947,16.73999977,14.63000011,13.96000004,14.09999943,14.04999924,17.28999901,15.0199995,14.10999966,14.57999992,14.54999924,18.01000023,16.47999954,15.21999931,15.48999977,15.23999977
2007/5/27,17.15999985,16.06999969,15.04999924,14.79999924,14.79999924,17.5,15.69999981,15.04999924,14.88999939,14.88000011,17.88999939,15.67000008,14.96999931,15.13000011,15.11999989,18.43000031,15.92000008,14.88000011,15.42000008,15.43999958,19.14999962,17.40999985,15.96999931,16.19999886,15.97999954
2007/6/3,18.22999954,18.42000008,18.62999916,18.52999878,18.43000031,18.71999931,18.80999947,18.93999863,18.62999916,18.47999954,19.13999939,18.77000046,18.67000008,18.57999992,18.46999931,19.57999992,18.73999977,18.27999878,18.55999947,18.48999977,20.12999916,19.45999908,18.85000038,18.97999954,18.70999908
2007/6/10,18.12999916,18.67000008,19.27000046,19.39999962,19.45999908,18.63999939,19.17000008,19.44999886,19.36999893,19.39999962,19.05999947,19.15999985,19.17000008,19.29999924,19.37999916,19.47999954,19.14999962,18.87999916,19.27999878,19.40999985,20,19.75,19.45999908,19.68000031,19.63999939
2007/6/17,19.14999962,19.61999893,20.52000046,21.27999878,21.35000038,19.62999916,19.93000031,20.09000015,20.89999962,20.97999954,20.03999901,19.93000031,19.86999893,20.62999916,20.75,20.45999908,19.95999908,19.67000008,20.39999962,20.54999924,20.98999977,20.56999969,20.27000046,20.59000015,20.56999969
2007/6/24,19.28999901,20.12999916,21.31999969,22.05999947,22.1099987,19.82999992,20.68999863,21.04999924,21.52999878,21.67000008,20.28999901,20.78999901,20.92000008,21.35000038,21.52000046,20.72999954,20.87999916,20.85000038,21.28999901,21.47999954,21.21999931,21.28999901,21.31999969,21.60000038,21.62999916
2007/7/1,19.6099987,20.62999916,21.92000008,22.52999878,22.48999977,20.19999886,21.36999893,21.82999992,22.21999931,22.31999969,20.68999863,21.56999969,21.82999992,22.14999962,22.27999878,21.12999916,21.70999908,21.87999916,22.19999886,22.32999992,21.59000015,21.93000031,22.20999908,22.48999977,22.47999954
2007/7/8,20.39999962,21.52999878,22.8599987,23.30999947,23.19999886,21.02999878,22.43999863,22.97999954,23.04999924,23.03999901,21.53999901,22.76999855,23.14999962,23.23999977,23.26999855,21.98999977,22.98999977,23.36999893,23.54999924,23.57999992,22.42000008,23.09000015,23.65999985,23.96999931,23.92000008
2007/7/15,20.02999878,21.52999878,23.17000008,23.51999855,23.38999939,20.69999886,22.72999954,23.51999855,23.37999916,23.18999863,21.20999908,23.06999969,23.65999985,23.43000031,23.26999855,21.60000038,23.18999863,23.80999947,23.63999939,23.46999931,21.94999886,22.97999954,23.76999855,23.92000008,23.68000031
2007/7/22,20.68000031,22.21999931,23.8599987,24.18999863,24.13999939,21.3599987,23.44999886,24.21999931,24.06999969,23.87999916,21.88999939,23.90999985,24.53999901,24.35000038,24.15999985,22.29999924,24.15999985,24.90999985,24.79999924,24.62999916,22.65999985,23.97999954,25.01999855,25.25,25.09000015
2007/7/29,20.93000031,22.65999985,24.52999878,24.93999863,24.90999985,21.67000008,24.01999855,24.89999962,24.76999855,24.54999924,22.23999977,24.53999901,25.26000023,25.06999969,24.85000038,22.68000031,24.80999947,25.65999985,25.59000015,25.42000008,23.06999969,24.62999916,25.84999847,26.12999916,26.01999855
2007/8/5,20.75,22.43999863,24.25,24.6099987,24.59000015,21.45999908,23.77999878,24.64999962,24.5,24.28999901,22.02000046,24.23999977,24.93999863,24.76000023,24.52999878,22.44999886,24.47999954,25.27999878,25.26000023,25.09000015,22.85000038,24.3599987,25.53999901,25.81999969,25.72999954
2007/8/12,19.85000038,22.05999947,24.3599987,24.72999954,24.56999969,20.59000015,23.69999886,24.92000008,24.55999947,24.19999886,21.11999893,24.10000038,25.03999901,24.63999939,24.26000023,21.45999908,24.18000031,25.20999908,24.96999931,24.67000008,21.75,23.72999954,25.23999977,25.44999886,25.23999977
2007/8/19,19.86999893,22.36999893,24.96999931,25.39999962,25.28999901,20.67000008,24.19999886,25.56999969,25.35000038,25.02999878,21.22999954,24.69999886,25.80999947,25.57999992,25.25,21.57999992,24.80999947,26.05999947,25.98999977,25.76000023,21.84000015,24.22999954,26.14999962,26.51000023,26.40999985
2007/8/26,20.28999901,22.39999962,24.63999939,25.03999901,24.92000008,21.06999969,24.03999901,25.13999939,24.96999931,24.64999962,21.67000008,24.63999939,25.57999992,25.42000008,25.10000038,22.07999992,24.93000031,26.07999992,26.09000015,25.88999939,22.43000031,24.6099987,26.42000008,26.92000008,26.84999847
2007/9/2,20.19999886,22.23999977,24.40999985,24.76999855,24.61999893,20.94999886,23.77999878,24.92000008,24.89999962,24.47999954,21.48999977,24.07999992,24.92000008,24.90999985,24.46999931,21.86999893,24.09000015,24.89999962,25.06999969,24.72999954,22.20999908,23.78999901,25.05999947,25.3599987,25.11999893
2007/9/9,19.53999901,21.76000023,24.04999924,24.3599987,24.20999908,20.28999901,23.38999939,24.63999939,24.67000008,24.28999901,20.81999969,23.68999863,24.61999893,24.73999977,24.32999992,21.15999985,23.65999985,24.55999947,24.82999992,24.51000023,21.45999908,23.25,24.69999886,25.02999878,24.76999855
2007/9/16,19.18999863,21.04999924,22.95999908,23.13999939,22.95999908,19.89999962,22.48999977,23.54999924,23.48999977,23.07999992,20.40999985,22.78999901,23.54999924,23.59000015,23.14999962,20.77000046,22.80999947,23.54999924,23.68999863,23.30999947,21.10000038,22.54999924,23.68999863,23.92000008,23.55999947
2007/9/23,18.93999863,20.43999863,21.97999954,22.1099987,22.02999878,19.60000038,21.63999939,22.47999954,22.38999939,22.10000038,20.09000015,21.88999939,22.45999908,22.51000023,22.19999886,20.45999908,21.93999863,22.44999886,22.63999939,22.36999893,20.85000038,21.92000008,22.71999931,22.93000031,22.67000008
2007/9/30,18.42000008,19.56999969,20.73999977,20.79999924,20.68999863,19.03999901,20.56999969,21.18999863,21.11999893,20.88999939,19.52999878,20.82999992,21.23999977,21.35000038,21.11999893,19.94999886,20.94999886,21.28999901,21.57999992,21.39999962,20.38999939,21.13999939,21.69999886,21.97999954,21.80999947
2007/10/7,17.94999886,18.92000008,19.95999908,19.95999908,19.80999947,18.55999947,19.86999893,20.43000031,20.26000023,20.01000023,19.03999901,20.1099987,20.45999908,20.47999954,20.23999977,19.45999908,20.20999908,20.47999954,20.69999886,20.51000023,19.88999939,20.39999962,20.82999992,21.10000038,20.90999985
2007/10/14,17.05999947,18.10000038,19.18999863,19.20999908,19.02999878,17.67000008,19.07999992,19.68000031,19.44999886,19.17000008,18.14999962,19.31999969,19.69999886,19.64999962,19.37999916,18.54999924,19.40999985,19.70999908,19.84000015,19.6099987,18.96999931,19.51000023,19.95999908,20.18999863,19.93999863
2007/10/21,16.13999939,16.77000046,17.46999931,17.47999954,17.37999916,16.70999908,17.5,17.80999947,17.69999886,17.46999931,17.19000053,17.81999969,18.02000046,18.04999924,17.81999969,17.63999939,18.09000015,18.27999878,18.44000053,18.25,18.10000038,18.37999916,18.68000031,18.97999954,18.76000023
2007/10/28,15.2699995,15.36999989,15.55999947,15.55999947,15.61999989,15.73999977,15.75,15.71999931,15.78999996,15.69999981,16.21999931,16.1099987,16.06999969,16.25,16.14999962,16.69000053,16.52000046,16.5,16.80999947,16.71999931,17.19999886,17.1099987,17.12999916,17.48999977,17.34000015
2007/11/4,14.56999969,14.38999939,14.30999947,14.23999977,14.21999931,15.03999996,14.65999985,14.46000004,14.55999947,14.5,15.5,15.10999966,14.97999954,15.23999977,15.15999985,15.98999977,15.63000011,15.56999969,16.03999901,15.96000004,16.53999901,16.29999924,16.36999893,16.90999985,16.75
2007/11/11,13.77999973,13.07999992,12.52999973,12.44999981,12.63999939,14.17000008,13.02999973,12.48999977,12.81999969,12.94999981,14.63999939,13.54999924,13.19999981,13.61999989,13.71999931,15.15999985,14.21999931,13.98999977,14.56999969,14.64999962,15.73999977,15.15999985,14.98999977,15.63000011,15.55999947
2007/11/18,12.97999954,11.94999981,11.0199995,10.82999992,10.98999977,13.29999924,11.68999958,10.92000008,11.25,11.43999958,13.73999977,12.21000004,11.71000004,12.18999958,12.31999969,14.28999996,12.97999954,12.61999989,13.29999924,13.38999939,14.88999939,14.06999969,13.75,14.48999977,14.39999962
2007/11/25,12.52999973,11.06999969,9.779999733,9.539999962,9.75,12.80999947,10.57999992,9.619999886,10.03999996,10.36999989,13.21999931,11.09999943,10.42000008,11.03999996,11.32999992,13.77999973,11.88999939,11.32999992,12.22999954,12.46000004,14.39999962,13.11999989,12.60999966,13.46000004,13.48999977
2007/12/2,12.05999947,10.32999992,8.75,8.349999428,8.539999962,12.32999992,9.779999733,8.63999939,9.039999962,9.329999924,12.75,10.40999985,9.699999809,10.25,10.53999996,13.31999969,11.35999966,10.82999992,11.65999985,11.89999962,13.96000004,12.61999989,12.15999985,13.10999966,13.11999989
2007/12/9,11.65999985,9.5,7.489999771,7.039999962,7.21999979,11.86999989,8.659999847,7.289999962,7.639999866,7.960000038,12.25,9.170000076,8.210000038,8.819999695,9.099999428,12.82999992,10.09000015,9.25,10.21999931,10.44999981,13.5,11.60999966,10.71000004,11.64999962,11.65999985
2007/12/16,11.86999989,9.25,6.849999905,6.299999714,6.449999809,12.02999973,8.210000038,6.629999638,7,7.369999886,12.40999985,8.670000076,7.529999733,8.239999771,8.579999924,13,9.599999428,8.529999733,9.659999847,9.960000038,13.71999931,11.30999947,10.09000015,11.05999947,11.14999962
2007/12/23,11.53999996,8.949999809,6.659999847,6.25,6.449999809,11.69999981,7.909999847,6.349999905,6.829999924,7.299999714,12.06999969,8.349999428,7.210000038,8.039999962,8.539999962,12.64999962,9.25,8.179999352,9.449999809,9.909999847,13.32999992,10.89999962,9.760000229,10.82999992,11.0199995
2007/12/30,10.57999992,7.579999924,4.849999905,4.289999962,4.46999979,10.65999985,6.289999962,4.539999962,5.009999752,5.529999733,10.98999977,6.699999809,5.349999905,6.210000038,6.759999752,11.57999992,7.619999886,6.339999676,7.659999847,8.159999847,12.27999973,9.420000076,8,9.079999924,9.289999962
2008/1/6,11.07999992,7.159999847,3.589999914,2.889999866,3.119999886,11.09999943,5.420000076,3.149999857,3.629999876,4.159999847,11.42000008,5.829999924,4.089999676,4.940000057,5.509999752,12.07999992,6.920000076,5.25,6.539999962,7.039999962,12.90999985,9.159999847,7.099999905,8.13999939,8.329999924
2008/1/13,10.82999992,6.369999886,2.24000001,1.389999986,1.679999948,10.75,4.299999714,1.719999909,2.200000048,2.899999857,11.03999996,4.630000114,2.629999876,3.49000001,4.25,11.72999954,5.75,3.74000001,5.049999714,5.75,12.60999966,8.260000229,5.639999866,6.599999905,6.989999771
2008/1/20,10.77999973,5.829999924,1.129999995,0.039999999,0.199999988,10.64999962,3.470000029,0.680000007,0.939999998,1.599999905,10.90999985,3.659999847,1.409999967,2.25999999,3.029999971,11.57999992,4.710000038,2.319999933,3.819999933,4.589999676,12.5199995,7.5,4.389999866,5.349999905,5.829999924
2008/1/27,10.82999992,5.710000038,0.819999993,-0.319999993,-0.310000002,10.65999985,3.24000001,0.379999995,0.469999999,1.039999962,10.89999962,3.299999952,0.939999998,1.679999948,2.429999828,11.56999969,4.259999752,1.679999948,3.139999866,3.929999828,12.5199995,7.170000076,3.720000029,4.639999866,5.139999866
2008/2/3,9.710000038,4.759999752,0.049999997,-0.969999969,-0.949999988,9.510000229,2.299999952,-0.459999979,-0.379999995,0.179999992,9.699999809,2.25999999,-0.059999999,0.709999979,1.49000001,10.32999992,3.159999847,0.560000002,2.079999924,2.970000029,11.23999977,6.039999962,2.700000048,3.639999866,4.230000019
2008/2/10,9.75,4.759999752,0.170000002,-0.789999962,-0.849999964,9.569999695,2.349999905,-0.349999994,-0.280000001,0.149999991,9.739999771,2.24000001,-0.079999998,0.680000007,1.350000024,10.34999943,3.029999971,0.389999986,1.969999909,2.75999999,11.23999977,5.889999866,2.549999952,3.50999999,3.99000001
2008/2/17,10.21999931,5.170000076,0.48999998,-0.519999981,-0.569999993,10.03999996,2.700000048,-0.01,0.049999997,0.459999979,10.19999981,2.549999952,0.170000002,0.879999995,1.529999971,10.82999992,3.299999952,0.560000002,2.029999971,2.799999952,11.73999977,6.210000038,2.659999847,3.50999999,3.970000029
2008/2/24,10.57999992,5.449999809,0.659999967,-0.449999988,-0.519999981,10.40999985,2.99000001,0.209999993,0.289999992,0.610000014,10.60999966,2.909999847,0.529999971,1.24000001,1.799999952,11.23999977,3.75999999,1.049999952,2.49000001,3.159999847,12.19999981,6.710000038,3.199999809,4.079999924,4.460000038
2008/3/2,10.90999985,5.879999638,1.149999976,-0.029999999,-0.199999988,10.75,3.529999971,0.819999993,0.810000002,1.029999971,10.97999954,3.470000029,1.169999957,1.779999971,2.200000048,11.61999989,4.289999962,1.639999986,2.950000048,3.50999999,12.53999996,7.159999847,3.699999809,4.480000019,4.759999752
2008/3/9,11.14999962,6.199999809,1.449999928,0.25999999,0.109999999,10.98999977,3.819999933,1.090000033,1.069999933,1.24000001,11.19999981,3.75999999,1.449999928,2.029999971,2.389999866,11.86999989,4.579999924,1.929999948,3.179999828,3.659999847,12.81999969,7.509999752,3.970000029,4.710000038,4.920000076
2008/3/16,11.67000008,6.960000038,2.329999924,1.059999943,0.899999976,11.53999996,4.679999828,2.079999924,1.870000005,1.949999928,11.77999973,4.630000114,2.389999866,2.849999905,3.109999895,12.42000008,5.389999866,2.799999952,3.99000001,4.389999866,13.38999939,8.289999962,4.829999924,5.5,5.629999638
2008/3/23,11.77999973,7.210000038,2.599999905,1.199999928,1,11.65999985,5.019999981,2.49000001,2.159999847,2.069999933,11.88999939,4.960000038,2.779999971,3.049999952,3.119999886,12.52999973,5.679999828,3.119999886,4.059999943,4.259999752,13.48999977,8.550000191,4.980000019,5.429999828,5.409999847
2008/3/30,12.67000008,8.710000038,4.789999962,3.619999886,3.589999914,12.64999962,6.869999886,4.690000057,4.509999752,4.460000038,12.89999962,6.779999733,4.869999886,5.199999809,5.259999752,13.5199995,7.369999886,5.039999962,5.929999828,6.099999905,14.42000008,9.949999809,6.710000038,7.049999714,7.009999752
2008/4/6,13.21000004,9.659999847,6.089999676,5.019999981,5.079999924,13.21999931,8,6,6,6.039999962,13.48999977,7.919999599,6.179999828,6.589999676,6.710000038,14.10999966,8.470000267,6.329999924,7.159999847,7.379999638,14.97999954,10.90999985,7.839999676,8.119999886,8.159999847
2008/4/13,13.61999989,10.84999943,8.039999962,7.079999924,7.159999847,13.71999931,9.590000153,8.010000229,8.550000191,8.619999886,14.03999996,9.619999886,8.25,9.13999939,9.260000229,14.61999989,10.11999989,8.409999847,9.579999924,9.760000229,15.40999985,12.15999985,9.849999428,10.31999969,10.28999996
2008/4/20,13.96000004,11.09999943,8.13999939,7.079999924,6.920000076,14.06999969,9.869999886,8.289999962,8.119999886,8.029999733,14.38999939,9.88999939,8.470000267,8.819999695,8.75,14.98999977,10.43999958,8.699999809,9.380000114,9.349999428,15.81999969,12.53999996,10.07999992,10.32999992,10.07999992
2008/4/27,14.69999981,12.36999989,9.989999771,9.119999886,9.130000114,14.85999966,11.35999966,10.09999943,9.960000038,9.960000038,15.14999962,11.15999985,9.880000114,10.17000008,10.21000004,15.69999981,11.39999962,9.659999847,10.2699995,10.34999943,16.47999954,13.27999973,10.72999954,10.7699995,10.61999989
2008/5/4,14.63999939,12.5199995,10.23999977,9.369999886,9.289999962,14.84999943,11.65999985,10.42000008,10.13999939,10.06999969,15.21999931,11.75,10.65999985,10.73999977,10.68999958,15.79999924,12.2699995,10.90999985,11.25,11.21000004,16.57999992,14.04999924,12.02999973,12.15999985,11.90999985
2008/5/11,14.78999996,13.06999969,11.19999981,10.36999989,10.2699995,15.04999924,12.46000004,11.5,11,10.89999962,15.40999985,12.5,11.57999992,11.44999981,11.38999939,15.96999931,12.88999939,11.65999985,11.89999962,11.82999992,16.71999931,14.54999924,12.71000004,12.73999977,12.52999973
2008/5/18,15.65999985,14.29999924,12.65999985,11.65999985,11.48999977,16.01000023,14,13.25,12.52999973,12.18999958,16.43000031,14.15999985,13.46999931,13.06999969,12.73999977,16.98999977,14.55999947,13.61999989,13.55999947,13.25,17.69999886,15.96999931,14.48999977,14.48999977,14.02999973
2008/5/25,16.3599987,15.31999969,13.96999931,12.92000008,12.73999977,16.77999878,15.29999924,14.72999954,13.85999966,13.40999985,17.23999977,15.52999973,15.0199995,14.47999954,14.04999924,17.78999901,15.90999985,15.19999981,15.04999924,14.64999962,18.47999954,17.12999916,15.96999931,16.01000023,15.5
2008/6/1,16.62999916,16.1099987,15.43999958,14.68999958,14.5199995,17.10000038,16.32999992,16.10000038,15.5199995,15.17000008,17.55999947,16.5,16.19000053,15.96999931,15.63999939,18.07999992,16.75,16.20999908,16.3599987,16.06999969,18.70999908,17.73999977,16.95999908,17.09000015,16.75
2008/6/8,17.29999924,17.63999939,17.97999954,17.69000053,17.77000046,17.85000038,18.22999954,18.5,18.32999992,18.19000053,18.30999947,18.27000046,18.27999878,18.36999893,18.23999977,18.76000023,18.25,17.94999886,18.27000046,18.19000053,19.29999924,18.85000038,18.44999886,18.52000046,18.35000038
2008/6/15,17.94999886,18.46999931,18.86999893,18.45999908,18.54999924,18.52999878,19.18999863,19.51000023,19.36999893,19.17000008,19,19.3599987,19.48999977,19.53999901,19.30999947,19.44999886,19.43000031,19.3599987,19.5,19.27999878,19.94999886,19.85000038,19.70999908,19.78999901,19.42000008
2008/6/22,18.63999939,19.20999908,19.62999916,19.17000008,19.27000046,19.25,20.02000046,20.34000015,20.14999962,20,19.76000023,20.34000015,20.53999901,20.63999939,20.43999863,20.22999954,20.54999924,20.67000008,20.90999985,20.70999908,20.72999954,20.90999985,21.11999893,21.38999939,21.05999947
2008/6/29,18.5,19.55999947,20.59000015,20.40999985,20.45999908,19.18999863,20.61999893,21.23999977,21.05999947,20.92000008,19.70999908,20.86999893,21.26000023,21.43000031,21.22999954,20.18000031,20.95999908,21.20999908,21.57999992,21.3599987,20.65999985,21.15999985,21.60000038,21.87999916,21.52000046
2008/7/6,18.56999969,20.29999924,22.02999878,22.09000015,22.01000023,19.31999969,21.71999931,22.71999931,22.23999977,22.05999947,19.86999893,21.95999908,22.62999916,22.47999954,22.28999901,20.29999924,21.94999886,22.51000023,22.61999893,22.44999886,20.71999931,21.86999893,22.75,22.98999977,22.69999886
2008/7/13,19.27999878,21.17000008,22.97999954,22.96999931,22.82999992,20.06999969,22.73999977,23.81999969,22.97999954,22.60000038,20.64999962,23.10000038,23.88999939,23.26000023,22.89999962,21.07999992,23.14999962,23.89999962,23.57999992,23.26999855,21.47999954,22.92000008,24,24.15999985,23.80999947
2008/7/20,19.37999916,21.46999931,23.68999863,24.01000023,23.76999855,20.12999916,23.04999924,24.32999992,23.60000038,23.10000038,20.63999939,23.10000038,23.89999962,23.31999969,22.82999992,20.97999954,22.86999893,23.46999931,23.20999908,22.79999924,21.32999992,22.59000015,23.43999863,23.43000031,23.07999992
2008/7/27,19.64999962,22.25,24.96999931,25.40999985,25.26000023,20.45999908,24.10000038,25.63999939,25.11999893,24.65999985,20.97999954,24.23999977,25.28999901,24.81999969,24.36999893,21.29999924,23.97999954,24.89999962,24.67000008,24.31999969,21.57999992,23.40999985,24.76999855,24.82999992,24.59000015
2008/8/3,19.70999908,22.64999962,25.75,26.3599987,26.32999992,20.56999969,24.65999985,26.34000015,26.18999863,25.87999916,21.11999893,24.89999962,26.1099987,25.95999908,25.64999962,21.43999863,24.68999863,25.84000015,25.81999969,25.61999893,21.68999863,23.96999931,25.72999954,25.92000008,25.82999992
2008/8/10,19.68000031,22.34000015,25.13999939,25.72999954,25.92000008,20.48999977,24.17000008,25.59000015,26.01000023,25.93000031,21.06999969,24.60000038,25.70999908,26.03999901,25.93999863,21.43999863,24.64999962,25.84999847,26.17000008,26.14999962,21.72999954,24.11999893,26.09000015,26.53999901,26.59000015
2008/8/17,19.90999985,22,24.26000023,24.81999969,24.85000038,20.63999939,23.46999931,24.56999969,24.84000015,24.70999908,21.18999863,23.82999992,24.64999962,24.88999939,24.71999931,21.57999992,23.94999886,24.81999969,25.07999992,24.95999908,21.94999886,23.77999878,25.20999908,25.6099987,25.48999977
2008/8/24,19.60000038,21.68999863,23.8599987,24.23999977,24.10000038,20.31999969,23.18999863,24.32999992,24.26000023,24.03999901,20.84000015,23.45999908,24.27999878,24.26999855,24.02999878,21.19999886,23.44999886,24.23999977,24.36999893,24.18999863,21.53999901,23.21999931,24.5,24.80999947,24.62999916
2008/8/31,19.76000023,21.78999901,23.93999863,24.27999878,24.04999924,20.45999908,23.28999901,24.47999954,24.26000023,23.88999939,20.95999908,23.44999886,24.25,24.07999992,23.71999931,21.28999901,23.29999924,23.97999954,23.95999908,23.68000031,21.60000038,22.98999977,24.01999855,24.15999985,23.90999985
2008/9/7,19.76000023,21.75,23.78999901,24.02999878,23.95999908,20.47999954,23.25,24.37999916,24.21999931,23.93999863,21,23.52999878,24.35000038,24.25,23.98999977,21.35000038,23.5,24.26999855,24.29999924,24.12999916,21.68000031,23.19999886,24.36999893,24.57999992,24.46999931
2008/9/14,19.95999908,21.61999893,23.29999924,23.39999962,23.36999893,20.68999863,22.96999931,23.89999962,23.75,23.53999901,21.22999954,23.29999924,23.97999954,23.94999886,23.75,21.62999916,23.3599987,24,24.11999893,24.01000023,22.01000023,23.21999931,24.19999886,24.45999908,24.40999985
2008/9/21,19.13999939,20.32999992,21.5,21.51000023,21.42000008,19.77999878,21.37999916,21.98999977,21.86999893,21.64999962,20.29999924,21.73999977,22.18999863,22.27999878,22.06999969,20.75,21.97999954,22.43000031,22.72999954,22.59000015,21.20999908,22.18000031,22.96999931,23.37999916,23.27999878
2008/9/28,18.55999947,19.59000015,20.53999901,20.34000015,20.18000031,19.18999863,20.6099987,21.18999863,20.8599987,20.57999992,19.69999886,20.90999985,21.29999924,21.27000046,21,20.12999916,21.06999969,21.39999962,21.68000031,21.47999954,20.56999969,21.26000023,21.87999916,22.28999901,22.07999992
2008/10/5,17.93000031,18.59000015,19.19999886,19.02999878,18.8599987,18.51000023,19.36999893,19.70999908,19.42000008,19.12999916,19,19.68000031,19.88999939,19.86999893,19.59000015,19.45999908,19.93000031,20.09000015,20.36999893,20.15999985,19.94999886,20.30999947,20.65999985,21.06999969,20.85000038
2008/10/12,17.06999969,17.67000008,18.26000023,18.1099987,17.90999985,17.65999985,18.44000053,18.75,18.47999954,18.13999939,18.17000008,18.77000046,18.95999908,18.94999886,18.6099987,18.62999916,19.03999901,19.19999886,19.51000023,19.21999931,19.12999916,19.43000031,19.79999924,20.25,19.93999863
2008/10/19,16.92000008,17.19999886,17.53999901,17.44000053,17.31999969,17.47999954,17.77999878,17.87999916,17.69999886,17.44999886,18,18.15999985,18.21999931,18.27000046,18.02999878,18.5,18.54999924,18.6099987,18.96999931,18.78999901,19.04999924,19.13999939,19.36999893,19.85000038,19.64999962
2008/10/26,16.68000031,16.70999908,16.8599987,16.80999947,16.72999954,17.19999886,17.1099987,17.06999969,17.02999878,16.77999878,17.69000053,17.45999908,17.37999916,17.51000023,17.25,18.20999908,17.8599987,17.75,18.14999962,17.94000053,18.78999901,18.59000015,18.55999947,19.01000023,18.73999977
2008/11/2,16.27999878,15.80999947,15.47999954,15.38999939,15.34999943,16.72999954,15.92000008,15.57999992,15.56999969,15.42000008,17.20999908,16.26000023,15.96000004,16.13999939,15.96000004,17.76000023,16.75,16.40999985,16.87999916,16.73999977,18.38999939,17.71999931,17.3599987,17.8599987,17.62999916
2008/11/9,15.29999924,14.48999977,13.90999985,13.81999969,13.84999943,15.71999931,14.40999985,13.88999939,13.97999954,13.90999985,16.17000008,14.71999931,14.27999973,14.5,14.40999985,16.70999908,15.22999954,14.73999977,15.23999977,15.17000008,17.34000015,16.29999924,15.71999931,16.22999954,16.04999924
2008/11/16,14.65999985,13.30999947,12.19999981,12.03999996,12.10999966,14.98999977,12.89999962,12.03999996,12.23999977,12.27999973,15.43999958,13.23999977,12.55999947,12.86999989,12.86999989,16.01000023,13.88999939,13.17000008,13.72999954,13.72999954,16.69000053,15.19999981,14.28999996,14.81999969,14.69999981
2008/11/23,13.73999977,12.05999947,10.59999943,10.38999939,10.43999958,14.0199995,11.42000008,10.36999989,10.65999985,10.72999954,14.40999985,11.73999977,10.90999985,11.30999947,11.32999992,14.97999954,12.42000008,11.55999947,12.19999981,12.19999981,15.67000008,13.85999966,12.72999954,13.29999924,13.15999985
2008/11/30,13.10999966,11.38999939,9.869999886,9.63999939,9.779999733,13.34999943,10.72999954,9.63999939,9.989999771,10.19999981,13.72999954,11.05999947,10.19999981,10.72999954,10.89999962,14.29999924,11.73999977,10.86999989,11.65999985,11.80999947,14.96999931,13.13999939,12.06999969,12.72999954,12.71000004
2008/12/7,12.25,9.880000114,7.739999771,7.419999599,7.659999847,12.40999985,8.829999924,7.349999905,7.869999886,8.179999352,12.77999973,9.210000038,8.079999924,8.720000267,9.039999962,13.38000011,10.05000019,8.949999809,9.829999924,10.09000015,14.09999943,11.73999977,10.32999992,11.03999996,11.11999989
2008/12/14,11.84999943,9.099999428,6.579999924,6.159999847,6.409999847,11.94999981,7.839999676,6.139999866,6.75,7.129999638,12.31999969,8.220000267,6.929999828,7.710000038,8.069999695,12.90999985,9.130000114,7.869999886,8.880000114,9.179999352,13.65999985,10.98999977,9.340000153,10.09999943,10.19999981
2008/12/21,11.80999947,8.289999962,5.049999714,4.519999981,4.759999752,11.84999943,6.629999638,4.509999752,5.049999714,5.539999962,12.17000008,7,5.369999886,6.129999638,6.629999638,12.82999992,8.029999733,6.409999847,7.489999771,7.919999599,13.67000008,10.23999977,8.079999924,8.880000114,9.079999924
2008/12/28,10.98999977,7.409999847,4.059999943,3.50999999,3.75999999,10.97999954,5.670000076,3.49000001,4.009999752,4.559999943,11.28999996,6.039999962,4.380000114,5.139999866,5.739999771,11.93999958,7.099999905,5.460000038,6.589999676,7.139999866,12.7699995,9.340000153,7.210000038,8.119999886,8.409999847
2009/1/4,10.53999996,6.679999828,3.179999828,2.74000001,2.99000001,10.47999954,4.769999981,2.450000048,3.089999914,3.799999952,10.7699995,5.089999676,3.279999971,4.21999979,5,11.39999962,6.139999866,4.369999886,5.710000038,6.449999809,12.22999954,8.5,6.25,7.25,7.710000038
2009/1/11,9.699999809,5.629999638,2.00999999,1.620000005,1.870000005,9.599999428,3.589999914,1.189999938,1.829999924,2.529999971,9.849999428,3.839999914,1.949999928,2.839999914,3.639999866,10.46000004,4.889999866,2.99000001,4.289999962,5.079999924,11.28999996,7.289999962,4.880000114,5.869999886,6.349999905
2009/1/18,9.25,4.710000038,0.779999971,0.479999989,0.819999993,9.090000153,2.389999866,-0.25,0.529999971,1.409999967,9.329999924,2.579999924,0.449999988,1.469999909,2.450000048,9.960000038,3.639999866,1.469999909,2.909999847,3.879999876,10.84999943,6.339999676,3.569999933,4.549999714,5.179999828
2009/1/25,9.319999695,4.799999714,0.789999962,0.329999983,0.659999967,9.179999352,2.529999971,-0.089999996,0.74000001,1.579999924,9.429999352,2.799999952,0.729999959,1.799999952,2.74000001,10.07999992,3.909999847,1.819999933,3.319999933,4.259999752,10.94999981,6.589999676,3.99000001,5.059999943,5.629999638
2009/2/1,9.369999886,4.889999866,0.930000007,0.429999977,0.779999971,9.25,2.659999847,0.049999997,0.949999988,1.779999971,9.489999771,2.909999847,0.849999964,2.00999999,2.950000048,10.13000011,4.009999752,1.909999967,3.470000029,4.389999866,11.02999973,6.739999771,4.139999866,5.199999809,5.710000038
2009/2/8,10.07999992,5.460000038,1.199999928,0.419999987,0.789999962,9.960000038,3.24000001,0.539999962,1.319999933,2.099999905,10.23999977,3.589999914,1.529999971,2.619999886,3.50999999,10.92000008,4.759999752,2.659999847,4.21999979,5.049999714,11.85999966,7.539999962,4.96999979,6.029999733,6.420000076
2009/2/15,10.48999977,5.670000076,1.120000005,0.25999999,0.689999998,10.32999992,3.220000029,0.429999977,1.199999928,2.069999933,10.56999969,3.349999905,1.069999933,2.220000029,3.179999828,11.23999977,4.339999676,1.870000005,3.49000001,4.409999847,12.19999981,7.289999962,4.089999676,5.039999962,5.5
2009/2/22,11.11999989,6.25,1.50999999,0.409999996,0.74000001,10.97999954,3.839999914,1.019999981,1.529999971,2.329999924,11.23999977,4.049999714,1.779999971,2.819999933,3.74000001,11.94999981,5.119999886,2.679999828,4.289999962,5.170000076,12.92000008,8.079999924,5,6.039999962,6.460000038
2009/3/1,11.06999969,6.119999886,1.25999999,0,0.239999995,10.90999985,3.720000029,0.859999955,1.199999928,1.870000005,11.15999985,3.889999866,1.599999905,2.50999999,3.279999971,11.86999989,4.940000057,2.450000048,3.970000029,4.71999979,12.86999989,7.960000038,4.759999752,5.71999979,6.039999962
2009/3/8,10.93999958,6.210000038,1.389999986,-0.02,0.149999991,10.81999969,3.949999809,1.199999928,1.389999986,1.949999928,11.07999992,4.179999828,2.00999999,2.779999971,3.449999809,11.77999973,5.239999771,2.899999857,4.230000019,4.889999866,12.73999977,8.099999428,5.049999714,5.949999809,6.170000076
2009/3/15,11.22999954,6.549999714,1.849999905,0.439999998,0.569999993,11.11999989,4.369999886,1.679999948,1.719999909,2.180000067,11.39999962,4.599999905,2.470000029,3.119999886,3.679999828,12.09999943,5.639999866,3.349999905,4.589999676,5.170000076,13.05999947,8.5,5.509999752,6.369999886,6.549999714
2009/3/22,11.90999985,7.5,3.220000029,1.99000001,2.099999905,11.86999989,5.539999962,3.099999905,3.00999999,3.369999886,12.15999985,5.679999828,3.679999828,4.210000038,4.630000114,12.82999992,6.579999924,4.349999905,5.5,5.920000076,13.7699995,9.300000191,6.389999866,7.119999886,7.170000076
2009/3/29,12.13999939,7.949999809,3.779999971,2.470000029,2.569999933,12.10999966,6.079999924,3.74000001,3.589999914,3.819999933,12.39999962,6.210000038,4.299999714,4.670000076,4.940000057,13.03999996,7.049999714,4.889999866,5.829999924,6.079999924,13.96999931,9.670000076,6.75,7.329999924,7.239999771
2009/4/5,12.2699995,8.699999809,5.299999714,4.369999886,4.440000057,12.28999996,7.159999847,5.179999828,4.940000057,5.170000076,12.59999943,7.279999733,5.629999638,5.929999828,6.199999809,13.21000004,8.010000229,6.139999866,7.009999752,7.259999752,14.04999924,10.36999989,7.879999638,8.470000267,8.409999847
2009/4/12,12.82999992,9.329999924,5.839999676,4.769999981,4.929999828,12.89999962,7.799999714,5.799999714,5.71999979,5.949999809,13.21999931,8.029999733,6.420000076,6.779999733,7.029999733,13.86999989,8.829999924,7,7.909999847,8.13999939,14.73999977,11.19999981,8.779999733,9.349999428,9.319999695
2009/4/19,13.80999947,10.71000004,7.579999924,6.5,6.460000038,13.90999985,9.409999847,7.679999828,7.329999924,7.289999962,14.22999954,9.449999809,7.96999979,8.050000191,8.039999962,14.84999943,10.03999996,8.25,8.869999886,8.840000153,15.71000004,12.27999973,9.75,10.03999996,9.75
2009/4/26,13.75,11.07999992,8.329999924,7.329999924,7.319999695,13.89999962,10,8.5,8.159999847,8.069999695,14.25,10.13999939,8.869999886,8.880000114,8.789999962,14.84999943,10.75,9.220000267,9.670000076,9.579999924,15.65999985,12.78999996,10.61999989,10.88999939,10.5
2009/5/3,14.06999969,11.73999977,9.260000229,8.25,8.210000038,14.2699995,10.84999943,9.5,9.409999847,9.420000076,14.63999939,11.03999996,9.909999847,10.21999931,10.25,15.22999954,11.67000008,10.34999943,11.11999989,11.13999939,16.04999924,13.64999962,11.90999985,12.38999939,12.17000008
2009/5/10,14.79999924,13.10999966,10.88999939,9.289999962,9.199999809,15.10999966,12.7699995,11.85999966,11,10.85999966,15.5,13.0199995,12.23999977,12.0199995,11.89999962,16.07999992,13.53999996,12.56999969,13.0199995,12.90999985,16.80999947,15.13000011,13.90999985,14.38999939,14.03999996
2009/5/17,15.42000008,14.02999973,12.23999977,10.89999962,10.93999958,15.7699995,13.78999996,13.07999992,12.48999977,12.27999973,16.15999985,13.88999939,13.18999958,13.13999939,12.93999958,16.69999886,14.19999981,13.19999981,13.63999939,13.46999931,17.40999985,15.63999939,14.2699995,14.48999977,14.09999943
2009/5/24,15.79999924,15.02999973,13.96999931,12.93999958,12.98999977,16.21999931,15.09999943,14.7699995,14.38000011,14.31999969,16.61999893,15.10999966,14.65999985,14.85999966,14.81999969,17.10000038,15.21999931,14.42000008,15.06999969,15.07999992,17.72999954,16.35000038,15.31999969,15.57999992,15.38999939
2009/5/31,16.43000031,16.21999931,15.71999931,14.77999973,14.84999943,16.93000031,16.65999985,16.59000015,16.28999901,16.26000023,17.39999962,16.94000053,16.84000015,17.04999924,17.03999901,17.87999916,17.19999886,16.92000008,17.44000053,17.45999908,18.44000053,17.97999954,17.71999931,18.05999947,17.85000038
2009/6/7,17.32999992,17.64999962,17.76000023,17.10000038,17.02999878,17.87999916,18.34000015,18.59000015,18,17.92000008,18.34000015,18.52000046,18.60000038,18.59000015,18.53999901,18.78999901,18.61999893,18.47999954,18.8599987,18.84000015,19.30999947,19.18999863,19.12999916,19.40999985,19.18000031
2009/6/14,18.54999924,19.18000031,19.60000038,19.05999947,18.88999939,19.12999916,20,20.43000031,19.70999908,19.52999878,19.59000015,20.10000038,20.27999878,20.07999992,19.94999886,20.01000023,20.06999969,19.98999977,20.19999886,20.1099987,20.48999977,20.45999908,20.43000031,20.60000038,20.31999969
2009/6/21,18.03999901,18.97999954,19.64999962,19.12999916,18.93000031,18.65999985,19.98999977,20.56999969,19.75,19.45999908,19.13999939,20.20999908,20.55999947,20.17000008,19.95999908,19.54999924,20.25,20.43999863,20.43000031,20.27000046,20,20.47999954,20.77999878,20.90999985,20.63999939
2009/6/28,19.07999992,20.30999947,21.43000031,21.21999931,20.94999886,19.73999977,21.46999931,22.19999886,21.44999886,21.03999901,20.25,21.68000031,22.14999962,21.67000008,21.31999969,20.65999985,21.68000031,22.01000023,21.78999901,21.51000023,21.07999992,21.72999954,22.12999916,22.14999962,21.81999969
2009/7/5,19.76000023,21.26000023,22.69999886,22.65999985,22.42000008,20.43000031,22.5,23.39999962,22.73999977,22.36999893,20.90999985,22.59000015,23.13999939,22.68999863,22.36999893,21.27999878,22.44999886,22.78999901,22.59000015,22.35000038,21.65999985,22.36999893,22.75,22.68999863,22.48999977
2009/7/12,19.98999977,21.55999947,23.09000015,23.12999916,22.87999916,20.65999985,22.84000015,23.75,23.05999947,22.52999878,21.14999962,23.01000023,23.6099987,22.97999954,22.44999886,21.52999878,22.95999908,23.43999863,22.93000031,22.46999931,21.89999962,22.84000015,23.28999901,23.10000038,22.71999931
2009/7/19,20.03999901,21.75,23.45999908,23.59000015,23.44999886,20.72999954,23.1099987,24.05999947,23.59000015,23.13999939,21.25,23.40999985,24.09000015,23.57999992,23.07999992,21.62999916,23.44999886,24.10000038,23.59000015,23.13999939,22.01000023,23.27999878,23.93999863,23.75,23.42000008
2009/7/26,20.35000038,22.26999855,24.26000023,24.56999969,24.72999954,21.05999947,23.68000031,24.72999954,24.76000023,24.65999985,21.56999969,23.93000031,24.68999863,24.68999863,24.52999878,21.93999863,23.89999962,24.57999992,24.55999947,24.43000031,22.27999878,23.62999916,24.48999977,24.46999931,24.45999908
2009/8/2,20.55999947,23.02999878,25.65999985,26.20999908,26.36999893,21.35000038,24.72999954,26.11999893,26.20999908,26.30999947,21.86999893,24.93999863,25.92000008,26.05999947,26.1099987,22.19999886,24.76000023,25.64999962,25.77999878,25.84999847,22.48999977,24.19999886,25.43000031,25.51000023,25.63999939
2009/8/9,20.10000038,23.14999962,26.31999969,26.93000031,26.84000015,20.93999863,25.19999886,26.94999886,26.75,26.65999985,21.46999931,25.40999985,26.68000031,26.55999947,26.46999931,21.73999977,25.13999939,26.34000015,26.26000023,26.22999954,21.93000031,24.20999908,25.92000008,25.98999977,26.01999855
2009/8/16,20.54999924,23.20999908,25.96999931,26.52999878,26.56999969,21.3599987,25.02999878,26.46999931,26.45999908,26.40999985,21.92000008,25.39999962,26.5,26.51000023,26.48999977,22.26999855,25.36999893,26.5,26.51000023,26.54999924,22.53999901,24.70999908,26.32999992,26.48999977,26.59000015
2009/8/23,20.23999977,22.02000046,23.89999962,24.32999992,24.35000038,20.94999886,23.34000015,24.22999954,24.19999886,24.11999893,21.5,23.76999855,24.46999931,24.44999886,24.39999962,21.93000031,23.97999954,24.75,24.77999878,24.80999947,22.31999969,23.85000038,24.95999908,25.19999886,25.27999878
2009/8/30,19.87999916,21.48999977,23.15999985,23.48999977,23.40999985,20.55999947,22.70999908,23.53999901,23.34000015,23.14999962,21.07999992,23.05999947,23.67000008,23.53999901,23.39999962,21.5,23.20999908,23.82999992,23.87999916,23.82999992,21.88999939,23.15999985,24.09000015,24.34000015,24.35000038
2009/9/6,19.68999863,20.85000038,22.06999969,22.28999901,22.30999947,20.31999969,21.82999992,22.38999939,22.22999954,22.11999893,20.85000038,22.22999954,22.64999962,22.56999969,22.51999855,21.29999924,22.51000023,22.95999908,23.10000038,23.15999985,21.76000023,22.71999931,23.44999886,23.77999878,23.89999962
2009/9/13,19.62999916,20.44999886,21.32999992,21.47999954,21.44999886,20.20999908,21.22999954,21.6099987,21.43999863,21.27000046,20.70999908,21.52999878,21.77999878,21.67000008,21.54999924,21.17000008,21.77999878,21.98999977,22.11999893,22.11999893,21.67000008,22.17000008,22.51999855,22.80999947,22.84000015
2009/9/20,19.52999878,20.18000031,20.8599987,20.90999985,20.88999939,20.09000015,20.8599987,21.15999985,21,20.84000015,20.56999969,21.13999939,21.30999947,21.22999954,21.10000038,21.02000046,21.36999893,21.46999931,21.63999939,21.61999893,21.51000023,21.78999901,22.01000023,22.30999947,22.30999947
2009/9/27,19.43000031,20.1099987,20.80999947,20.77999878,20.77999878,20.01000023,20.8599987,21.18000031,21.05999947,20.90999985,20.5,21.19999886,21.42000008,21.40999985,21.27000046,20.95999908,21.46999931,21.65999985,21.86999893,21.81999969,21.43999863,21.81999969,22.18000031,22.53999901,22.47999954
2009/10/4,18.54999924,19.52999878,20.45999908,20.38999939,20.34000015,19.15999985,20.51000023,21,20.81999969,20.62999916,19.67000008,20.93999863,21.35000038,21.32999992,21.12999916,20.1099987,21.22999954,21.68999863,21.90999985,21.77999878,20.53999901,21.37999916,22.18999863,22.63999939,22.48999977
2009/10/11,17.44999886,18.27999878,19.10000038,19.01000023,18.95999908,18.03999901,19.17000008,19.60000038,19.36999893,19.19999886,18.53999901,19.57999992,19.90999985,19.85000038,19.67000008,18.97999954,19.86999893,20.25,20.43999863,20.31999969,19.40999985,20.06999969,20.75,21.19999886,21.04999924
2009/10/18,16.54999924,17.01000023,17.55999947,17.56999969,17.57999992,17.1099987,17.65999985,17.86999893,17.72999954,17.61999893,17.60000038,18.01000023,18.13999939,18.13999939,18.02999878,18.06999969,18.34000015,18.47999954,18.71999931,18.64999962,18.55999947,18.77999878,19.10000038,19.51000023,19.39999962
2009/10/25,15.82999992,16.1099987,16.51000023,16.52000046,16.57999992,16.37999916,16.65999985,16.75,16.68000031,16.64999962,16.87999916,17.06999969,17.12999916,17.15999985,17.12999916,17.37999916,17.47999954,17.57999992,17.82999992,17.82999992,17.90999985,18.02999878,18.27999878,18.72999954,18.67000008
2009/11/1,15.29999924,15.11999989,15.11999989,15.18999958,15.32999992,15.7699995,15.35999966,15.13999939,15.22999954,15.36999989,16.25,15.7699995,15.60999966,15.7699995,15.88999939,16.77000046,16.27999878,16.15999985,16.52999878,16.65999985,17.35000038,17.09000015,17.03999901,17.52999878,17.57999992
2009/11/8,14.81999969,13.55999947,12.69999981,12.96000004,13.32999992,15.13999939,13.05999947,12.19999981,12.86999989,13.27999973,15.56999969,13.35999966,12.63999939,13.38999939,13.79999924,16.15999985,14,13.22999954,14.21999931,14.63999939,16.90999985,15.59999943,14.77999973,15.38000011,15.68999958
2009/11/15,13.71999931,12.11999989,10.89999962,11.11999989,11.52999973,13.96000004,11.32999992,10.27999973,11,11.61999989,14.32999992,11.55999947,10.64999962,11.42000008,12.06999969,14.89999962,12.19999981,11.18999958,12.19999981,12.85999966,15.65999985,13.94999981,12.81999969,13.5,13.92000008
2009/11/22,12.81999969,10.78999996,9.130000114,9.159999847,9.550000191,13,9.869999886,8.569999695,9.369999886,9.969999313,13.38999939,10.17999935,9.159999847,9.989999771,10.61999989,13.96999931,10.96000004,9.909999847,10.98999977,11.60999966,14.72999954,12.80999947,11.65999985,12.52999973,12.81999969
2009/11/29,11.82999992,9.539999962,7.569999695,7.46999979,7.889999866,11.97999954,8.449999809,6.96999979,7.839999676,8.599999428,12.32999992,8.760000229,7.619999886,8.599999428,9.380000114,12.90999985,9.599999428,8.449999809,9.699999809,10.42000008,13.67000008,11.52999973,10.28999996,11.2699995,11.63999939
2009/12/6,12.06999969,9.289999962,6.819999695,6.489999771,6.869999886,12.18999958,8.039999962,6.319999695,7.079999924,7.819999695,12.55999947,8.429999352,7.139999866,8.029999733,8.789999962,13.17000008,9.369999886,8.090000153,9.260000229,9.969999313,13.96999931,11.36999989,9.88999939,10.90999985,11.23999977
2009/12/13,11.07999992,7.869999886,4.960000038,4.509999752,4.829999924,11.11999989,6.329999924,4.420000076,4.96999979,5.759999752,11.40999985,6.589999676,5.059999943,5.920000076,6.789999962,12.0199995,7.46999979,5.889999866,7.179999828,8.010000229,12.81999969,9.619999886,7.71999979,8.760000229,9.25
2009/12/20,10.64999962,7.329999924,4.349999905,3.839999914,4.190000057,10.68999958,5.829999924,3.869999886,4.509999752,5.289999962,10.98999977,6.179999828,4.679999828,5.589999676,6.449999809,11.60999966,7.129999638,5.659999847,6.989999771,7.789999962,12.36999989,9.199999809,7.46999979,8.569999695,9
2009/12/27,10.78999996,6.799999714,3.159999847,2.529999971,2.839999914,10.75,4.889999866,2.549999952,3.179999828,3.929999828,11.05999947,5.210000038,3.369999886,4.299999714,5.099999905,11.69999981,6.25,4.389999866,5.71999979,6.460000038,12.53999996,8.599999428,6.279999733,7.289999962,7.639999866
2010/1/3,10.61999989,6.170000076,2.079999924,1.309999943,1.679999948,10.52999973,4.019999981,1.449999928,2.099999905,2.859999895,10.80999947,4.299999714,2.25999999,3.159999847,3.970000029,11.46000004,5.369999886,3.279999971,4.509999752,5.239999771,12.34999943,7.869999886,5.079999924,5.920000076,6.25
2010/1/10,9.599999428,4.809999943,0.479999989,-0.129999995,0.319999993,9.449999809,2.409999847,-0.370000005,0.299999982,1.279999971,9.699999809,2.679999828,0.469999999,1.49000001,2.529999971,10.35999966,3.819999933,1.579999924,3.00999999,3.970000029,11.2699995,6.549999714,3.649999857,4.639999866,5.21999979
2010/1/17,9.880000114,4.829999924,0.239999995,-0.340000004,0.109999999,9.679999352,2.220000029,-0.74000001,0.01,1.039999962,9.909999847,2.409999847,0.029999999,1.110000014,2.220000029,10.60999966,3.529999971,1.059999943,2.599999905,3.639999866,11.55999947,6.46999979,3.24000001,4.21999979,4.849999905
2010/1/24,9.420000076,4.259999752,-0.409999996,-1.039999962,-0.659999967,9.210000038,1.639999986,-1.360000014,-0.589999974,0.409999996,9.449999809,1.829999924,-0.550000012,0.579999983,1.679999948,10.11999989,2.970000029,0.5,2.159999847,3.199999809,11.06999969,5.929999828,2.799999952,3.909999847,4.519999981
2010/1/31,10.09000015,4.589999676,-0.299999982,-0.859999955,-0.409999996,9.849999428,1.74000001,-1.429999948,-0.610000014,0.409999996,10.07999992,1.870000005,-0.699999988,0.479999989,1.620000005,10.78999996,3.00999999,0.280000001,1.969999909,3.049999952,11.77999973,6.170000076,2.659999847,3.720000029,4.339999676
2010/2/7,10.52999973,4.670000076,-0.560000002,-1.129999995,-0.639999986,10.23999977,1.579999924,-1.789999962,-1.039999962,0.049999997,10.44999981,1.639999986,-1.129999995,0,1.24000001,11.18999958,2.779999971,-0.219999999,1.469999909,2.700000048,12.2699995,6.210000038,2.279999971,3.25999999,4.039999962
2010/2/14,10.23999977,4.730000019,-0.199999988,-0.769999981,-0.409999996,9.989999771,1.849999905,-1.289999962,-0.75,0.25,10.17000008,1.870000005,-0.74000001,0.219999999,1.370000005,10.86999989,2.909999847,0.049999997,1.679999948,2.839999914,11.89999962,6.170000076,2.49000001,3.529999971,4.259999752
2010/2/21,10.40999985,5,0.059999999,-0.599999964,-0.25,10.15999985,2.180000067,-0.909999967,-0.269999981,0.560000002,10.36999989,2.220000029,-0.340000004,0.569999993,1.579999924,11.06999969,3.24000001,0.429999977,1.909999967,2.909999847,12.07999992,6.489999771,2.779999971,3.679999828,4.21999979
2010/2/28,11.35999966,5.389999866,-0.099999994,-0.909999967,-0.50999999,11.05999947,2.220000029,-1.169999957,-0.479999989,0.459999979,11.23999977,2.099999905,-0.779999971,0.310000002,1.409999967,11.98999977,3.109999895,-0.149999991,1.529999971,2.629999876,13.10999966,6.710000038,2.319999933,3.179999828,3.869999886
2010/3/7,11.43999958,6,0.819999993,-0.119999997,0.02,11.19999981,3.159999847,0.02,0.419999987,1.110000014,11.40999985,3.099999905,0.459999979,1.319999933,2.159999847,12.11999989,4.049999714,1.069999933,2.569999933,3.449999809,13.19999981,7.389999866,3.429999828,4.259999752,4.730000019
2010/3/14,11.53999996,6.099999905,0.919999957,-0.140000001,0,11.30999947,3.319999933,0.229999989,0.589999974,1.139999986,11.5199995,3.24000001,0.629999995,1.469999909,2.180000067,12.23999977,4.179999828,1.220000029,2.659999847,3.399999857,13.29999924,7.509999752,3.529999971,4.269999981,4.619999886
2010/3/21,11.78999996,6.429999828,1.139999986,-0.029999999,0.119999997,11.57999992,3.659999847,0.550000012,0.769999981,1.279999971,11.78999996,3.619999886,1.00999999,1.699999928,2.369999886,12.52999973,4.589999676,1.620000005,2.909999847,3.619999886,13.61999989,7.96999979,3.929999828,4.579999924,4.909999847
2010/3/28,11.78999996,6.710000038,1.620000005,0.319999993,0.439999998,11.60999966,4.139999866,1.220000029,1.25999999,1.659999967,11.82999992,4.089999676,1.639999986,2.180000067,2.700000048,12.52999973,5,2.159999847,3.299999952,3.869999886,13.57999992,8.239999771,4.339999676,4.889999866,5.119999886
2010/4/4,12.19999981,7.710000038,3.139999866,1.819999933,1.819999933,12.10999966,5.529999733,2.950000048,2.869999886,3.049999952,12.36999989,5.579999924,3.429999828,3.839999914,4.139999866,13.03999996,6.420000076,3.970000029,4.960000038,5.279999733,14.04999924,9.340000153,5.960000038,6.5,6.5
2010/4/11,12.44999981,7.929999828,3.339999914,2.029999971,2.099999905,12.34999943,5.679999828,3.129999876,2.950000048,3.159999847,12.57999992,5.579999924,3.359999895,3.659999847,3.970000029,13.23999977,6.289999962,3.639999866,4.519999981,4.869999886,14.23999977,9.260000229,5.509999752,5.849999905,5.920000076
2010/4/18,12.65999985,8.5,4.299999714,3.159999847,3.279999971,12.59999943,6.429999828,4.059999943,3.949999809,4.170000076,12.82999992,6.329999924,4.259999752,4.559999943,4.839999676,13.48999977,7.009999752,4.539999962,5.299999714,5.619999886,14.46999931,9.869999886,6.329999924,6.579999924,6.619999886
2010/4/25,12.90999985,9.369999886,5.670000076,4.46999979,4.460000038,12.92000008,7.710000038,5.679999828,5.389999866,5.460000038,13.21999931,7.739999771,6,6.119999886,6.21999979,13.84999943,8.38999939,6.319999695,6.909999847,7.039999962,14.7699995,10.90999985,7.960000038,8.220000267,8.090000153
2010/5/2,13.17000008,10.27999973,7.099999905,5.789999962,5.710000038,13.29999924,9.099999428,7.460000038,6.619999886,6.569999695,13.63999939,9.279999733,7.889999866,7.429999828,7.419999599,14.23999977,9.949999809,8.329999924,8.340000153,8.369999886,15.09999943,12.11999989,9.679999352,9.789999962,9.579999924
2010/5/9,13.86999989,11.32999992,8.63999939,7.579999924,7.589999676,14.04999924,10.35999966,8.909999847,8.369999886,8.239999771,14.38999939,10.52999973,9.329999924,8.970000267,8.849999428,14.98999977,11.11999989,9.670000076,9.679999352,9.579999924,15.81999969,13.11999989,10.86999989,10.88999939,10.63999939
2010/5/16,14.89999962,12.88999939,10.73999977,9.800000191,9.869999886,15.15999985,12.19999981,11.03999996,10.86999989,10.90999985,15.55999947,12.44999981,11.48999977,11.5199995,11.53999996,16.17000008,13,11.82999992,12.15999985,12.19999981,16.94999886,14.75,13,13.17000008,13.11999989
2010/5/23,15.2699995,14.30999947,13.15999985,12.13999939,11.97999954,15.65999985,14.38000011,13.93999958,13.32999992,13.14999962,16.09000015,14.57999992,14.17000008,13.88000011,13.65999985,16.59000015,14.88999939,14.25,14.28999996,14.09999943,17.19999886,15.90999985,14.92000008,15,14.68999958
2010/5/30,15.29999924,15.36999989,15.15999985,14.27999973,13.86999989,15.79999924,16.01000023,16.18000031,15.0199995,14.63000011,16.22999954,16.17000008,16.19000053,15.46999931,15.07999992,16.64999962,16.25,16.05999947,15.75,15.43999958,17.13999939,16.75,16.3599987,16.31999969,15.96000004
2010/6/6,15.54999924,16.28999901,16.88999939,16.40999985,16.34000015,16.14999962,17.22999954,17.71999931,17.10000038,16.94999886,16.6099987,17.46999931,17.77999878,17.53999901,17.43000031,17.02000046,17.54999924,17.72999954,17.77999878,17.73999977,17.44000053,17.77999878,18.02999878,18.13999939,18.10000038
2010/6/13,16.88999939,17.54999924,18.1099987,17.71999931,17.57999992,17.47999954,18.43000031,18.8599987,18.06999969,17.84000015,17.95999908,18.68000031,18.93000031,18.46999931,18.27000046,18.38999939,18.79999924,18.93999863,18.75,18.62999916,18.85000038,19.10000038,19.20999908,19.21999931,19.10000038
2010/6/20,18.29999924,19.36999893,20.3599987,20.15999985,20.05999947,18.92000008,20.42000008,21.04999924,20.39999962,20.13999939,19.39999962,20.63999939,21.05999947,20.68999863,20.45999908,19.78999901,20.65999985,20.93000031,20.86999893,20.73999977,20.18999863,20.72999954,21.10000038,21.17000008,21.09000015
2010/6/27,18.72999954,20.20999908,21.71999931,21.75,21.67000008,19.43000031,21.5,22.36999893,21.81999969,21.5,19.94999886,21.70999908,22.28999901,21.93999863,21.63999939,20.34000015,21.67000008,22.11999893,22,21.79999924,20.72999954,21.52999878,22.13999939,22.20999908,22.06999969
2010/7/4,18.61999893,20.62999916,22.68999863,22.96999931,22.90999985,19.37999916,22.18000031,23.28999901,22.84000015,22.52999878,19.93999863,22.51999855,23.34000015,23.03999901,22.73999977,20.34000015,22.54999924,23.3599987,23.27999878,23.07999992,20.69999886,22.26999855,23.48999977,23.68999863,23.57999992
2010/7/11,19.40999985,21.14999962,23.07999992,23.52999878,23.64999962,20.11999893,22.43999863,23.39999962,23.42000008,23.34000015,20.64999962,22.67000008,23.31999969,23.42000008,23.34000015,21.03999901,22.67000008,23.22999954,23.46999931,23.48999977,21.43000031,22.53999901,23.43999863,23.70999908,23.78999901
2010/7/18,19.92000008,21.71999931,23.60000038,23.94999886,23.98999977,20.62999916,23.06999969,24.01999855,23.88999939,23.75,21.15999985,23.40999985,24.11999893,24.03999901,23.87999916,21.55999947,23.5,24.19999886,24.26999855,24.18999863,21.93000031,23.32999992,24.43000031,24.69999886,24.63999939
2010/7/25,20.1099987,22.12999916,24.18000031,24.36999893,24.27999878,20.8599987,23.70999908,24.82999992,24.56999969,24.32999992,21.40999985,24.14999962,25.03999901,24.80999947,24.56999969,21.78999901,24.22999954,25.15999985,25.10000038,24.93000031,22.10000038,23.82999992,25.23999977,25.51999855,25.38999939
2010/8/1,20.17000008,22.02000046,24.01999855,24.42000008,24.52999878,20.92000008,23.46999931,24.43000031,24.42000008,24.36999893,21.5,23.97999954,24.76999855,24.80999947,24.76000023,21.93000031,24.25,25.15999985,25.34000015,25.36999893,22.31999969,24.1099987,25.59999847,26.04999924,26.12999916
2010/8/8,20.45999908,22.26999855,24.18999863,24.52999878,24.59000015,21.20999908,23.69999886,24.64999962,24.57999992,24.6099987,21.77999878,24.15999985,24.92000008,24.89999962,24.94999886,22.21999931,24.37999916,25.20999908,25.40999985,25.54999924,22.61999893,24.28999901,25.68000031,26.14999962,26.30999947
2010/8/15,20.48999977,22.47999954,24.52999878,24.77999878,24.67000008,21.26000023,24.04999924,25.12999916,24.89999962,24.82999992,21.82999992,24.51999855,25.36999893,25.27999878,25.26999855,22.25,24.68999863,25.61999893,25.80999947,25.93000031,22.61999893,24.48999977,26.05999947,26.56999969,26.70999908
2010/8/22,20.17000008,21.60000038,23.05999947,23.17000008,23.07999992,20.8599987,22.81999969,23.56999969,23.38999939,23.32999992,21.40999985,23.23999977,23.80999947,23.93000031,23.95999908,21.8599987,23.51000023,24.11999893,24.68000031,24.85000038,22.32999992,23.75,25,25.70999908,25.89999962
2010/8/29,20,21.45999908,22.96999931,23.09000015,23,20.65999985,22.64999962,23.48999977,23.3599987,23.23999977,21.15999985,22.85000038,23.37999916,23.51999855,23.51000023,21.55999947,22.86999893,23.28999901,23.81999969,23.95999908,21.98999977,23.04999924,23.93999863,24.43999863,24.53999901
2010/9/5,19.86999893,21.30999947,22.73999977,22.76999855,22.67000008,20.51000023,22.48999977,23.31999969,23.12999916,23.06999969,21,22.67000008,23.19999886,23.36999893,23.43999863,21.37999916,22.65999985,23.04999924,23.63999939,23.88999939,21.79999924,22.80999947,23.68999863,24.18999863,24.40999985
2010/9/12,20,21.31999969,22.54999924,22.43999863,22.32999992,20.62999916,22.43999863,23.18999863,23.02999878,22.87999916,21.1099987,22.62999916,23.11999893,23.27999878,23.26000023,21.5,22.63999939,22.98999977,23.48999977,23.63999939,21.90999985,22.79999924,23.53999901,23.96999931,24.04999924
2010/9/19,19.35000038,19.89999962,20.30999947,19.97999954,19.95999908,19.90999985,20.62999916,20.87999916,20.77000046,20.70999908,20.40999985,21.02999878,21.21999931,21.42000008,21.45999908,20.87999916,21.39999962,21.59000015,22.04999924,22.23999977,21.39999962,21.95999908,22.44999886,22.95999908,23.04999924
2010/9/26,18.87999916,19.13999939,19.26000023,18.81999969,18.84000015,19.40999985,19.70999908,19.82999992,19.68000031,19.65999985,19.87999916,20.05999947,20.11999893,20.26000023,20.30999947,20.35000038,20.38999939,20.39999962,20.79999924,20.94999886,20.87999916,21.01000023,21.17000008,21.60000038,21.62999916
2010/10/3,17.96999931,18.28999901,18.45999908,18,17.96999931,18.51000023,18.93000031,19.06999969,18.89999962,18.79999924,19,19.31999969,19.43000031,19.52000046,19.43999863,19.47999954,19.67000008,19.76000023,20.06999969,20.03999901,19.98999977,20.19999886,20.43000031,20.85000038,20.68000031
2010/10/10,17.42000008,17.80999947,18.04999924,17.60000038,17.57999992,17.98999977,18.51000023,18.68000031,18.5,18.43000031,18.5,18.92000008,19.06999969,19.19999886,19.12999916,18.97999954,19.27999878,19.40999985,19.80999947,19.76000023,19.5,19.76000023,20.07999992,20.53999901,20.36999893
2010/10/17,17.01000023,16.89999962,16.69999886,16.27999878,16.32999992,17.51000023,17.27999878,17.13999939,17.03999901,17.11999893,18.01000023,17.72999954,17.64999962,17.90999985,17.98999977,18.52999878,18.23999977,18.18000031,18.71999931,18.80999947,19.1099987,19,19.07999992,19.63999939,19.59000015
2010/10/24,15.34999943,15.36999989,15.30999947,14.96999931,14.94999981,15.84999943,15.80999947,15.72999954,15.71000004,15.67000008,16.34000015,16.28999901,16.27000046,16.48999977,16.44000053,16.85000038,16.77999878,16.81999969,17.27000046,17.19000053,17.38999939,17.42000008,17.62999916,18.18000031,17.90999985
2010/10/31,14.52999973,14.61999989,14.64999962,14.39999962,14.43999958,15.02999973,15.05999947,14.98999977,15.04999924,15.02999973,15.5199995,15.59999943,15.61999989,15.88000011,15.79999924,16.01000023,16.12999916,16.25,16.73999977,16.59000015,16.52000046,16.69999886,17.05999947,17.68000031,17.35000038
2010/11/7,13.84999943,13.63999939,13.38999939,13.15999985,13.15999985,14.28999996,13.88999939,13.63999939,13.63999939,13.60999966,14.73999977,14.38999939,14.25,14.46999931,14.34999943,15.23999977,14.96000004,14.93999958,15.38999939,15.17000008,15.7699995,15.65999985,15.79999924,16.39999962,15.98999977
2010/11/14,13.48999977,12.86999989,12.30999947,12.02999973,11.98999977,13.88999939,12.90999985,12.46000004,12.44999981,12.43999958,14.32999992,13.36999989,13.06999969,13.31999969,13.21999931,14.82999992,13.96000004,13.71999931,14.29999924,14.13000011,15.38999939,14.82999992,14.69999981,15.32999992,14.97999954
2010/11/21,13.22999954,12.14999962,11.23999977,11.02999973,11.0199995,13.55999947,11.90999985,11.22999954,11.30999947,11.35999966,13.96999931,12.2699995,11.73999977,12.07999992,12.07999992,14.48999977,12.84999943,12.32999992,13.02999973,12.94999981,15.09999943,13.96000004,13.42000008,14.04999924,13.79999924
2010/11/28,12.65999985,11.23999977,10,9.75,9.789999962,12.94999981,10.80999947,9.909999847,10.09000015,10.19999981,13.34999943,11.18999958,10.5199995,10.98999977,11.05999947,13.88000011,11.85999966,11.19999981,12.06999969,12.05999947,14.5,13.11999989,12.47999954,13.21999931,12.98999977
2010/12/5,12.5199995,10.64999962,9.079999924,8.869999886,8.989999771,12.73999977,9.949999809,8.829999924,9.099999428,9.329999924,13.11999989,10.2699995,9.380000114,9.960000038,10.15999985,13.65999985,10.94999981,10.03999996,11.02999973,11.17000008,14.32999992,12.42000008,11.44999981,12.23999977,12.14999962
2010/12/12,11.63999939,9.039999962,6.789999962,6.539999962,6.75,11.75,7.849999905,6.319999695,6.75,7.179999828,12.07999992,8.090000153,6.839999676,7.619999886,8.069999695,12.63999939,8.840000153,7.539999962,8.75,9.159999847,13.38000011,10.69999981,9.199999809,10.09000015,10.23999977
2010/12/19,11.57999992,8.619999886,6.039999962,5.659999847,5.849999905,11.65999985,7.289999962,5.579999924,6.079999924,6.529999733,11.98999977,7.549999714,6.179999828,7.039999962,7.539999962,12.57999992,8.349999428,6.920000076,8.25,8.710000038,13.30999947,10.28999996,8.63999939,9.630000114,9.789999962
2010/12/26,11.13999939,7.549999714,4.369999886,3.879999876,4.019999981,11.13999939,5.869999886,3.799999952,4.21999979,4.710000038,11.42000008,6.069999695,4.389999866,5.210000038,5.75,12.02999973,6.920000076,5.159999847,6.5,7.029999733,12.82999992,9.130000114,7.009999752,8.010000229,8.210000038
2011/1/2,10.71000004,6.429999828,2.569999933,1.929999948,2.159999847,10.63999939,4.339999676,1.889999986,2.429999828,3.00999999,10.89999962,4.509999752,2.50999999,3.389999866,4.079999924,11.53999996,5.460000038,3.359999895,4.71999979,5.380000114,12.40999985,7.989999771,5.299999714,6.289999962,6.619999886
2011/1/9,10.07999992,5.449999809,1.25999999,0.599999964,0.859999955,9.949999809,3.159999847,0.519999981,1.079999924,1.799999952,10.17999935,3.299999952,1.129999995,2.049999952,2.889999866,10.82999992,4.269999981,1.99000001,3.409999847,4.230000019,11.73999977,7,4.049999714,5.009999752,5.5
2011/1/16,9.829999924,5.099999905,0.889999986,0.280000001,0.569999993,9.659999847,2.75999999,0.099999994,0.629999995,1.350000024,9.869999886,2.799999952,0.589999974,1.449999928,2.279999971,10.5,3.699999809,1.299999952,2.649999857,3.49000001,11.39999962,6.460000038,3.299999952,4.130000114,4.639999866
2011/1/23,9.840000153,5.049999714,0.799999952,0.25999999,0.429999977,9.659999847,2.649999857,-0.02,0.349999994,1.069999933,9.869999886,2.639999866,0.370000005,1.149999976,2.029999971,10.48999977,3.49000001,1.00999999,2.349999905,3.279999971,11.39999962,6.289999962,3.00999999,3.879999876,4.480000019
2011/1/30,9.719999313,4.730000019,0.25999999,-0.370000005,-0.179999992,9.529999733,2.220000029,-0.569999993,-0.089999996,0.639999986,9.710000038,2.200000048,-0.149999991,0.74000001,1.659999967,10.34999943,3.089999914,0.5,1.969999909,2.970000029,11.2699995,5.96999979,2.589999914,3.49000001,4.170000076
2011/2/6,10.65999985,5.299999714,0.370000005,-0.48999998,-0.370000005,10.44999981,2.609999895,-0.399999976,0.039999999,0.699999988,10.65999985,2.599999905,0.07,1.029999971,1.870000005,11.34999943,3.549999952,0.75,2.349999905,3.25999999,12.32999992,6.639999866,2.970000029,3.909999847,4.5
2011/2/13,10.44999981,5.159999847,0.25999999,-0.639999986,-0.550000012,10.23999977,2.470000029,-0.469999999,-0.170000002,0.459999979,10.40999985,2.389999866,-0.129999995,0.699999988,1.549999952,11.07999992,3.25999999,0.429999977,1.870000005,2.839999914,12.05999947,6.319999695,2.529999971,3.359999895,3.99000001
2011/2/20,9.760000229,4.799999714,0.25999999,-0.539999962,-0.469999999,9.550000191,2.319999933,-0.409999996,-0.189999998,0.340000004,9.710000038,2.159999847,-0.199999988,0.519999981,1.279999971,10.32999992,2.929999828,0.229999989,1.579999924,2.409999847,11.23999977,5.839999676,2.24000001,2.970000029,3.49000001
2011/2/27,10.23999977,5.539999962,1.199999928,0.25,0.25999999,10.09000015,3.299999952,0.75,0.879999995,1.299999952,10.28999996,3.24000001,1.049999952,1.679999948,2.299999952,10.89999962,3.99000001,1.49000001,2.700000048,3.429999828,11.77999973,6.699999809,3.359999895,4.039999962,4.460000038
2011/3/6,10.19999981,5.389999866,0.979999959,-0.049999997,-0.059999999,10.06999969,3.159999847,0.579999983,0.639999986,0.949999988,10.2699995,3.119999886,0.919999957,1.469999909,1.949999928,10.88999939,3.889999866,1.389999986,2.49000001,3.049999952,11.7699995,6.599999905,3.220000029,3.819999933,4.099999905
2011/3/13,10.73999977,5.929999828,1.469999909,0.319999993,0.319999993,10.61999989,3.74000001,1.169999957,1.100000024,1.350000024,10.84999943,3.75999999,1.579999924,1.99000001,2.389999866,11.47999954,4.579999924,2.119999886,3.049999952,3.50999999,12.38999939,7.299999714,3.909999847,4.429999828,4.619999886
2011/3/20,11.27999973,6.409999847,1.75999999,0.479999989,0.589999974,11.15999985,4.179999828,1.50999999,1.449999928,1.719999909,11.40999985,4.25,2.029999971,2.389999866,2.75999999,12.06999969,5.119999886,2.639999866,3.449999809,3.879999876,13.0199995,7.909999847,4.389999866,4.799999714,4.96999979
2011/3/27,11.78999996,7.710000038,3.75999999,2.529999971,2.579999924,11.77999973,5.929999828,3.720000029,3.529999971,3.699999809,12.03999996,6.039999962,4.190000057,4.429999828,4.670000076,12.65999985,6.759999752,4.659999847,5.339999676,5.619999886,13.52999973,9.179999352,6.170000076,6.5,6.539999962
2011/4/3,12.35999966,8.340000153,4.46999979,3.279999971,3.339999914,12.35999966,6.599999905,4.429999828,4.21999979,4.369999886,12.63999939,6.670000076,4.839999676,5.049999714,5.279999733,13.2699995,7.369999886,5.25,5.879999638,6.129999638,14.13999939,9.829999924,6.71999979,6.960000038,7
2011/4/10,12.57999992,8.779999733,4.980000019,3.74000001,3.75999999,12.61999989,7.129999638,5.049999714,4.659999847,4.769999981,12.90999985,7.25,5.509999752,5.5,5.699999809,13.54999924,7.96999979,5.960000038,6.339999676,6.579999924,14.42000008,10.34999943,7.329999924,7.429999828,7.5
2011/4/17,13.10999966,9.529999733,5.929999828,4.759999752,4.799999714,13.15999985,7.96999979,5.96999979,5.579999924,5.599999905,13.46999931,8.119999886,6.460000038,6.349999905,6.409999847,14.10999966,8.829999924,6.909999847,7.129999638,7.199999809,14.97999954,11.17000008,8.210000038,8.210000038,8.099999428
2011/4/24,13.21999931,10.21999931,7.139999866,6.079999924,6.049999714,13.30999947,8.960000038,7.259999752,6.829999924,6.75,13.63999939,9.119999886,7.710000038,7.549999714,7.46999979,14.23999977,9.760000229,8.099999428,8.300000191,8.239999771,15.06999969,11.88999939,9.340000153,9.380000114,9.159999847
2011/5/1,14.0199995,11.15999985,8.409999847,7.710000038,7.619999886,14.13000011,9.869999886,8.289999962,7.779999733,7.71999979,14.42000008,9.800000191,8.340000153,8.179999352,8.130000114,15.02999973,10.28999996,8.449999809,8.75,8.739999771,15.88999939,12.52999973,9.789999962,9.789999962,9.659999847
2011/5/8,15.04999924,12.64999962,10.36999989,9.760000229,9.619999886,15.23999977,11.65999985,10.36999989,9.789999962,9.539999962,15.59999943,11.61999989,10.38999939,10.03999996,9.789999962,16.19000053,12.03999996,10.42000008,10.48999977,10.31999969,17.03999901,14.11999989,11.63999939,11.55999947,11.23999977
2011/5/15,14.85999966,12.75,11,10.84999943,10.93999958,15.03999996,11.78999996,10.65999985,10.60999966,10.56999969,15.32999992,11.57999992,10.39999962,10.53999996,10.5199995,15.88999939,11.85999966,10.21999931,10.78999996,10.81999969,16.71999931,13.96000004,11.67000008,11.73999977,11.65999985
2011/5/22,15.5,14.63000011,13.94999981,13.79999924,13.71999931,15.85999966,14.43999958,13.96999931,13.79999924,13.59999943,16.22999954,14.40999985,13.85999966,13.79999924,13.55999947,16.71999931,14.61999989,13.72999954,14,13.80999947,17.38999939,15.96999931,14.79999924,14.96999931,14.56999969
2011/5/29,15.80999947,15.90999985,16.06999969,15.78999996,15.54999924,16.27999878,16.35000038,16.52999878,16.15999985,15.84999943,16.65999985,16.26000023,16.15999985,15.94999981,15.63999939,17.04999924,16.15999985,15.69999981,15.84999943,15.55999947,17.55999947,16.87999916,16.27999878,16.36999893,15.92000008
2011/6/5,17.43000031,17.22999954,16.96999931,16.42000008,16.17000008,17.90999985,17.59000015,17.60000038,16.86999893,16.45999908,18.32999992,17.57999992,17.36999893,16.89999962,16.52000046,18.77999878,17.6099987,17.09000015,16.98999977,16.67000008,19.35000038,18.40999985,17.6099987,17.62999916,17.20999908
2011/6/12,18.3599987,18.47999954,18.57999992,18.26000023,18.12999916,18.85000038,18.93999863,19.10000038,18.45999908,18.02000046,19.27000046,18.88999939,18.78999901,18.36999893,17.97999954,19.70999908,18.8599987,18.43000031,18.35000038,18.03999901,20.23999977,19.52000046,18.84000015,18.81999969,18.46999931
2011/6/19,18.61999893,19.12999916,19.70999908,19.63999939,19.65999985,19.17000008,19.75,20.10000038,19.82999992,19.57999992,19.6099987,19.70999908,19.76000023,19.69999886,19.47999954,20.02999878,19.63999939,19.36999893,19.57999992,19.45999908,20.53999901,20.14999962,19.77999878,19.85000038,19.70999908
2011/6/26,18.34000015,18.98999977,19.60000038,19.43000031,19.36999893,18.90999985,19.70999908,20.10000038,19.81999969,19.48999977,19.37999916,19.8599987,20.01000023,19.8599987,19.53999901,19.81999969,19.93999863,19.90999985,19.93000031,19.68999863,20.30999947,20.35000038,20.27999878,20.37999916,20.10000038
2011/7/3,19.27999878,20.36999893,21.46999931,21.43000031,21.38999939,19.88999939,21.3599987,22.02000046,21.69999886,21.29999924,20.3599987,21.44999886,21.80999947,21.52999878,21.11999893,20.73999977,21.37999916,21.53999901,21.34000015,20.98999977,21.14999962,21.44999886,21.54999924,21.45999908,21.09000015
2011/7/10,19.56999969,21.06999969,22.52999878,22.43999863,22.14999962,20.23999977,22.36999893,23.29999924,22.67000008,22.07999992,20.71999931,22.53999901,23.14999962,22.56999969,21.93999863,21.06999969,22.44999886,22.92000008,22.43999863,21.8599987,21.40999985,22.20999908,22.72999954,22.54999924,22.01000023
2011/7/17,19.47999954,21.26000023,22.98999977,22.98999977,22.80999947,20.15999985,22.67000008,23.71999931,23.25,22.77999878,20.63999939,22.8599987,23.57999992,23.15999985,22.64999962,20.97999954,22.76000023,23.36999893,23.01999855,22.57999992,21.28999901,22.44999886,23.20999908,23.09000015,22.77999878
2011/7/24,19.90999985,21.67000008,23.43999863,23.57999992,23.43000031,20.60000038,23.05999947,24.05999947,23.69999886,23.18999863,21.10000038,23.31999969,24.03999901,23.60000038,23.04999924,21.45999908,23.30999947,23.96999931,23.47999954,22.98999977,21.78999901,23.02999878,23.77999878,23.59000015,23.25
2011/7/31,20.01000023,21.93000031,23.93000031,24.23999977,24.28999901,20.73999977,23.36999893,24.40999985,24.38999939,24.12999916,21.27999878,23.69999886,24.46999931,24.40999985,24.07999992,21.65999985,23.73999977,24.5,24.38999939,24.1099987,22.02000046,23.5,24.52999878,24.55999947,24.43999863
2011/8/7,20.09000015,22.27999878,24.55999947,24.94999886,24.86999893,20.84000015,23.87999916,25.11999893,24.92000008,24.42000008,21.36999893,24.13999939,25.03999901,24.70999908,24.12999916,21.71999931,24.09000015,24.93000031,24.52999878,23.95999908,22.04999924,23.69999886,24.75,24.59000015,24.11999893
2011/8/14,20.21999931,22.06999969,24.10000038,24.46999931,24.42000008,20.95999908,23.51000023,24.53999901,24.47999954,23.89999962,21.5,23.81999969,24.56999969,24.28999901,23.53999901,21.88999939,23.89999962,24.64999962,24.14999962,23.36999893,22.27999878,23.71999931,24.54999924,24.34000015,23.62999916
2011/8/21,20.29999924,22.09000015,24.05999947,24.43999863,24.47999954,21.01000023,23.43999863,24.45999908,24.61999893,24.27999878,21.51000023,23.60000038,24.27999878,24.30999947,23.78999901,21.86999893,23.46999931,24.01999855,23.93999863,23.3599987,22.21999931,23.28999901,23.87999916,23.71999931,23.20999908
2011/8/28,19.75,21.38999939,23.18999863,23.47999954,23.52999878,20.44999886,22.70999908,23.6099987,23.70999908,23.51999855,20.95999908,23.04999924,23.72999954,23.87999916,23.53999901,21.3599987,23.13999939,23.80999947,23.89999962,23.51999855,21.71999931,23.01000023,23.93000031,24.02999878,23.67000008
2011/9/4,19.79999924,21.52000046,23.37999916,23.69999886,23.6099987,20.5,22.87999916,23.84000015,23.71999931,23.43000031,21.02999878,23.22999954,23.95999908,23.88999939,23.51000023,21.42000008,23.31999969,24.03999901,24.01000023,23.60000038,21.77999878,23.14999962,24.13999939,24.25,23.85000038
2011/9/11,19.63999939,20.75,21.97999954,22.20999908,22.05999947,20.27000046,21.71999931,22.30999947,22.13999939,21.87999916,20.77000046,22.02000046,22.42000008,22.34000015,22.02000046,21.19999886,22.18999863,22.54999924,22.55999947,22.26999855,21.63999939,22.39999962,22.87999916,23,22.70999908
2011/9/18,18.93999863,19.68000031,20.51000023,20.52999878,20.28999901,19.5,20.45999908,20.88999939,20.55999947,20.17000008,19.94999886,20.67000008,20.89999962,20.68999863,20.27000046,20.36999893,20.79999924,20.93999863,20.88999939,20.47999954,20.81999969,21.12999916,21.25,21.31999969,20.93000031
2011/9/25,18.67000008,19.37999916,20.12999916,20.1099987,19.87999916,19.21999931,20.17000008,20.54999924,20.22999954,19.85000038,19.68999863,20.44999886,20.69999886,20.46999931,20.05999947,20.1099987,20.62999916,20.84000015,20.79999924,20.42000008,20.55999947,20.94999886,21.14999962,21.28999901,20.93000031
2011/10/2,17.67000008,18.25,18.8599987,18.78999901,18.47999954,18.19999886,18.95999908,19.27999878,18.88999939,18.39999962,18.63999939,19.21999931,19.39999962,19.14999962,18.62999916,19.05999947,19.43999863,19.55999947,19.52000046,19.02000046,19.52999878,19.78999901,19.89999962,20.04999924,19.59000015
2011/10/9,17.19000053,17.62999916,18.17000008,18.09000015,17.87999916,17.70999908,18.29999924,18.54999924,18.29999924,17.85000038,18.17000008,18.60000038,18.75,18.6099987,18.1099987,18.59000015,18.84000015,18.95999908,19.02000046,18.53999901,19.04999924,19.21999931,19.3599987,19.54999924,19.11999893
2011/10/16,16.51000023,16.87999916,17.36999893,17.34000015,17.19999886,17.02999878,17.47999954,17.68000031,17.55999947,17.25,17.47999954,17.79999924,17.93000031,17.96999931,17.59000015,17.93000031,18.10000038,18.19000053,18.43000031,18.05999947,18.37999916,18.52000046,18.69999886,19,18.63999939
2011/10/23,15.92999935,16.11999893,16.44000053,16.42000008,16.29999924,16.45999908,16.61999893,16.69000053,16.62999916,16.3599987,16.94000053,16.96999931,17,17.10000038,16.77000046,17.42000008,17.30999947,17.34000015,17.62999916,17.30999947,17.93000031,17.84000015,17.89999962,18.26000023,17.92000008
2011/10/30,15.25999928,15.38000011,15.60999966,15.57999992,15.50999928,15.77999973,15.8399992,15.82999992,15.88999939,15.71999931,16.27999878,16.27999878,16.28999901,16.52000046,16.29999924,16.77000046,16.70999908,16.76000023,17.20999908,16.96999931,17.27999878,17.26000023,17.44999886,17.93000031,17.63999939
2011/11/6,14.88999939,14.56999969,14.38999939,14.25999928,14.21999931,15.35999966,14.80999947,14.54999924,14.60999966,14.52999973,15.8399992,15.23999977,15.06999969,15.3399992,15.21999931,16.3599987,15.75,15.63000011,16.12999916,16.02000046,16.89999962,16.47999954,16.43000031,16.94999886,16.76000023
2011/11/13,14.29999924,13.67999935,13.22999954,13.02999973,13,14.71999931,13.79999924,13.38999939,13.5,13.46999931,15.18999958,14.2699995,14.00999928,14.38000011,14.31999969,15.71999931,14.85999966,14.67999935,15.29999924,15.23999977,16.27999878,15.67999935,15.5899992,16.21999931,16.05999947
2011/11/20,14.10999966,12.89999962,11.80000019,11.46999931,11.38999939,14.46999931,12.63000011,11.84000015,11.92000008,11.82999992,14.92000008,13.09999943,12.52999973,12.84999943,12.73999977,15.47999954,13.79999924,13.29999924,13.89999962,13.7699995,16.12999916,14.96999931,14.38000011,14.96999931,14.71999931
2011/11/27,13.67999935,12.09999943,10.56999969,10.03999996,9.979999542,14,11.67999935,10.67000008,10.67000008,10.59999943,14.46000004,12.22999954,11.53999996,11.7699995,11.67999935,15.04999924,13.03999996,12.46000004,13.00999928,12.90999985,15.71000004,14.32999992,13.63000011,14.25,14.0199995
2011/12/4,12.60999966,10.67000008,8.840000153,8.319999695,8.43999958,12.84999943,10,8.819999695,8.909999847,9.079999924,13.25,10.43999958,9.569999695,9.899999619,10.07999992,13.81999969,11.19999981,10.36999989,11.05000019,11.22999954,14.48999977,12.61999989,11.55999947,12.21000004,12.27999973
2011/12/11,11.52999973,9.279999733,7.210000038,6.710000038,6.819999695,11.71000004,8.429999352,7.069999695,7.25,7.519999981,12.09000015,8.88999939,7.899999619,8.380000114,8.659999847,12.64999962,9.75,8.840000153,9.710000038,9.989999771,13.32999992,11.30999947,10.25,11.06999969,11.21000004
2011/12/18,10.53999996,8.25,6.109999657,5.619999886,5.71999979,10.68999958,7.319999695,5.940000057,6.129999638,6.339999676,11.02999973,7.730000019,6.710000038,7.170000076,7.409999847,11.55999947,8.550000191,7.589999676,8.479999542,8.710000038,12.21000004,10.09000015,9,9.859999657,9.929999352
2011/12/25,9.719999313,7.159999847,4.799999714,4.230000019,4.400000095,9.819999695,6.109999657,4.569999695,4.929999828,5.259999752,10.14999962,6.559999943,5.440000057,6.059999943,6.420000076,10.67999935,7.460000038,6.460000038,7.460000038,7.809999943,11.31999969,9.039999962,7.919999599,8.869999886,9.039999962
2012/1/1,9.289999962,5.940000057,2.849999905,2.220000029,2.409999847,9.300000191,4.440000057,2.470000029,2.819999933,3.25999999,9.599999428,4.880000114,3.389999866,4.049999714,4.529999733,10.18999958,5.920000076,4.549999714,5.619999886,6.099999905,10.92000008,7.909999847,6.259999752,7.259999752,7.529999733
2012/1/8,9.210000038,5.559999943,2.139999866,1.329999924,1.469999909,9.210000038,3.970000029,1.849999905,2.119999886,2.579999924,9.519999504,4.46999979,2.909999847,3.519999981,4.019999981,10.11999989,5.569999695,4.139999866,5.25,5.75,10.86999989,7.649999619,5.929999828,7,7.25
2012/1/15,9.079999924,5.299999714,1.679999948,0.680000007,0.75,9.069999695,3.699999809,1.50999999,1.639999986,2.159999847,9.380000114,4.179999828,2.579999924,3.220000029,3.809999943,9.989999771,5.299999714,3.809999943,5.069999695,5.679999828,10.73999977,7.429999828,5.71999979,6.869999886,7.259999752
2012/1/22,9.260000229,5.009999752,1.00999999,0,0.079999998,9.18999958,3.119999886,0.74000001,0.870000005,1.370000005,9.469999313,3.470000029,1.620000005,2.279999971,2.889999866,10.09000015,4.529999733,2.700000048,4.009999752,4.670000076,10.89999962,6.909999847,4.690000057,5.789999962,6.170000076
2012/1/29,9.559999466,4.880000114,0.459999979,-0.560000002,-0.519999981,9.420000076,2.659999847,0.029999999,0.119999997,0.599999964,9.649999619,2.819999933,0.699999988,1.350000024,1.969999909,10.28999996,3.819999933,1.579999924,2.909999847,3.579999924,11.17000008,6.5,3.619999886,4.589999676,5
2012/2/5,10.2699995,5.130000114,0.280000001,-0.75999999,-0.799999952,10.09000015,2.639999866,-0.229999989,-0.209999993,0.189999998,10.31999969,2.700000048,0.319999993,0.899999976,1.469999909,10.98999977,3.699999809,1.110000014,2.389999866,3.039999962,11.94999981,6.690000057,3.25,4.089999676,4.480000019
2012/2/12,10.31999969,5.099999905,0.25,-0.75,-0.779999971,10.13000011,2.559999943,-0.310000002,-0.340000004,0.049999997,10.34000015,2.579999924,0.170000002,0.719999969,1.329999924,11,3.529999971,0.870000005,2.200000048,2.950000048,11.96999931,6.569999695,3.099999905,4.009999752,4.529999733
2012/2/19,10.28999996,5.299999714,0.659999967,-0.319999993,-0.379999995,10.11999989,2.889999866,0.109999999,0.219999999,0.560000002,10.32999992,2.889999866,0.560000002,1.189999938,1.719999909,10.97999954,3.779999971,1.199999928,2.49000001,3.159999847,11.92999935,6.730000019,3.279999971,4.069999695,4.509999752
2012/2/26,11.15999985,5.920000076,0.98999995,-0.079999998,-0.129999995,10.96999931,3.349999905,0.449999988,0.529999971,0.859999955,11.18999958,3.299999952,0.829999983,1.49000001,2,11.86999989,4.190000057,1.409999967,2.75999999,3.409999847,12.88000011,7.339999676,3.589999914,4.349999905,4.759999752
2012/3/4,11.75999928,6.25,0.98999995,-0.209999993,-0.25,11.55000019,3.5,0.459999979,0.50999999,0.799999952,11.75,3.389999866,0.769999981,1.409999967,1.889999986,12.44999981,4.25,1.24000001,2.539999962,3.179999828,13.5,7.480000019,3.319999933,3.99000001,4.389999866
2012/3/11,11.82999992,6.329999924,0.979999959,-0.299999982,-0.399999976,11.61999989,3.579999924,0.479999989,0.519999981,0.74000001,11.84000015,3.539999962,0.930000007,1.559999943,1.969999909,12.56999969,4.509999752,1.539999962,2.809999943,3.349999905,13.63999939,7.789999962,3.679999828,4.349999905,4.639999866
2012/3/18,11.55000019,6.5,1.50999999,0.25,0.170000002,11.38000011,4.009999752,1.129999995,1.090000033,1.25,11.60999966,3.99000001,1.599999905,2.139999866,2.450000048,12.30000019,4.900000095,2.180000067,3.349999905,3.789999962,13.31999969,8.010000229,4.25,4.839999676,5.049999714
2012/3/25,11.80999947,6.929999828,2.119999886,0.810000002,0.75,11.67999935,4.589999676,1.849999905,1.75,1.849999905,11.92999935,4.639999866,2.349999905,2.809999943,3.059999943,12.60999966,5.519999981,2.929999828,4.019999981,4.380000114,13.63000011,8.519999504,4.929999828,5.509999752,5.619999886
2012/4/1,12.27999973,7.480000019,2.679999828,1.309999943,1.25999999,12.17000008,5.179999828,2.450000048,2.289999962,2.349999905,12.42999935,5.230000019,2.970000029,3.369999886,3.50999999,13.13000011,6.139999866,3.559999943,4.549999714,4.799999714,14.14999962,9.170000076,5.549999714,6.039999962,6.039999962
2012/4/8,13.21000004,8.760000229,4.259999752,2.909999847,2.819999933,13.13000011,6.659999847,4.170000076,3.929999828,3.929999828,13.40999985,6.649999619,4.549999714,4.839999676,4.929999828,14.09000015,7.399999619,4.900000095,5.779999733,5.940000057,15.07999992,10.22999954,6.659999847,7,6.940000057
2012/4/15,13.30999947,9.529999733,5.779999733,4.630000114,4.599999905,13.32999992,7.839999676,5.75,5.670000076,5.730000019,13.63999939,7.869999886,6.079999924,6.599999905,6.75,14.2699995,8.529999733,6.379999638,7.46999979,7.659999847,15.18999958,11.05999947,8.119999886,8.559999466,8.539999962
2012/4/22,14.10999966,10.46000004,6.789999962,5.599999905,5.460000038,14.17000008,8.859999657,6.839999676,6.429999828,6.359999657,14.48999977,8.909999847,7.170000076,7.309999943,7.329999924,15.14999962,9.579999924,7.5,8.179999352,8.269999504,16.06999969,12.05000019,9.079999924,9.380000114,9.229999542
2012/4/29,14.7699995,11.89999962,8.93999958,7.75,7.480000019,14.93999958,10.80999947,9.269999504,8.630000114,8.420000076,15.29999924,10.86999989,9.510000229,9.510000229,9.38999939,15.90999985,11.38999939,9.68999958,10.38000011,10.34000015,16.76000023,13.46999931,11.17000008,11.55999947,11.32999992
2012/5/6,15.54999924,13.54999924,11.50999928,10.55999947,10.44999981,15.84999943,12.94999981,11.88000011,11.64999962,11.39999962,16.26000023,13.09000015,12.13999939,12.34000015,12.17999935,16.84000015,13.5199995,12.27999973,12.96000004,12.86999989,17.56999969,15.10999966,13.46999931,13.88000011,13.59999943
2012/5/13,15.88000011,14.32999992,12.86999989,12.32999992,12.31999969,16.19000053,13.84999943,13.03999996,12.75999928,12.68999958,16.55999947,13.80999947,12.96000004,13.21000004,13.18999958,17.11999893,14.09999943,12.89999962,13.63000011,13.71000004,17.8599987,15.67000008,14.13000011,14.46000004,14.34999943
2012/5/20,16.71999931,16.45999908,16.22999954,15.88000011,15.75999928,17.18000031,16.71999931,16.68000031,16.22999954,15.98999977,17.56999969,16.68000031,16.42000008,16.31999969,16.12999916,18.02999878,16.67000008,16.04999924,16.37999916,16.26000023,18.60000038,17.5,16.70999908,16.8599987,16.53999901
2012/5/27,17.04999924,17.27000046,17.53999901,17.37999916,17.37999916,17.54999924,17.75,17.92000008,17.63999939,17.56999969,17.96999931,17.79999924,17.76000023,17.84000015,17.84000015,18.37999916,17.84000015,17.54999924,18.02000046,18.10000038,18.88999939,18.45999908,18.26000023,18.6099987,18.54999924
2012/6/3,17.21999931,17.62999916,17.96999931,17.69000053,17.75,17.76000023,18.27999878,18.5,18.06999969,18.04999924,18.21999931,18.54999924,18.64999962,18.69999886,18.75,18.64999962,18.79999924,18.80999947,19.42000008,19.54999924,19.14999962,19.37999916,19.85000038,20.55999947,20.59000015
2012/6/10,17.37999916,18.09000015,18.63999939,18.35000038,18.3599987,17.96999931,18.88999939,19.27999878,18.84000015,18.84000015,18.44999886,19.12999916,19.35000038,19.43000031,19.54999924,18.88999939,19.31999969,19.43000031,20.12999916,20.37999916,19.38999939,19.8599987,20.46999931,21.26000023,21.37999916
2012/6/17,17.62999916,18.55999947,19.46999931,19.43999863,19.3599987,18.21999931,19.44999886,19.97999954,19.29999924,19.29999924,18.69000053,19.55999947,19.80999947,19.63999939,19.78999901,19.11999893,19.62999916,19.72999954,20.19999886,20.52000046,19.6099987,20.09000015,20.63999939,21.30999947,21.51000023
2012/6/24,18.6099987,19.3599987,20.18999863,20.29999924,20.3599987,19.17000008,20.05999947,20.5,20.12999916,20.12999916,19.6099987,20.09000015,20.20999908,20.21999931,20.38999939,20.03999901,20.12999916,20.03999901,20.6099987,20.95999908,20.54999924,20.69999886,20.94999886,21.54999924,21.79999924
2012/7/1,19.28999901,20.45999908,21.77999878,22.04999924,21.93000031,19.87999916,21.37999916,22.10000038,21.6099987,21.37999916,20.30999947,21.28999901,21.56999969,21.29999924,21.20999908,20.69999886,21.12999916,21.12999916,21.31999969,21.43999863,21.13999939,21.43999863,21.63999939,21.96999931,22
2012/7/8,19.96999931,21.29999924,22.72999954,23.03999901,22.88999939,20.60000038,22.30999947,23.06999969,22.68999863,22.34000015,21.04999924,22.37999916,22.77999878,22.43999863,22.20999908,21.44999886,22.30999947,22.54999924,22.53999901,22.47999954,21.86999893,22.44999886,22.88999939,23.18000031,23.1099987
2012/7/15,20.3599987,22.1099987,23.95999908,24.31999969,24.03999901,21.04999924,23.39999962,24.39999962,23.80999947,23.30999947,21.53999901,23.53999901,24.18000031,23.59000015,23.18000031,21.89999962,23.47999954,24.01000023,23.72999954,23.5,22.27999878,23.36999893,24.17000008,24.36999893,24.19999886
2012/7/22,20.28999901,22.54999924,24.78999901,25.03999901,24.85000038,21.03999901,24.19999886,25.45999908,24.81999969,24.39999962,21.54999924,24.5,25.42000008,24.85000038,24.51999855,21.89999962,24.46999931,25.37999916,25.18000031,25.02999878,22.20999908,24.05999947,25.51000023,25.80999947,25.80999947
2012/7/29,20.29999924,22.46999931,24.63999939,24.8599987,24.78999901,21.04999924,24.1099987,25.28999901,25.13999939,24.8599987,21.61999893,24.46999931,25.37999916,25.28999901,25.06999969,22,24.53999901,25.46999931,25.61999893,25.59999847,22.31999969,24.18999863,25.70999908,26.11999893,26.25
2012/8/5,20.1099987,22.44999886,24.86999893,25.27999878,25.43000031,20.86999893,24.09000015,25.37999916,25.51000023,25.43999863,21.38999939,24.37999916,25.30999947,25.5,25.5,21.75,24.34000015,25.26000023,25.59000015,25.76000023,22.04999924,23.94999886,25.45999908,25.84999847,26.11999893
2012/8/12,19.89999962,21.89999962,23.94999886,24.29999924,24.54999924,20.62999916,23.36999893,24.3599987,24.70999908,24.85000038,21.20999908,23.88999939,24.71999931,25.1099987,25.28999901,21.62999916,24.19999886,25.18999863,25.53999901,25.84999847,22.01000023,24.01000023,25.61999893,26.12999916,26.43999863
2012/8/19,19.85000038,21.19999886,22.6099987,22.8599987,22.85000038,20.47999954,22.27999878,22.93999863,23.03999901,23.04999924,21.02000046,22.64999962,23.14999962,23.36999893,23.44999886,21.44999886,22.88999939,23.43999863,23.76999855,23.95999908,21.87999916,23.01000023,23.89999962,24.3599987,24.54999924
2012/8/26,19.86999893,21.8599987,23.78999901,23.95999908,23.68999863,20.60000038,23.35000038,24.37999916,24.26000023,23.86999893,21.13999939,23.78999901,24.62999916,24.51999855,24.12999916,21.54999924,23.94999886,24.85000038,24.79999924,24.46999931,21.87999916,23.63999939,24.95999908,25.20999908,24.8599987
2012/9/2,19.79999924,21.25,22.62999916,22.70999908,22.69999886,20.45999908,22.38999939,23.10000038,23.10000038,22.89999962,21,22.79999924,23.36999893,23.44999886,23.25,21.43999863,23.03999901,23.63999939,23.84000015,23.68999863,21.8599987,23.10000038,24.01000023,24.29999924,24.14999962
2012/9/9,19.94999886,21.14999962,22.25,22.18999863,22.1099987,20.59000015,22.19999886,22.77999878,22.71999931,22.51000023,21.1099987,22.61999893,23.09000015,23.13999939,22.88999939,21.54999924,22.87999916,23.36999893,23.53999901,23.31999969,22,22.97999954,23.69999886,23.97999954,23.75
2012/9/16,19.88999939,20.89999962,21.80999947,21.69999886,21.53999901,20.52999878,21.87999916,22.36999893,22.19999886,21.87999916,21.04999924,22.27999878,22.67000008,22.63999939,22.29999924,21.5,22.53999901,22.93999863,23.04999924,22.71999931,21.93999863,22.67000008,23.21999931,23.5,23.11999893
2012/9/23,19.22999954,20.43000031,21.55999947,21.52000046,21.37999916,19.87999916,21.5,22.12999916,21.85000038,21.6099987,20.37999916,21.8599987,22.34000015,22.27999878,22.01000023,20.78999901,22.04999924,22.51999855,22.67000008,22.42000008,21.18999863,22.04999924,22.77999878,23.06999969,22.78999901
2012/9/30,18.63999939,19.43000031,20.13999939,20,19.85000038,19.22999954,20.28999901,20.67000008,20.31999969,20.05999947,19.75,20.68000031,20.95999908,20.84000015,20.54999924,20.19999886,20.95999908,21.27999878,21.37999916,21.11999893,20.63999939,21.18999863,21.64999962,21.95999908,21.67000008
2012/10/7,17.77000046,18.67000008,19.52999878,19.43000031,19.27999878,18.3599987,19.56999969,20.04999924,19.68999863,19.43000031,18.85000038,19.93999863,20.28999901,20.12999916,19.8599987,19.27000046,20.17000008,20.52999878,20.61999893,20.36999893,19.68999863,20.29999924,20.85000038,21.14999962,20.87999916
2012/10/14,16.95999908,17.62999916,18.35000038,18.30999947,18.20999908,17.52000046,18.42000008,18.76000023,18.44999886,18.21999931,18,18.77999878,19.02999878,18.89999962,18.67000008,18.44000053,19.06999969,19.3599987,19.46999931,19.25,18.86999893,19.30999947,19.78999901,20.12999916,19.87999916
2012/10/21,16.37999916,16.79999924,17.26000023,17.20999908,17.06999969,16.94000053,17.43000031,17.60000038,17.36999893,17.12999916,17.43000031,17.79999924,17.93000031,17.87999916,17.60000038,17.88999939,18.17000008,18.30999947,18.52000046,18.22999954,18.37999916,18.54999924,18.85000038,19.25,18.92000008
2012/10/28,15.67999935,15.71999931,15.80999947,15.73999977,15.73999977,16.19000053,16.11999893,16.03999901,15.96999931,15.88000011,16.69000053,16.54999924,16.52000046,16.67000008,16.52000046,17.19000053,17.04999924,17.05999947,17.5,17.34000015,17.71999931,17.69000053,17.86999893,18.37999916,18.17000008
2012/11/4,15.46999931,14.93999958,14.47999954,14.29999924,14.21999931,15.89999962,14.98999977,14.59999943,14.50999928,14.42999935,16.3599987,15.30999947,14.96999931,15.13999939,15.02999973,16.87999916,15.77999973,15.40999985,15.89999962,15.79999924,17.46999931,16.69000053,16.27000046,16.76000023,16.55999947
2012/11/11,15.0199995,13.98999977,13.09000015,12.96000004,12.92000008,15.38000011,13.71000004,13.0199995,12.97999954,12.89999962,15.79999924,13.96999931,13.38999939,13.52999973,13.43999958,16.3599987,14.50999928,13.85999966,14.29999924,14.21999931,17,15.64999962,14.77999973,15.22999954,15.04999924
2012/11/18,14.29999924,12.59000015,11.09999943,10.96000004,11.05999947,14.54999924,11.88000011,10.78999996,10.98999977,11.05999947,14.96000004,12.14999962,11.23999977,11.55000019,11.59999943,15.52999973,12.79999924,11.84000015,12.38999939,12.42999935,16.26000023,14.27999973,12.93999958,13.39999962,13.31999969
2012/11/25,13.97999954,11.85999966,10.03999996,9.88999939,10.01000023,14.21000004,10.92999935,9.63999939,9.920000076,10.13000011,14.57999992,11.14999962,10.06999969,10.48999977,10.68999958,15.15999985,11.80000019,10.61999989,11.34999943,11.53999996,15.89999962,13.42999935,11.81999969,12.35999966,12.40999985
2012/12/2,12.97999954,10.47999954,8.279999733,8.050000191,8.229999542,13.13999939,9.340000153,7.799999714,8.220000267,8.559999466,13.5,9.630000114,8.409999847,8.970000267,9.300000191,14.09999943,10.42999935,9.170000076,9.989999771,10.30999947,14.84999943,12.17000008,10.48999977,11.13999939,11.2699995
2012/12/9,12.05000019,9.079999924,6.420000076,6.119999886,6.389999866,12.11999989,7.639999866,5.819999695,6.319999695,6.789999962,12.46000004,7.929999828,6.5,7.190000057,7.659999847,13.06999969,8.809999466,7.339999676,8.349999428,8.800000191,13.85999966,10.80000019,8.859999657,9.590000153,9.829999924
2012/12/16,11.90999985,8.380000114,5.179999828,4.779999733,5.069999695,11.92000008,6.639999866,4.519999981,5.139999866,5.75,12.23999977,6.909999847,5.21999979,6.059999943,6.71999979,12.88999939,7.839999676,6.079999924,7.259999752,7.909999847,13.72999954,10.11999989,7.769999981,8.519999504,8.93999958
2012/12/23,11.34000015,7.659999847,4.230000019,3.639999866,3.779999971,11.32999992,5.879999638,3.679999828,4.130000114,4.710000038,11.63999939,6.170000076,4.440000057,5.179999828,5.849999905,12.27999973,7.129999638,5.349999905,6.509999752,7.190000057,13.10999966,9.409999847,7.059999943,7.909999847,8.349999428
2012/12/30,10.31999969,6.049999714,2.119999886,1.539999962,1.75,10.21000004,3.909999847,1.389999986,1.849999905,2.5,10.46999931,4.110000134,2.099999905,2.889999866,3.679999828,11.11999989,5.130000114,3.029999971,4.299999714,5.130000114,12,7.710000038,4.96999979,5.869999886,6.440000057
2013/1/6,9.229999542,4.889999866,0.819999993,0.059999999,0.129999995,9.109999657,2.75999999,0.25,0.560000002,1.100000024,9.349999428,2.99000001,0.98999995,1.719999909,2.389999866,9.969999313,4.009999752,1.969999909,3.25999999,3.99000001,10.80999947,6.539999962,3.929999828,4.96999979,5.420000076
2013/1/13,8.809999466,4.319999695,0.209999993,-0.560000002,-0.479999989,8.670000076,2.159999847,-0.370000005,0,0.589999974,8.88999939,2.349999905,0.289999992,1.149999976,1.949999928,9.5,3.329999924,1.220000029,2.720000029,3.579999924,10.32999992,5.869999886,3.269999981,4.400000095,5
2013/1/20,9.279999733,4.71999979,0.5,-0.319999993,-0.340000004,9.130000114,2.49000001,-0.059999999,0.170000002,0.639999986,9.340000153,2.579999924,0.469999999,1.220000029,1.909999967,9.949999809,3.50999999,1.25,2.700000048,3.49000001,10.78999996,6.099999905,3.25999999,4.319999695,4.849999905
2013/1/27,9.090000153,4.610000134,0.529999971,-0.159999996,-0.239999995,8.949999809,2.429999828,-0.089999996,0.109999999,0.50999999,9.159999847,2.529999971,0.459999979,1.199999928,1.829999924,9.760000229,3.49000001,1.289999962,2.720000029,3.429999828,10.59999943,6.049999714,3.329999924,4.400000095,4.859999657
2013/2/3,9.809999466,5.019999981,0.629999995,-0.129999995,-0.219999999,9.63999939,2.659999847,-0.02,0.089999996,0.449999988,9.859999657,2.74000001,0.5,1.069999933,1.659999967,10.5,3.699999809,1.279999971,2.519999981,3.24000001,11.39999962,6.46999979,3.309999943,4.210000038,4.679999828
2013/2/10,9.769999504,5.089999676,0.729999959,-0.119999997,-0.159999996,9.609999657,2.779999971,0.159999996,0.189999998,0.610000014,9.819999695,2.819999933,0.620000005,1.189999938,1.870000005,10.44999981,3.720000029,1.329999924,2.619999886,3.470000029,11.34000015,6.5,3.389999866,4.299999714,4.940000057
2013/2/17,9.719999313,5.089999676,0.699999988,-0.329999983,-0.389999986,9.569999695,2.869999886,0.289999992,0.389999986,0.689999998,9.789999962,2.950000048,0.819999993,1.429999948,1.949999928,10.40999985,3.869999886,1.539999962,2.819999933,3.49000001,11.28999996,6.539999962,3.539999962,4.440000057,4.889999866
2013/2/24,9.340000153,4.889999866,0.709999979,-0.299999982,-0.269999981,9.220000267,2.799999952,0.340000004,0.50999999,0.810000002,9.43999958,2.909999847,0.889999986,1.559999943,2.039999962,10.03999996,3.809999943,1.639999986,2.909999847,3.519999981,10.88999939,6.389999866,3.599999905,4.480000019,4.849999905
2013/3/3,9.679999352,5.130000114,0.799999952,-0.319999993,-0.340000004,9.569999695,3.039999962,0.539999962,0.610000014,0.859999955,9.809999466,3.179999828,1.120000005,1.74000001,2.159999847,10.42000008,4.089999676,1.870000005,3.119999886,3.659999847,11.28999996,6.71999979,3.869999886,4.71999979,4.980000019
2013/3/10,10.17000008,5.5,0.949999988,-0.280000001,-0.329999983,10.02999973,3.269999981,0.689999998,0.659999967,0.839999974,10.25,3.309999943,1.149999976,1.719999909,2.079999924,10.88000011,4.179999828,1.75999999,2.99000001,3.470000029,11.80000019,7,3.779999971,4.509999752,4.71999979
2013/3/17,10.93999958,6.349999905,1.769999981,0.389999986,0.289999992,10.84000015,4.25,1.659999967,1.49000001,1.579999924,11.10999966,4.389999866,2.299999952,2.769999981,3.019999981,11.7699995,5.339999676,3.039999962,4.210000038,4.569999695,12.71000004,8.130000114,5.099999905,5.859999657,6
2013/3/24,11.65999985,6.980000019,2.25999999,0.779999971,0.709999979,11.56999969,4.839999676,2.200000048,1.949999928,1.99000001,11.84999943,4.96999979,2.829999924,3.199999809,3.389999866,12.52999973,5.920000076,3.529999971,4.569999695,4.889999866,13.50999928,8.800000191,5.549999714,6.190000057,6.259999752
2013/3/31,11.38000011,6.960000038,2.429999828,0.979999959,1,11.30999947,4.929999828,2.429999828,2.220000029,2.299999952,11.57999992,5.089999676,3.039999962,3.429999828,3.619999886,12.25,6,3.74000001,4.71999979,5.009999752,13.21000004,8.800000191,5.710000038,6.279999733,6.329999924
2013/4/7,11.59999943,7.599999905,3.389999866,1.99000001,1.929999948,11.53999996,5.710000038,3.429999828,3.139999866,3.079999924,11.80999947,5.779999733,3.889999866,4.130000114,4.150000095,12.43999958,6.559999943,4.360000134,5.179999828,5.269999981,13.38000011,9.229999542,6.129999638,6.529999733,6.389999866
2013/4/14,12.17999935,8.119999886,3.889999866,2.50999999,2.49000001,12.11999989,6.170000076,3.869999886,3.619999886,3.539999962,12.36999989,6.170000076,4.210000038,4.429999828,4.360000134,13.0199995,6.879999638,4.559999943,5.25,5.25,13.96999931,9.609999657,6.21999979,6.460000038,6.190000057
2013/4/21,12.96999931,9.380000114,5.670000076,4.529999733,4.46999979,12.96999931,7.679999828,5.629999638,5.289999962,5.170000076,13.25,7.649999619,5.869999886,5.980000019,5.849999905,13.88000011,8.279999733,6.139999866,6.71999979,6.619999886,14.79999924,10.82999992,7.690000057,7.859999657,7.519999981
2013/4/28,13.35999966,10.48999977,7.369999886,6.190000057,6.039999962,13.46999931,9.25,7.559999943,7.259999752,7.009999752,13.79999924,9.420000076,8.039999962,8.119999886,7.879999638,14.40999985,10.09000015,8.460000038,8.979999542,8.75,15.25,12.23999977,9.869999886,10.13999939,9.699999809
2013/5/5,14.29999924,11.93999958,9.260000229,8.059999466,7.879999638,14.46999931,11.02999973,9.63999939,9.090000153,8.679999352,14.8399992,11.23999977,10.10999966,9.929999352,9.519999504,15.43999958,11.85999966,10.5,10.75,10.35999966,16.26000023,13.80999947,11.73999977,11.86999989,11.30000019
2013/5/12,15.2699995,13.63999939,11.71999931,10.73999977,10.43999958,15.52999973,13.11999989,12.18999958,11.40999985,10.88999939,15.89999962,13.21999931,12.36999989,11.98999977,11.44999981,16.44999886,13.59999943,12.46000004,12.53999996,12.02999973,17.17000008,15.13999939,13.38999939,13.42000008,12.7699995
2013/5/19,15.56999969,14.42999935,13.15999985,12.55999947,12.46999931,15.88999939,14.09999943,13.46999931,12.88999939,12.50999928,16.22999954,14.05999947,13.38000011,13.13999939,12.72999954,16.72999954,14.2699995,13.21999931,13.39999962,13.0199995,17.42000008,15.64999962,14.04999924,14.00999928,13.54999924
2013/5/26,16.88999939,15.96000004,15.18999958,15.02999973,14.97999954,17.25,15.67999935,15.22999954,14.72999954,14.46000004,17.60000038,15.46999931,14.79999924,14.56999969,14.25999928,18.09000015,15.47999954,14.34000015,14.48999977,14.22999954,18.77999878,16.80999947,15.06999969,14.90999985,14.54999924
2013/6/2,17.79999924,17.46999931,17.18000031,16.84000015,16.79999924,18.26000023,17.64999962,17.53999901,17.26000023,17.03999901,18.68000031,17.64999962,17.3599987,17.26000023,17.01000023,19.14999962,17.70999908,17.05999947,17.21999931,17.01000023,19.75,18.55999947,17.56999969,17.55999947,17.25
2013/6/9,18.02999878,18.21999931,18.51000023,18.37999916,18.47999954,18.54999924,18.70999908,18.8599987,18.71999931,18.70999908,19,18.77000046,18.71999931,18.78999901,18.77000046,19.45999908,18.80999947,18.51000023,18.78999901,18.79999924,19.97999954,19.42000008,19,19.12999916,19.03999901
2013/6/16,18.87999916,18.97999954,19.21999931,19.21999931,19.28999901,19.37999916,19.37999916,19.43000031,19.18999863,19.22999954,19.8599987,19.54999924,19.45999908,19.54999924,19.62999916,20.34000015,19.77000046,19.52000046,19.93999863,20.09000015,20.89999962,20.51000023,20.30999947,20.69999886,20.76000023
2013/6/23,18.87999916,19.80999947,21,21.35000038,21.43000031,19.45999908,20.63999939,21.17000008,21.09000015,21.12999916,19.94999886,20.80999947,21.1099987,21.18000031,21.31999969,20.37999916,20.87999916,21.02000046,21.39999962,21.63999939,20.84000015,21.18999863,21.61999893,22.03999901,22.19999886
2013/6/30,19.52000046,20.8599987,22.34000015,22.61999893,22.37999916,20.18999863,21.95999908,22.75,22.27999878,21.97999954,20.68000031,22.11999893,22.59000015,22.21999931,22.02999878,21.06999969,22.06999969,22.37999916,22.37999916,22.28999901,21.47999954,22.09000015,22.68000031,22.95999908,22.80999947
2013/7/7,19.89999962,21.6099987,23.39999962,23.62999916,23.5,20.62999916,22.96999931,23.95999908,23.56999969,23.25,21.14999962,23.21999931,23.88999939,23.56999969,23.30999947,21.54999924,23.22999954,23.81999969,23.76999855,23.61999893,21.93999863,23.10000038,24.03999901,24.28999901,24.14999962
2013/7/14,20.06999969,22.25,24.45999908,24.76000023,24.38999939,20.84000015,23.87999916,25.13999939,24.36999893,23.76999855,21.35000038,24.05999947,24.93999863,24.20999908,23.68000031,21.69999886,23.95999908,24.72999954,24.28999901,23.92000008,22.02999878,23.59000015,24.70999908,24.79999924,24.46999931
2013/7/21,20.18000031,22.30999947,24.52999878,24.88999939,24.62999916,20.89999962,23.86999893,25.09000015,24.45999908,23.86999893,21.42000008,24.03999901,24.86999893,24.30999947,23.76999855,21.77999878,23.95999908,24.69999886,24.46999931,24.10000038,22.12999916,23.76999855,24.87999916,25.02999878,24.78999901
2013/7/28,20.21999931,22.56999969,24.93999863,25.29999924,25.05999947,21,24.27999878,25.54999924,25.02999878,24.43000031,21.53999901,24.63999939,25.62999916,25.05999947,24.51000023,21.89999962,24.69999886,25.70999908,25.39999962,25.03999901,22.21999931,24.31999969,25.87999916,26.12999916,25.93000031
2013/8/4,20.62999916,23.43000031,26.18000031,26.38999939,26.03999901,21.46999931,25.45999908,27.09000015,26.39999962,25.75,22.03999901,25.76000023,26.95999908,26.36999893,25.76999855,22.36999893,25.59000015,26.71999931,26.53999901,26.14999962,22.62999916,24.95999908,26.70999908,26.95999908,26.78999901
2013/8/11,20.77000046,23.78999901,26.72999954,26.94999886,26.8599987,21.63999939,25.93999863,27.68000031,27.28999901,26.81999969,22.20999908,26.25,27.53999901,27.20999908,26.80999947,22.53999901,26.03999901,27.28999901,27.18000031,27.03999901,22.77999878,25.27999878,27.13999939,27.34000015,27.38999939
2013/8/18,20.46999931,23.42000008,26.26999855,26.44999886,26.36999893,21.31999969,25.5,27.19999886,26.78999901,26.45999908,21.87999916,25.76000023,27,26.76999855,26.53999901,22.18999863,25.52999878,26.68999863,26.70999908,26.71999931,22.42000008,24.76999855,26.55999947,26.78999901,27.02999878
2013/8/25,20.09000015,22.39999962,24.63999939,24.75,24.72999954,20.86999893,24.12999916,25.44999886,25.17000008,24.87999916,21.39999962,24.44999886,25.42000008,25.30999947,25.12999916,21.77000046,24.42000008,25.36999893,25.43999863,25.45999908,22.09000015,24.02999878,25.47999954,25.70999908,25.87999916
2013/9/1,19.46999931,21.43999863,23.34000015,23.36999893,23.39999962,20.19999886,22.95999908,24.05999947,23.86999893,23.62999916,20.71999931,23.28999901,24.10000038,24.05999947,23.89999962,21.10000038,23.30999947,24.11999893,24.21999931,24.25,21.44999886,23.1099987,24.3599987,24.59000015,24.69999886
2013/9/8,19.47999954,21.14999962,22.77999878,22.84000015,22.86999893,20.17000008,22.45999908,23.37999916,23.21999931,23.01000023,20.67000008,22.70999908,23.3599987,23.34000015,23.17000008,21.04999924,22.71999931,23.28999901,23.37999916,23.36999893,21.43000031,22.63999939,23.51000023,23.68000031,23.69999886
2013/9/15,19.37999916,20.94999886,22.42000008,22.42000008,22.46999931,20.04999924,22.20999908,23.02999878,22.92000008,22.75,20.56999969,22.55999947,23.18999863,23.21999931,23.06999969,20.96999931,22.69999886,23.29999924,23.45999908,23.43000031,21.36999893,22.67000008,23.62999916,23.87999916,23.86999893
2013/9/22,18.79999924,20.21999931,21.55999947,21.54999924,21.6099987,19.45999908,21.42000008,22.14999962,21.93000031,21.81999969,19.96999931,21.81999969,22.39999962,22.37999916,22.29999924,20.37999916,22.02000046,22.62999916,22.80999947,22.84000015,20.77999878,22.04999924,23.06999969,23.45999908,23.51000023
2013/9/29,18.28999901,19.27999878,20.18999863,20.06999969,20.1099987,18.87999916,20.20999908,20.70999908,20.53999901,20.39999962,19.37999916,20.54999924,20.92000008,20.92000008,20.78999901,19.79999924,20.77000046,21.10000038,21.30999947,21.27999878,20.26000023,21.02000046,21.6099987,21.95999908,21.87999916
2013/10/6,17.89999962,18.78999901,19.60000038,19.45999908,19.43999863,18.5,19.64999962,20.10000038,19.94999886,19.77999878,19,20,20.29999924,20.34000015,20.13999939,19.43000031,20.20999908,20.47999954,20.72999954,20.60000038,19.87999916,20.5,21,21.35000038,21.14999962
2013/10/13,17.42000008,17.71999931,17.96999931,17.76000023,17.71999931,17.94999886,18.28999901,18.37999916,18.25,18.04999924,18.44000053,18.64999962,18.71999931,18.79999924,18.56999969,18.93000031,19.02000046,19.05999947,19.38999939,19.18999863,19.44999886,19.54999924,19.75,20.18999863,19.89999962
2013/10/20,16.44999886,16.44000053,16.46999931,16.29999924,16.28999901,16.94000053,16.81999969,16.77999878,16.68000031,16.52999878,17.38999939,17.17000008,17.10000038,17.19000053,17.01000023,17.87999916,17.53999901,17.44000053,17.77999878,17.6099987,18.42000008,18.18000031,18.12999916,18.54999924,18.29999924
2013/10/27,15.64999962,15.73999977,15.81999969,15.60999966,15.60999966,16.17000008,16.19999886,16.17000008,16.13999939,15.96999931,16.67000008,16.61999893,16.6099987,16.77000046,16.54999924,17.14999962,17.03999901,17.03999901,17.46999931,17.25,17.69000053,17.62999916,17.78999901,18.30999947,17.97999954
2013/11/3,15.15999985,15.22999954,15.30999947,15.13000011,15.07999992,15.67000008,15.67000008,15.63999939,15.59999943,15.42000008,16.14999962,16.10000038,16.09000015,16.26000023,16.02999878,16.63999939,16.52000046,16.52999878,16.96999931,16.75,17.14999962,17.05999947,17.26000023,17.79999924,17.46999931
2013/11/10,14.34999943,14.14999962,13.98999977,13.79999924,13.72999954,14.79999924,14.42000008,14.21999931,14.21999931,13.96999931,15.2699995,14.84999943,14.71999931,14.96999931,14.64999962,15.75999928,15.34999943,15.2699995,15.81999969,15.47999954,16.28999901,16.02999878,16.13999939,16.78999901,16.31999969
2013/11/17,13.67000008,12.88999939,12.21999931,12.0199995,11.96999931,14.02999973,12.78999996,12.25999928,12.32999992,12.13000011,14.46000004,13.13999939,12.71999931,13.03999996,12.7699995,14.96999931,13.67000008,13.25999928,13.92000008,13.63000011,15.52999973,14.63000011,14.2699995,14.92999935,14.5
2013/11/24,13.06999969,11.7699995,10.67000008,10.5199995,10.59000015,13.35999966,11.35999966,10.5199995,10.7699995,10.71999931,13.7699995,11.72999954,11.07999992,11.56999969,11.46000004,14.29999924,12.38000011,11.7699995,12.59999943,12.46000004,14.90999985,13.56999969,12.97999954,13.7699995,13.47999954
2013/12/1,12.60999966,10.75,9.229999542,9.109999657,9.220000267,12.82999992,10.01000023,8.88999939,9.229999542,9.279999733,13.21000004,10.2699995,9.349999428,9.899999619,9.899999619,13.73999977,10.92000008,9.969999313,10.85999966,10.82999992,14.38999939,12.32999992,11.23999977,11.98999977,11.77999973
2013/12/8,12.42000008,10.39999962,8.789999962,8.809999466,8.929999352,12.60999966,9.529999733,8.279999733,8.720000267,8.88999939,12.97999954,9.829999924,8.829999924,9.43999958,9.559999466,13.52999973,10.55999947,9.569999695,10.51000023,10.59999943,14.21999931,12.09000015,10.96000004,11.77999973,11.67000008
2013/12/15,11.30000019,9.109999657,7.339999676,7.279999733,7.419999599,11.46999931,8.18999958,6.859999657,7.319999695,7.599999905,11.81999969,8.559999466,7.539999962,8.179999352,8.43999958,12.36999989,9.369999886,8.409999847,9.460000038,9.699999809,13.02999973,10.90999985,9.929999352,10.93999958,10.98999977
2013/12/22,10.52999973,7.879999638,5.670000076,5.460000038,5.650000095,10.63000011,6.71999979,5.179999828,5.710000038,6.139999866,10.94999981,7.049999714,5.829999924,6.549999714,7,11.5,7.879999638,6.710000038,7.829999924,8.279999733,12.17999935,9.569999695,8.279999733,9.309999466,9.519999504
2013/12/29,10.35999966,7.269999981,4.639999866,4.299999714,4.429999828,10.42000008,5.920000076,4.139999866,4.549999714,4.96999979,10.72999954,6.21999979,4.819999695,5.429999828,5.920000076,11.30000019,7.099999905,5.730000019,6.769999981,7.259999752,12,8.93999958,7.319999695,8.300000191,8.539999962
2014/1/5,10.42999935,6.679999828,3.349999905,2.779999971,2.970000029,10.42000008,4.96999979,2.829999924,3.279999971,3.789999962,10.71000004,5.25,3.549999952,4.230000019,4.819999695,11.30999947,6.170000076,4.46999979,5.579999924,6.210000038,12.09000015,8.309999466,6.129999638,7.039999962,7.419999599
2014/1/12,9.329999924,5.480000019,2.00999999,1.309999943,1.370000005,9.289999962,3.74000001,1.579999924,1.829999924,2.269999981,9.550000191,3.99000001,2.25999999,2.849999905,3.389999866,10.11999989,4.920000076,3.159999847,4.230000019,4.819999695,10.88000011,7.059999943,4.849999905,5.75,6.099999905
2014/1/19,9.590000153,5.5,1.75,0.930000007,0.930000007,9.529999733,3.659999847,1.370000005,1.529999971,1.909999967,9.800000191,3.909999847,2.079999924,2.639999866,3.119999886,10.39999962,4.849999905,2.99000001,4.069999695,4.639999866,11.17999935,7.109999657,4.75,5.629999638,5.980000019
2014/1/26,10.30999947,6.069999695,2.119999886,1.090000033,1.029999971,10.27999973,4.259999752,1.909999967,1.949999928,2.220000029,10.57999992,4.569999695,2.74000001,3.24000001,3.659999847,11.21000004,5.579999924,3.720000029,4.819999695,5.319999695,12.0199995,7.889999866,5.519999981,6.46999979,6.769999981
2014/2/2,10.60999966,5.879999638,1.429999948,0.289999992,0.289999992,10.51000023,3.74000001,1.100000024,1.120000005,1.429999948,10.78999996,3.99000001,1.889999986,2.389999866,2.869999886,11.44999981,5.049999714,2.849999905,3.970000029,4.529999733,12.34999943,7.659999847,4.759999752,5.619999886,6.009999752
2014/2/9,10.30000019,5.440000057,0.819999993,-0.370000005,-0.340000004,10.17000008,3.199999809,0.50999999,0.569999993,0.959999979,10.42000008,3.369999886,1.199999928,1.829999924,2.389999866,11.06999969,4.349999905,2.019999981,3.319999933,4.009999752,11.96999931,7.039999962,3.99000001,4.889999866,5.389999866
2014/2/16,10.36999989,5.589999676,1.100000024,-0.119999997,-0.089999996,10.27999973,3.470000029,0.859999955,0.98999995,1.329999924,10.53999996,3.679999828,1.579999924,2.299999952,2.839999914,11.18999958,4.659999847,2.429999828,3.799999952,4.46999979,12.06999969,7.289999962,4.429999828,5.369999886,5.839999676
2014/2/23,10.40999985,5.849999905,1.49000001,0.170000002,0.170000002,10.32999992,3.879999876,1.389999986,1.449999928,1.719999909,10.59999943,4.079999924,2.079999924,2.799999952,3.24000001,11.22999954,5.009999752,2.869999886,4.230000019,4.839999676,12.07999992,7.529999733,4.809999943,5.75,6.139999866
2014/3/2,10.56999969,6.179999828,1.949999928,0.579999983,0.529999971,10.5199995,4.329999924,1.949999928,1.909999967,2.119999886,10.78999996,4.509999752,2.609999895,3.24000001,3.629999876,11.40999985,5.380000114,3.319999933,4.589999676,5.139999866,12.23999977,7.839999676,5.179999828,6.049999714,6.369999886
2014/3/9,10.61999989,6.159999847,1.849999905,0.419999987,0.310000002,10.57999992,4.289999962,1.909999967,1.620000005,1.75999999,10.82999992,4.460000038,2.50999999,2.929999828,3.220000029,11.46000004,5.319999695,3.199999809,4.259999752,4.690000057,12.31999969,7.819999695,5.009999752,5.71999979,5.949999809
2014/3/16,11.32999992,7,2.849999905,1.429999948,1.429999948,11.32999992,5.25,2.970000029,2.720000029,2.819999933,11.61999989,5.489999771,3.639999866,4.009999752,4.230000019,12.25,6.369999886,4.349999905,5.289999962,5.619999886,13.11999989,8.800000191,6.079999924,6.710000038,6.819999695
2014/3/23,11.59999943,7.919999599,4.339999676,2.99000001,2.99000001,11.64999962,6.5,4.589999676,4.269999981,4.309999943,11.94999981,6.679999828,5.099999905,5.369999886,5.5,12.52999973,7.379999638,5.589999676,6.420000076,6.639999866,13.32999992,9.569999695,7.119999886,7.589999676,7.639999866
2014/3/30,12.36999989,8.869999886,5.329999924,3.929999828,3.859999895,12.44999981,7.539999962,5.670000076,5.239999771,5.159999847,12.77999973,7.759999752,6.25,6.369999886,6.369999886,13.38000011,8.5,6.789999962,7.419999599,7.5,14.18999958,10.61999989,8.220000267,8.619999886,8.539999962
2014/4/6,12.82999992,9.590000153,6.25,4.96999979,5.009999752,12.93999958,8.289999962,6.5,6.21999979,6.179999828,13.2699995,8.529999733,7.079999924,7.289999962,7.289999962,13.88000011,9.260000229,7.599999905,8.260000229,8.329999924,14.71999931,11.42000008,9.079999924,9.420000076,9.329999924
2014/4/13,13.54999924,10.36999989,6.929999828,5.420000076,5.380000114,13.69999981,9.159999847,7.369999886,6.96999979,6.929999828,14.04999924,9.429999352,8.029999733,8.210000038,8.220000267,14.68999958,10.15999985,8.539999962,9.289999962,9.369999886,15.52999973,12.28999996,10.03999996,10.47999954,10.43999958
2014/4/20,14.52999973,11.61999989,8.38999939,6.920000076,6.710000038,14.69999981,10.53999996,8.880000114,8.289999962,8.13999939,15.06999969,10.82999992,9.529999733,9.670000076,9.619999886,15.71999931,11.55999947,10.03999996,10.84999943,10.90999985,16.55999947,13.63999939,11.60999966,12.13999939,12.06999969
2014/4/27,14.46999931,12.34999943,10,8.829999924,8.710000038,14.71000004,11.61999989,10.48999977,9.989999771,9.789999962,15.04999924,11.67000008,10.64999962,10.84999943,10.77999973,15.60999966,12.05999947,10.65999985,11.48999977,11.56999969,16.3599987,13.79999924,11.94999981,12.32999992,12.2699995
2014/5/4,14.25,12.5,10.61999989,9.829999924,9.75,14.48999977,11.86999989,10.84999943,10.48999977,10.19999981,14.85999966,11.97999954,11.05999947,11.07999992,10.86999989,15.39999962,12.40999985,11.22999954,11.61999989,11.53999996,16.14999962,14.04999924,12.35999966,12.53999996,12.27999973
2014/5/11,14.97999954,13.36999989,11.52999973,10.65999985,10.53999996,15.28999996,12.86999989,11.88999939,11.43999958,11.17000008,15.71000004,13.13999939,12.32999992,12.19999981,11.96000004,16.28999901,13.68999958,12.69999981,12.93999958,12.7699995,17.02999878,15.22999954,13.77999973,13.96999931,13.64999962
2014/5/18,15.86999989,13.98999977,12.11999989,11.47999954,11.28999996,16.14999962,13.34999943,12.23999977,11.77999973,11.53999996,16.56999969,13.57999992,12.64999962,12.57999992,12.36999989,17.17000008,14.15999985,13.03999996,13.43999958,13.29999924,17.95999908,15.89999962,14.31999969,14.63999939,14.40999985
2014/5/25,16.98999977,15.25,13.5199995,12.78999996,12.65999985,17.32999992,14.7699995,13.77999973,13.43999958,13.15999985,17.77000046,15.03999996,14.21000004,14.19999981,13.96999931,18.37999916,15.59999943,14.57999992,15.02999973,14.88000011,19.15999985,17.19000053,15.79999924,16.14999962,15.88999939
2014/6/1,17.69999886,16.98999977,16.37999916,15.96999931,15.84999943,18.11999893,17.02000046,16.70999908,16.45999908,16.19000053,18.53999901,17.04999924,16.61999893,16.71999931,16.47999954,19.02999878,17.18000031,16.43000031,16.95999908,16.79999924,19.65999985,18.27000046,17.27000046,17.48999977,17.22999954
2014/6/8,17.88999939,18.1099987,18.5,18.43000031,18.27999878,18.36999893,18.59000015,18.82999992,18.53999901,18.40999985,18.76000023,18.5,18.44999886,18.51000023,18.44000053,19.14999962,18.39999962,18.01000023,18.44000053,18.46999931,19.63999939,19.01000023,18.55999947,18.71999931,18.64999962
2014/6/15,18.61999893,19.56999969,20.61999893,20.62999916,20.48999977,19.17000008,20.43000031,21.10000038,20.79999924,20.67000008,19.54999924,20.28999901,20.55999947,20.53999901,20.51000023,19.87999916,20,19.89999962,20.18999863,20.26000023,20.25,20.14999962,20.06999969,20.14999962,20.13999939
2014/6/22,19.26000023,20.35000038,21.56999969,21.69999886,21.6099987,19.8599987,21.28999901,21.98999977,21.69999886,21.52999878,20.29999924,21.23999977,21.54999924,21.48999977,21.42000008,20.67000008,21.03999901,21.06999969,21.22999954,21.27999878,21.06999969,21.13999939,21.20999908,21.28999901,21.29999924
2014/6/29,20.3599987,21.76000023,23.26999855,23.46999931,23.26000023,21.02000046,22.88999939,23.72999954,23.35000038,23.13999939,21.48999977,22.93000031,23.39999962,23.21999931,23.10000038,21.86999893,22.76000023,23,23.03999901,23.03999901,22.23999977,22.62999916,22.96999931,23.10000038,23.1099987
2014/7/6,20.68999863,22.13999939,23.68999863,23.92000008,23.8599987,21.35000038,23.27999878,24.11999893,24.03999901,23.81999969,21.84000015,23.38999939,23.89999962,23.85000038,23.69999886,22.21999931,23.28999901,23.61999893,23.61999893,23.55999947,22.57999992,23.10000038,23.46999931,23.47999954,23.45999908
2014/7/13,20.61999893,22.63999939,24.65999985,24.93000031,24.77999878,21.32999992,24.07999992,25.19999886,25.01000023,24.69999886,21.84000015,24.27999878,25.05999947,24.85000038,24.54999924,22.18000031,24.17000008,24.85000038,24.60000038,24.36999893,22.46999931,23.65999985,24.44999886,24.36999893,24.18000031
2014/7/20,20.25,22.07999992,23.86999893,24.05999947,23.79999924,20.93999863,23.44999886,24.42000008,24.01999855,23.52999878,21.44999886,23.77999878,24.5,24.02999878,23.52999878,21.82999992,23.84000015,24.57999992,24.07999992,23.63999939,22.14999962,23.46999931,24.27999878,24.17000008,23.84000015
2014/7/27,20.53999901,22.43000031,24.32999992,24.6099987,24.26000023,21.25,23.84000015,24.87999916,24.23999977,23.62999916,21.76000023,24.1099987,24.85000038,24.12999916,23.47999954,22.11999893,24.1099987,24.82999992,24.13999939,23.55999947,22.43999863,23.68000031,24.40999985,24.20999908,23.80999947
2014/8/3,20.52000046,22.71999931,24.92000008,25.25,25.05999947,21.28999901,24.32999992,25.46999931,25.22999954,24.57999992,21.8599987,24.79999924,25.71999931,25.25,24.51999855,22.25,24.93000031,25.95999908,25.38999939,24.68999863,22.56999969,24.40999985,25.59999847,25.46999931,24.95999908
2014/8/10,20.18999863,22.81999969,25.44999886,25.86999893,25.76000023,21,24.65999985,26.05999947,25.89999962,25.43999863,21.56999969,25.10000038,26.21999931,25.93999863,25.36999893,21.90999985,25.1099987,26.30999947,25.98999977,25.45999908,22.15999985,24.3599987,25.92000008,25.90999985,25.56999969
2014/8/17,20.54999924,23.01999855,25.51000023,25.8599987,25.79999924,21.3599987,24.80999947,26.13999939,26.05999947,25.67000008,21.93999863,25.28999901,26.3599987,26.21999931,25.70999908,22.29999924,25.35000038,26.51999855,26.31999969,25.82999992,22.55999947,24.62999916,26.19999886,26.27999878,25.92000008
2014/8/24,20.65999985,22.81999969,25.01999855,25.31999969,25.26000023,21.43999863,24.44999886,25.59999847,25.48999977,25.12999916,22.02000046,24.93999863,25.86999893,25.77999878,25.31999969,22.40999985,25.06999969,26.1099987,26,25.54999924,22.71999931,24.52999878,25.93999863,26.07999992,25.73999977
2014/8/31,20.27999878,21.79999924,23.44999886,23.76999855,23.76999855,20.96999931,23.01999855,23.79999924,23.84000015,23.59000015,21.51000023,23.43000031,24.03999901,24.07999992,23.76000023,21.93999863,23.6099987,24.26999855,24.31999969,24.01999855,22.31999969,23.43999863,24.31999969,24.47999954,24.27999878
2014/9/7,20.18000031,21.82999992,23.55999947,23.89999962,23.84000015,20.87999916,23.09000015,23.92000008,23.86999893,23.6099987,21.42000008,23.51999855,24.17000008,24.18000031,23.8599987,21.85000038,23.72999954,24.43999863,24.53999901,24.25,22.22999954,23.54999924,24.60000038,24.87999916,24.65999985
2014/9/14,20.09000015,21.48999977,22.93000031,23.15999985,23.02999878,20.76000023,22.6099987,23.30999947,23.19999886,22.88999939,21.29999924,22.98999977,23.51999855,23.51000023,23.14999962,21.72999954,23.19999886,23.76000023,23.89999962,23.59000015,22.13999939,23.17000008,24,24.29999924,24.04999924
2014/9/21,19.69999886,20.72999954,21.86999893,22.05999947,22.03999901,20.34000015,21.68000031,22.18999863,22.21999931,22.02000046,20.8599987,22.06999969,22.45999908,22.56999969,22.35000038,21.30999947,22.35000038,22.76999855,23.03999901,22.8599987,21.75,22.45999908,23.17000008,23.54999924,23.38999939
2014/9/28,19.59000015,20.10000038,20.77999878,20.93999863,20.77999878,20.17000008,20.75,20.97999954,20.81999969,20.60000038,20.68000031,21.07999992,21.20999908,21.21999931,20.98999977,21.15999985,21.39999962,21.51000023,21.79999924,21.61999893,21.67000008,21.81999969,22.07999992,22.5,22.31999969
2014/10/5,18.67000008,19.04999924,19.59000015,19.65999985,19.43000031,19.21999931,19.67000008,19.84000015,19.54999924,19.23999977,19.70999908,20.02999878,20.13999939,19.98999977,19.68999863,20.18999863,20.37999916,20.51000023,20.68000031,20.43999863,20.68999863,20.79999924,21.10000038,21.53999901,21.28999901
2014/10/12,17.64999962,17.84000015,18.19999886,18.25,18,18.15999985,18.34000015,18.42000008,18.05999947,17.68000031,18.63999939,18.63999939,18.64999962,18.37999916,18,19.10000038,18.97999954,18.97999954,19.02000046,18.69999886,19.6099987,19.48999977,19.54999924,19.89999962,19.56999969
2014/10/19,16.85000038,16.89999962,17.07999992,17.09000015,16.93000031,17.34000015,17.29999924,17.26000023,17.02000046,16.72999954,17.80999947,17.65999985,17.6099987,17.44999886,17.15999985,18.29999924,18.05999947,18.02999878,18.19000053,17.95999908,18.81999969,18.65999985,18.71999931,19.12999916,18.92000008
2014/10/26,16.04999924,15.80999947,15.71999931,15.71000004,15.54999924,16.5,16.03999901,15.81999969,15.63000011,15.34999943,16.95999908,16.36999893,16.18000031,16.05999947,15.77999973,17.44999886,16.80999947,16.61999893,16.80999947,16.60000038,18,17.55999947,17.37999916,17.78999901,17.59000015
2014/11/2,15.55999947,15.19999981,14.98999977,15,14.88999939,16.02000046,15.32999992,15.03999996,14.97999954,14.71999931,16.48999977,15.71000004,15.46000004,15.44999981,15.15999985,17,16.19999886,15.96999931,16.22999954,15.98999977,17.57999992,17.02000046,16.78999901,17.25,17
2014/11/9,14.78999996,14.27999973,13.96000004,13.96000004,13.88999939,15.21000004,14.32999992,13.96000004,13.96999931,13.73999977,15.65999985,14.72999954,14.43999958,14.52999973,14.28999996,16.18000031,15.28999996,15.03999996,15.39999962,15.21000004,16.75,16.12999916,15.93999958,16.51000023,16.27999878
2014/11/16,14.02999973,13.11999989,12.47999954,12.48999977,12.52999973,14.38999939,12.93999958,12.32999992,12.44999981,12.36999989,14.80999947,13.29999924,12.80999947,13.02999973,12.93999958,15.34999943,13.88999939,13.44999981,13.96999931,13.90999985,15.94999981,14.96000004,14.5,15.13999939,15.04999924
2014/11/23,13.65999985,12.42000008,11.44999981,11.44999981,11.61999989,13.96999931,12,11.17000008,11.52999973,11.64999962,14.38999939,12.36999989,11.69999981,12.11999989,12.22999954,14.94999981,13.02999973,12.38999939,13.07999992,13.19999981,15.59999943,14.30999947,13.61999989,14.22999954,14.27999973
2014/11/30,13.2699995,11.61999989,10.25,10.07999992,10.11999989,13.53999996,11.03999996,10.03999996,10.2699995,10.31999969,13.92000008,11.36999989,10.57999992,10.92000008,10.97999954,14.46999931,12.02999973,11.21000004,11.90999985,11.98999977,15.13999939,13.40999985,12.44999981,13.11999989,13.07999992
2014/12/7,12.65999985,10.31999969,8.340000153,8.199999809,8.409999847,12.82999992,9.289999962,7.879999638,8.319999695,8.569999695,13.17000008,9.510000229,8.369999886,8.909999847,9.179999352,13.75,10.23999977,9.029999733,9.869999886,10.17000008,14.47999954,11.97999954,10.44999981,11.14999962,11.28999996
2014/12/14,11.73999977,9.039999962,6.75,6.579999924,6.879999638,11.85999966,7.789999962,6.199999809,6.75,7.139999866,12.17000008,8.010000229,6.710000038,7.409999847,7.799999714,12.75,8.789999962,7.429999828,8.420000076,8.829999924,13.47999954,10.61999989,8.949999809,9.75,9.949999809
2014/12/21,11.07999992,8.429999352,6.119999886,5.849999905,6.119999886,11.18999958,7.21999979,5.619999886,6.119999886,6.549999714,11.52999973,7.569999695,6.319999695,6.989999771,7.429999828,12.09999943,8.420000076,7.210000038,8.239999771,8.679999352,12.81999969,10.23999977,8.800000191,9.739999771,9.949999809
2014/12/28,10.68999958,7.599999905,4.889999866,4.549999714,4.809999943,10.73999977,6.170000076,4.339999676,4.869999886,5.329999924,11.03999996,6.429999828,4.980000019,5.699999809,6.199999809,11.61999989,7.299999714,5.839999676,6.960000038,7.429999828,12.35999966,9.260000229,7.5,8.429999352,8.659999847
2015/1/4,10.23999977,6.420000076,2.99000001,2.50999999,2.799999952,10.19999981,4.559999943,2.299999952,2.929999828,3.529999971,10.48999977,4.849999905,3.069999933,3.929999828,4.559999943,11.11999989,5.909999847,4.139999866,5.389999866,6,11.94999981,8.25,6.049999714,7.079999924,7.389999866
2015/1/11,9.679999352,5.670000076,2.099999905,1.620000005,1.870000005,9.619999886,3.720000029,1.389999986,2.00999999,2.629999876,9.869999886,3.970000029,2.119999886,3.00999999,3.679999828,10.48999977,5,3.129999876,4.480000019,5.119999886,11.31999969,7.389999866,5.119999886,6.179999828,6.5
2015/1/18,9.289999962,5.179999828,1.449999928,0.789999962,0.870000005,9.199999809,3.220000029,0.849999964,1.319999933,1.849999905,9.449999809,3.449999809,1.569999933,2.389999866,3.00999999,10.06999969,4.429999828,2.50999999,3.899999857,4.509999752,10.86999989,6.839999676,4.509999752,5.579999924,5.889999866
2015/1/25,9.590000153,5.119999886,1.00999999,0.229999989,0.319999993,9.469999313,2.970000029,0.429999977,0.870000005,1.429999948,9.710000038,3.149999857,1.079999924,1.969999909,2.649999857,10.34999943,4.139999866,1.99000001,3.449999809,4.139999866,11.21000004,6.789999962,4.089999676,5.089999676,5.5
2015/2/1,10.21999931,5.679999828,1.429999948,0.469999999,0.419999987,10.11999989,3.549999952,1.019999981,1.279999971,1.679999948,10.36999989,3.720000029,1.639999986,2.429999828,2.970000029,11,4.670000076,2.470000029,3.879999876,4.460000038,11.88999939,7.289999962,4.5,5.489999771,5.75
2015/2/8,9.869999886,5.5,1.429999948,0.429999977,0.319999993,9.789999962,3.50999999,1.100000024,1.25999999,1.549999952,10.01000023,3.629999876,1.659999967,2.369999886,2.839999914,10.61999989,4.509999752,2.389999866,3.75999999,4.289999962,11.44999981,6.989999771,4.339999676,5.329999924,5.539999962
2015/2/15,9.800000191,5.299999714,1.059999943,-0.02,-0.049999997,9.699999809,3.25999999,0.789999962,0.859999955,1.189999938,9.949999809,3.429999828,1.409999967,2.079999924,2.589999914,10.56999969,4.369999886,2.24000001,3.529999971,4.130000114,11.40999985,6.920000076,4.21999979,5.170000076,5.460000038
2015/2/22,10.35999966,5.819999695,1.529999971,0.409999996,0.340000004,10.2699995,3.75999999,1.25999999,1.25999999,1.529999971,10.52999973,3.929999828,1.909999967,2.470000029,2.950000048,11.15999985,4.889999866,2.700000048,3.929999828,4.509999752,12.02999973,7.489999771,4.679999828,5.579999924,5.889999866
2015/3/1,10.75,6.039999962,1.49000001,0.149999991,0.07,10.65999985,3.929999828,1.350000024,1.24000001,1.409999967,10.90999985,4.099999905,1.99000001,2.49000001,2.839999914,11.57999992,5.049999714,2.75999999,3.929999828,4.349999905,12.47999954,7.71999979,4.710000038,5.509999752,5.670000076
2015/3/8,11.34999943,6.569999695,1.819999933,0.359999985,0.269999981,11.23999977,4.409999847,1.74000001,1.559999943,1.659999967,11.52999973,4.599999905,2.450000048,2.929999828,3.199999809,12.21000004,5.619999886,3.299999952,4.440000057,4.799999714,13.15999985,8.409999847,5.299999714,6.079999924,6.179999828
2015/3/15,12.10999966,7.329999924,2.579999924,1.120000005,1.049999952,12.0199995,5.159999847,2.470000029,2.24000001,2.329999924,12.30999947,5.329999924,3.149999857,3.589999914,3.819999933,13,6.299999714,3.909999847,5.049999714,5.369999886,13.98999977,9.199999809,5.960000038,6.659999847,6.75
2015/3/22,12.07999992,7.799999714,3.529999971,2.159999847,2.119999886,12.03999996,5.920000076,3.529999971,3.299999952,3.349999905,12.32999992,6.099999905,4.170000076,4.509999752,4.670000076,13,7,4.839999676,5.799999714,6.069999695,13.93999958,9.659999847,6.71999979,7.299999714,7.319999695
2015/3/29,12.71000004,8.489999771,4.230000019,2.899999857,2.839999914,12.69999981,6.589999676,4.21999979,3.869999886,3.889999866,13,6.75,4.799999714,5.019999981,5.139999866,13.68999958,7.619999886,5.420000076,6.289999962,6.509999752,14.63999939,10.34999943,7.329999924,7.829999924,7.819999695
2015/4/5,12.94999981,8.909999847,4.809999943,3.49000001,3.409999847,12.93999958,7.079999924,4.839999676,4.380000114,4.339999676,13.21999931,7.119999886,5.21999979,5.339999676,5.409999847,13.88000011,7.849999905,5.619999886,6.379999638,6.549999714,14.80999947,10.48999977,7.369999886,7.759999752,7.710000038
2015/4/12,12.75,9.469999313,6.049999714,4.759999752,4.679999828,12.82999992,8.119999886,6.289999962,5.829999924,5.739999771,13.15999985,8.289999962,6.789999962,6.869999886,6.849999905,13.7699995,8.970000267,7.210000038,7.909999847,8,14.60999966,11.19999981,8.789999962,9.25,9.119999886
2015/4/19,12.89999962,9.869999886,6.629999638,5.319999695,5.25,13,8.63999939,6.929999828,6.549999714,6.420000076,13.34999943,8.869999886,7.489999771,7.579999924,7.539999962,13.96000004,9.579999924,7.989999771,8.599999428,8.670000076,14.78999996,11.69999981,9.489999771,9.909999847,9.800000191
2015/4/26,13.84999943,11.77999973,9.590000153,8.579999924,8.289999962,14.05999947,11.06999969,9.960000038,9.590000153,9.469999313,14.39999962,11.10999966,10.09999943,10.30999947,10.28999996,14.93999958,11.47999954,10.13999939,10.89999962,11.0199995,15.63999939,13.10999966,11.31999969,11.69999981,11.68999958
2015/5/3,14.79999924,12.71000004,10.59999943,9.659999847,9.429999352,15.04999924,12.02999973,10.90999985,10.55999947,10.35999966,15.42000008,12.13999939,11.13999939,11.23999977,11.17000008,15.98999977,12.57999992,11.28999996,11.82999992,11.88999939,16.72999954,14.17000008,12.32999992,12.60999966,12.52999973
2015/5/10,15.73999977,13.88999939,12.07999992,11.39999962,11.22999954,16.03999901,13.2699995,12.25,11.86999989,11.63999939,16.43000031,13.31999969,12.36999989,12.38999939,12.25,17.01000023,13.72999954,12.48999977,12.88999939,12.86999989,17.77999878,15.36999989,13.5,13.63999939,13.5
2015/5/17,16.39999962,14.5,12.68999958,12.07999992,12.09999943,16.69999886,13.84999943,12.77999973,12.55999947,12.40999985,17.1099987,13.96000004,12.97999954,13,12.90999985,17.71999931,14.43999958,13.18999958,13.46999931,13.46999931,18.52999878,16.13999939,14.18999958,14.21999931,14.04999924
2015/5/24,16.76000023,15.81999969,15.07999992,14.86999989,14.78999996,17.14999962,15.65999985,15.18999958,14.82999992,14.77999973,17.56999969,15.65999985,15.06999969,15.11999989,15.13000011,18.1099987,15.88000011,14.96999931,15.44999981,15.54999924,18.79999924,17.14999962,15.88999939,16.10000038,16.1099987
2015/5/31,17.46999931,16.90999985,16.56999969,16.45999908,16.22999954,17.93000031,16.98999977,16.71999931,16.44999886,16.27999878,18.38999939,17.02999878,16.62999916,16.68000031,16.6099987,18.90999985,17.21999931,16.53999901,17.01000023,17.04999924,19.56999969,18.29999924,17.40999985,17.68000031,17.62999916
2015/6/7,17.95999908,17.98999977,18.07999992,17.81999969,17.52000046,18.51000023,18.46999931,18.53999901,18.09000015,17.70999908,18.98999977,18.63999939,18.56999969,18.34000015,18.07999992,19.47999954,18.80999947,18.52999878,18.68000031,18.53999901,20.04999924,19.47999954,19.11999893,19.34000015,19.11999893
2015/6/14,18.86999893,19.20999908,19.62999916,19.43000031,19.23999977,19.45999908,19.8599987,20.12999916,19.65999985,19.36999893,19.94999886,19.94999886,19.97999954,19.78999901,19.61999893,20.42000008,19.98999977,19.77000046,19.95999908,19.94999886,20.96999931,20.52000046,20.25,20.43999863,20.40999985
2015/6/21,19.12999916,20.12999916,21.20999908,21.14999962,21.11999893,19.80999947,21.14999962,21.76000023,21.62999916,21.37999916,20.34000015,21.31999969,21.65999985,21.69999886,21.52000046,20.78999901,21.34000015,21.5,21.71999931,21.65999985,21.26000023,21.47999954,21.75,21.95999908,21.87999916
2015/6/28,19.06999969,19.92000008,20.93000031,21.10000038,21.31999969,19.72999954,20.77000046,21.19999886,21.43000031,21.46999931,20.27999878,21.03999901,21.28999901,21.64999962,21.73999977,20.77999878,21.25,21.42000008,21.85000038,22.02000046,21.29999924,21.54999924,21.87999916,22.21999931,22.35000038
2015/7/5,18.38999939,19.62999916,21.10000038,21.5,21.71999931,19.07999992,20.65999985,21.30999947,21.52000046,21.64999962,19.62999916,20.96999931,21.37999916,21.73999977,21.89999962,20.10000038,21.15999985,21.55999947,22.03999901,22.25,20.57999992,21.32999992,22.10000038,22.59000015,22.71999931
2015/7/12,18.93000031,21.09000015,23.5,24,23.89999962,19.72999954,22.69999886,23.96999931,23.85000038,23.72999954,20.27999878,22.89999962,23.75,23.68999863,23.59000015,20.64999962,22.76999855,23.51999855,23.60000038,23.55999947,20.96999931,22.34000015,23.51999855,23.77999878,23.64999962
2015/7/19,18.92000008,21.29999924,24,24.71999931,24.67000008,19.70999908,22.96999931,24.32999992,24.39999962,24.26000023,20.26000023,23.18000031,24.11999893,24.09000015,23.95999908,20.6099987,23.04999924,23.93000031,23.89999962,23.80999947,20.90999985,22.52999878,23.82999992,23.95999908,23.82999992
2015/7/26,19.57999992,21.89999962,24.38999939,24.90999985,24.81999969,20.39999962,23.60000038,24.8599987,24.87999916,24.67000008,20.97999954,24.02999878,25.01000023,24.93000031,24.70999908,21.37999916,24.11999893,25.15999985,25.09000015,24.88999939,21.70999908,23.63999939,25.18000031,25.43000031,25.22999954
2015/8/2,19.95999908,22.30999947,24.78999901,25.18000031,24.97999954,20.80999947,24.10000038,25.39999962,25.17000008,24.87999916,21.40999985,24.54999924,25.55999947,25.30999947,25,21.80999947,24.62999916,25.71999931,25.56999969,25.28999901,22.13999939,24.1099987,25.71999931,25.97999954,25.73999977
2015/8/9,20.23999977,22.95999908,25.77999878,26.13999939,25.93000031,21.10000038,24.96999931,26.53999901,26.30999947,25.94999886,21.68999863,25.36999893,26.56999969,26.37999916,26.01999855,22.02999878,25.28999901,26.51999855,26.48999977,26.17000008,22.27999878,24.51000023,26.36999893,26.63999939,26.40999985
2015/8/16,20.26000023,23.31999969,26.45999908,26.8599987,26.6099987,21.14999962,25.52999878,27.27999878,27.06999969,26.64999962,21.73999977,25.97999954,27.3599987,27.26000023,26.84999847,22.05999947,25.88999939,27.34999847,27.38999939,27.05999947,22.25,24.89999962,27.13999939,27.5,27.27999878
2015/8/23,20.54999924,23.25,26.03999901,26.40999985,26.26000023,21.39999962,25.23999977,26.75,26.63999939,26.26999855,21.97999954,25.70999908,26.90999985,26.93999863,26.56999969,22.31999969,25.71999931,27.02999878,27.17000008,26.87999916,22.54999924,24.92000008,26.94999886,27.34999847,27.13999939
2015/8/30,19.86999893,22.13999939,24.52999878,24.93000031,24.88999939,20.65999985,23.82999992,25.05999947,25.1099987,24.88999939,21.21999931,24.26999855,25.25,25.44999886,25.23999977,21.60000038,24.37999916,25.45999908,25.78999901,25.64999962,21.88999939,23.88999939,25.62999916,26.1099987,26.02999878
2015/9/6,19.56999969,21.42000008,23.35000038,23.63999939,23.70999908,20.28999901,22.85000038,23.80999947,24.06999969,24.01000023,20.85000038,23.31999969,24.1099987,24.5,24.44999886,21.25,23.53999901,24.43999863,24.93999863,24.97999954,21.59000015,23.29999924,24.84000015,25.40999985,25.45999908
2015/9/13,19.14999962,20.72999954,22.43999863,22.72999954,22.72999954,19.82999992,21.97999954,22.81999969,22.98999977,22.92000008,20.34000015,22.36999893,23.01000023,23.32999992,23.27999878,20.73999977,22.54999924,23.25,23.71999931,23.72999954,21.1099987,22.44999886,23.68999863,24.22999954,24.19999886
2015/9/20,19.18000031,20.39999962,21.75,21.95999908,21.90999985,19.81999969,21.45999908,22.1099987,22.23999977,22.18000031,20.31999969,21.79999924,22.27999878,22.55999947,22.51999855,20.72999954,22,22.48999977,22.93999863,22.94999886,21.12999916,22.03999901,22.96999931,23.47999954,23.40999985
2015/9/27,18.96999931,20.22999954,21.60000038,21.71999931,21.52999878,19.62999916,21.36999893,22.06999969,21.97999954,21.72999954,20.15999985,21.75,22.26999855,22.32999992,22.07999992,20.57999992,21.94999886,22.5,22.77999878,22.54999924,20.97999954,21.94999886,22.93000031,23.42000008,23.10000038
2015/10/4,18.5,19.3599987,20.28999901,20.30999947,20.13999939,19.11999893,20.26000023,20.71999931,20.52000046,20.23999977,19.64999962,20.6099987,20.90999985,20.8599987,20.57999992,20.1099987,20.8599987,21.15999985,21.35000038,21.09000015,20.56999969,21.07999992,21.63999939,22.05999947,21.72999954
2015/10/11,17.53999901,18.26000023,19.10000038,19.18000031,19.04999924,18.13999939,19.04999924,19.43999863,19.26000023,19,18.62999916,19.32999992,19.54999924,19.51000023,19.22999954,19.07999992,19.54999924,19.72999954,19.93999863,19.67000008,19.54999924,19.82999992,20.20999908,20.60000038,20.27999878
2015/10/18,16.46999931,17.26000023,18.19999886,18.3599987,18.32999992,17.06999969,18.09000015,18.47999954,18.42000008,18.26000023,17.59000015,18.48999977,18.77999878,18.82999992,18.63999939,18.04999924,18.82999992,19.17000008,19.43999863,19.26000023,18.52000046,19.11999893,19.78999901,20.27999878,20.03999901
2015/10/25,16.22999954,16.27999878,16.5,16.55999947,16.60000038,16.75,16.68000031,16.61999893,16.63999939,16.57999992,17.25,17.10000038,17.04999924,17.15999985,17.05999947,17.77000046,17.57999992,17.57999992,17.92000008,17.81999969,18.32999992,18.27999878,18.43000031,18.93999863,18.76000023
2015/11/1,15.61999989,15.46999931,15.48999977,15.59999943,15.67000008,16.10000038,15.69999981,15.5,15.63999939,15.69999981,16.57999992,16.04999924,15.86999989,16.11999893,16.12999916,17.09000015,16.5,16.31999969,16.84000015,16.85000038,17.68000031,17.32999992,17.26000023,17.82999992,17.73999977
2015/11/8,15.04999924,14.54999924,14.38000011,14.63000011,14.79999924,15.46999931,14.53999996,14.13000011,14.54999924,14.79999924,15.93999958,14.88999939,14.54999924,15.07999992,15.29999924,16.47999954,15.43999958,15.10999966,15.88999939,16.10000038,17.09000015,16.43000031,16.25,16.95999908,17.02999878
2015/11/15,15.25,14.15999985,13.38000011,13.5199995,13.67000008,15.60999966,13.79999924,13.02999973,13.46999931,13.7699995,16.05999947,14.13000011,13.5,14.04999924,14.32999992,16.63999939,14.75,14.09999943,14.92000008,15.19999981,17.34000015,16.09000015,15.38999939,16.09000015,16.18000031
2015/11/22,14.43999958,12.18999958,10.44999981,10.75,11.02999973,14.61999989,11.03999996,9.579999924,10.40999985,10.86999989,15.0199995,11.31999969,10.09999943,11,11.48999977,15.64999962,12.14999962,10.90999985,12.02999973,12.48999977,16.48999977,14.13999939,12.64999962,13.44999981,13.71000004
2015/11/29,13.39999962,10.65999985,8.409999847,8.550000191,9,13.53999996,9.260000229,7.5,8.550000191,9.25,13.90999985,9.630000114,8.25,9.289999962,9.989999771,14.57999992,10.60999966,9.239999771,10.46000004,11.11999989,15.44999981,12.7699995,11.11999989,12.03999996,12.39999962
2015/12/6,12.42000008,9.279999733,6.579999924,6.5,6.929999828,12.5,7.710000038,5.71999979,6.789999962,7.539999962,12.86999989,8.119999886,6.619999886,7.659999847,8.429999352,13.54999924,9.179999352,7.710000038,8.970000267,9.659999847,14.40999985,11.47999954,9.670000076,10.64999962,10.97999954
2015/12/13,11.40999985,8.199999809,5.389999866,5.159999847,5.659999847,11.47999954,6.659999847,4.639999866,5.75,6.619999886,11.82999992,7.159999847,5.670000076,6.799999714,7.659999847,12.48999977,8.289999962,6.909999847,8.220000267,8.960000038,13.31999969,10.48999977,8.869999886,9.949999809,10.28999996
2015/12/20,11.2699995,7.739999771,4.549999714,4.119999886,4.579999924,11.30999947,6.049999714,3.869999886,4.839999676,5.659999847,11.65999985,6.589999676,5,6.079999924,6.909999847,12.34999943,7.799999714,6.329999924,7.679999828,8.369999886,13.21000004,10.09999943,8.369999886,9.5,9.75
2015/12/27,10.48999977,6.599999905,3.00999999,2.389999866,2.889999866,10.47999954,4.789999962,2.389999866,3.359999895,4.25,10.82999992,5.389999866,3.679999828,4.839999676,5.710000038,11.52999973,6.710000038,5.179999828,6.659999847,7.379999638,12.40999985,9.170000076,7.389999866,8.630000114,8.88999939
2016/1/3,10.36999989,6.079999924,2.099999905,1.389999986,1.870000005,10.31999969,4.009999752,1.429999948,2.25999999,3.179999828,10.63999939,4.5,2.569999933,3.679999828,4.579999924,11.32999992,5.779999733,3.929999828,5.429999828,6.210000038,12.2699995,8.449999809,6.210000038,7.389999866,7.679999828
2016/1/10,10.17999935,5.75,1.659999967,0.859999955,1.350000024,10.09999943,3.659999847,1.039999962,1.75999999,2.75999999,10.40999985,4.089999676,2.119999886,3.159999847,4.179999828,11.09999943,5.299999714,3.369999886,4.889999866,5.789999962,12,7.96999979,5.619999886,6.799999714,7.210000038
2016/1/17,10.21000004,5.5,1.220000029,0.439999998,1.019999981,10.09000015,3.220000029,0.519999981,1.350000024,2.579999924,10.36999989,3.50999999,1.370000005,2.599999905,3.869999886,11.03999996,4.630000114,2.429999828,4.099999905,5.279999733,11.96000004,7.409999847,4.639999866,5.779999733,6.46999979
2016/1/24,8.75,4.460000038,0.539999962,-0.119999997,0.359999985,8.630000114,2.369999886,-0.089999996,0.519999981,1.679999948,8.869999886,2.649999857,0.699999988,1.779999971,3.029999971,9.5,3.699999809,1.74000001,3.359999895,4.549999714,10.32999992,6.25,3.929999828,5.159999847,5.869999886
2016/1/31,9.119999886,4.539999962,0.379999995,-0.319999993,-0.059999999,8.989999771,2.329999924,-0.25999999,0.039999999,0.98999995,9.210000038,2.50999999,0.409999996,1.279999971,2.349999905,9.840000153,3.569999933,1.389999986,2.950000048,3.970000029,10.72999954,6.289999962,3.679999828,4.909999847,5.460000038
2016/2/7,9.369999886,4.799999714,0.519999981,-0.319999993,-0.25999999,9.239999771,2.589999914,0,0.209999993,0.939999998,9.460000038,2.74000001,0.610000014,1.429999948,2.329999924,10.09000015,3.74000001,1.50999999,3.089999914,4.009999752,10.97999954,6.46999979,3.799999952,5.009999752,5.5
2016/2/14,10.05000019,5.079999924,0.25999999,-0.829999983,-0.909999967,9.869999886,2.629999876,-0.219999999,-0.029999999,0.48999998,10.09000015,2.74000001,0.429999977,1.220000029,1.949999928,10.7699995,3.799999952,1.319999933,2.899999857,3.699999809,11.72999954,6.759999752,3.659999847,4.809999943,5.21999979
2016/2/21,9.920000076,4.940000057,0.099999994,-1.029999971,-1.179999948,9.719999313,2.470000029,-0.370000005,-0.170000002,0.219999999,9.949999809,2.549999952,0.209999993,1.059999943,1.679999948,10.60999966,3.549999952,1.00999999,2.679999828,3.399999857,11.55999947,6.539999962,3.379999876,4.539999962,4.909999847
2016/2/28,10.27999973,5.679999828,1.25999999,0,-0.199999988,10.17999935,3.609999895,1.049999952,1.220000029,1.449999928,10.44999981,3.799999952,1.75999999,2.579999924,3.049999952,11.07999992,4.789999962,2.599999905,4.190000057,4.789999962,11.98999977,7.5,4.839999676,6,6.259999752
2016/3/6,10.53999996,5.920000076,1.469999909,0.149999991,0.029999999,10.44999981,3.879999876,1.350000024,1.449999928,1.639999986,10.69999981,4.039999962,1.99000001,2.819999933,3.220000029,11.34999943,4.96999979,2.74000001,4.369999886,4.889999866,12.23999977,7.699999809,5,6.119999886,6.289999962
2016/3/13,10.67000008,6,1.579999924,0.25999999,0.229999989,10.57999992,3.949999809,1.429999948,1.579999924,1.819999933,10.82999992,4.039999962,1.949999928,2.819999933,3.24000001,11.46000004,4.909999847,2.609999895,4.190000057,4.71999979,12.36999989,7.639999866,4.799999714,5.819999695,6
2016/3/20,10.92000008,6.460000038,2.139999866,0.75999999,0.75999999,10.86999989,4.549999714,2.139999866,2.200000048,2.349999905,11.15999985,4.759999752,2.799999952,3.49000001,3.75999999,11.78999996,5.679999828,3.569999933,4.829999924,5.179999828,12.69999981,8.319999695,5.579999924,6.420000076,6.420000076
2016/3/27,11.57999992,7.460000038,3.470000029,2.180000067,2.200000048,11.57999992,5.710000038,3.49000001,3.49000001,3.639999866,11.86999989,5.829999924,3.99000001,4.589999676,4.829999924,12.48999977,6.599999905,4.519999981,5.699999809,5.989999771,13.35999966,9.099999428,6.369999886,7.049999714,7.009999752
2016/4/3,12.60999966,8.789999962,5.019999981,3.649999857,3.589999914,12.64999962,7.239999771,5.210000038,5,5.039999962,12.94999981,7.329999924,5.619999886,6.039999962,6.139999866,13.55999947,8,6,7.009999752,7.159999847,14.40999985,10.31999969,7.629999638,8.210000038,8.050000191
2016/4/10,12.78999996,9.329999924,5.829999924,4.389999866,4.329999924,12.89999962,8.029999733,6.179999828,5.779999733,5.71999979,13.21999931,8.199999809,6.670000076,6.929999828,6.949999809,13.81999969,8.869999886,7.119999886,8,8.039999962,14.63999939,10.98999977,8.679999352,9.25,9.039999962
2016/4/17,13.56999969,10.40999985,7.159999847,5.75,5.75,13.71999931,9.25,7.579999924,7.119999886,6.960000038,14.04999924,9.369999886,7.960000038,8.079999924,7.960000038,14.64999962,9.969999313,8.289999962,8.920000076,8.829999924,15.46999931,12.0199995,9.659999847,10,9.659999847
2016/4/24,14.17000008,11.43999958,8.630000114,7.460000038,7.409999847,14.35999966,10.44999981,9,8.409999847,8.239999771,14.71000004,10.53999996,9.260000229,9.25,9.090000153,15.29999924,11.09999943,9.539999962,10.05000019,9.909999847,16.11999893,13.09999943,10.90999985,11.18999958,10.81999969
2016/5/1,14.90999985,12.31999969,9.719999313,8.75,8.590000153,15.10999966,11.32999992,9.969999313,9.300000191,9.079999924,15.46000004,11.30999947,10.02999973,9.909999847,9.679999352,16.04999924,11.73999977,10.09000015,10.53999996,10.35999966,16.88999939,13.79999924,11.46000004,11.63999939,11.23999977
2016/5/8,15.90999985,13.2699995,10.63999939,9.659999847,9.449999809,16.12999916,12.25,10.85999966,10.21000004,9.960000038,16.5,12.23999977,10.90999985,10.78999996,10.53999996,17.11999893,12.68999958,10.97999954,11.40999985,11.22999954,17.98999977,14.80999947,12.38999939,12.53999996,12.14999962
2016/5/15,15.84999943,13.86999989,11.82999992,10.94999981,10.61999989,16.12999916,13.22999954,12.19999981,11.27999973,10.90999985,16.51000023,13.23999977,12.23999977,11.80999947,11.5,17.09000015,13.59999943,12.23999977,12.38999939,12.15999985,17.87999916,15.35999966,13.38000011,13.46999931,13.07999992
2016/5/22,16.43000031,15.5,14.39999962,13.53999996,13.23999977,16.84000015,15.47999954,15.04999924,14.23999977,13.77999973,17.25,15.5,14.98999977,14.55999947,14.17000008,17.76000023,15.64999962,14.77999973,14.88000011,14.59999943,18.42000008,16.81999969,15.52999973,15.60999966,15.21999931
2016/5/29,17.14999962,16.60000038,16.10000038,15.71999931,15.72999954,17.59000015,16.64999962,16.40999985,16.20999908,16.06999969,18.01000023,16.57999992,16.14999962,16.29999924,16.23999977,18.5,16.63999939,15.80999947,16.32999992,16.36999893,19.13999939,17.69999886,16.59000015,16.72999954,16.69000053
2016/6/5,18.27999878,17.73999977,17.25,16.93000031,17.02999878,18.70999908,17.77999878,17.48999977,17.56999969,17.56999969,19.12999916,17.8599987,17.47999954,17.80999947,17.86999893,19.61999893,18.04999924,17.39999962,17.94000053,18.07999992,20.22999954,19.02999878,18.18000031,18.43000031,18.43000031
2016/6/12,18.45999908,18.34000015,18.32999992,18.14999962,18.13999939,18.93999863,18.63999939,18.62999916,18.45999908,18.43000031,19.36999893,18.69000053,18.48999977,18.63999939,18.67000008,19.84000015,18.78999901,18.32999992,18.77999878,18.87999916,20.40999985,19.57999992,19.04999924,19.32999992,19.27999878
2016/6/19,19.06999969,19.65999985,20.32999992,20.20999908,20.09000015,19.68999863,20.43000031,20.81999969,20.52999878,20.37999916,20.18000031,20.52000046,20.65999985,20.68000031,20.61999893,20.64999962,20.52999878,20.40999985,20.78999901,20.80999947,21.17000008,20.94999886,20.93999863,21.23999977,21.13999939
2016/6/26,19.28999901,20.30999947,21.48999977,21.68000031,21.61999893,19.94999886,21.23999977,21.84000015,21.64999962,21.5,20.45999908,21.30999947,21.59000015,21.61999893,21.55999947,20.93000031,21.27999878,21.31999969,21.61999893,21.67000008,21.43000031,21.54999924,21.73999977,22.01000023,21.96999931
2016/7/3,19.45999908,21,22.71999931,22.94999886,22.77999878,20.17000008,22.25,23.25,22.81999969,22.64999962,20.65999985,22.18999863,22.69999886,22.60000038,22.54999924,21.03999901,21.89999962,22.07999992,22.39999962,22.5,21.43999863,21.85000038,22.29999924,22.53999901,22.6099987
2016/7/10,19.37999916,21.46999931,23.71999931,24.02999878,23.92000008,20.15999985,23.06999969,24.32999992,24.13999939,23.88999939,20.69999886,23.19999886,24.01999855,23.95999908,23.80999947,21.06999969,23,23.65999985,23.76999855,23.75,21.38999939,22.59000015,23.64999962,23.8599987,23.79999924
2016/7/17,19.70999908,21.65999985,23.68000031,23.8599987,23.6099987,20.51000023,23.22999954,24.35000038,24.02999878,23.53999901,21.07999992,23.52999878,24.32999992,24.03999901,23.59000015,21.47999954,23.52999878,24.28999901,24.06999969,23.70999908,21.82999992,23.12999916,24.18999863,24.32999992,23.96999931
2016/7/24,20.27999878,22.04999924,23.77999878,23.84000015,23.68000031,21.04999924,23.54999924,24.46999931,24.01000023,23.46999931,21.65999985,24.15999985,24.95999908,24.52999878,23.98999977,22.11999893,24.48999977,25.44999886,25.13999939,24.65999985,22.51000023,24.23999977,25.6099987,25.8599987,25.46999931
2016/7/31,20.09000015,22.43000031,24.76999855,25.01000023,24.96999931,20.92000008,24.22999954,25.46999931,25.20999908,24.93000031,21.52999878,24.82999992,25.87999916,25.78999901,25.51000023,21.94999886,25.04999924,26.26000023,26.42000008,26.22999954,22.26999855,24.57999992,26.53999901,27.04999924,26.97999954
2016/8/7,20.3599987,22.97999954,25.53999901,25.81999969,25.84000015,21.21999931,24.89999962,26.26000023,26.19999886,26.04999924,21.85000038,25.56999969,26.73999977,26.93999863,26.81999969,22.26000023,25.81999969,27.19999886,27.71999931,27.70999908,22.56999969,25.29999924,27.68999863,28.48999977,28.54999924
2016/8/14,20.26000023,22.87999916,25.52999878,25.97999954,26.01000023,21.10000038,24.76000023,26.1099987,26.15999985,26.06999969,21.72999954,25.39999962,26.53999901,26.81999969,26.75,22.14999962,25.68000031,27.03999901,27.6099987,27.64999962,22.48999977,25.26999855,27.67000008,28.52999878,28.56999969
2016/8/21,20.5,22.68999863,24.85000038,25.1099987,24.97999954,21.29999924,24.32999992,25.46999931,25.30999947,25.13999939,21.88999939,24.8599987,25.77999878,25.94999886,25.84999847,22.31999969,25.09000015,26.12999916,26.73999977,26.77999878,22.71999931,24.92000008,26.8599987,27.69999886,27.73999977
2016/8/28,20.39999962,22.42000008,24.43999863,24.6099987,24.31999969,21.14999962,23.94999886,25.06999969,24.95999908,24.46999931,21.68999863,24.27999878,25.09000015,25.15999985,24.71999931,22.09000015,24.35000038,25.14999962,25.52999878,25.21999931,22.45999908,24.18000031,25.61999893,26.17000008,25.82999992
2016/9/4,19.78999901,21.67000008,23.47999954,23.5,23.14999962,20.52000046,23.15999985,24.21999931,23.81999969,23.29999924,21.04999924,23.47999954,24.25,24.10000038,23.6099987,21.43000031,23.54999924,24.30999947,24.5,24.14999962,21.79999924,23.37999916,24.69999886,25.17000008,24.81999969
2016/9/11,19.8599987,21.61999893,23.29999924,23.22999954,22.90999985,20.57999992,23.09000015,24.09000015,23.55999947,23.03999901,21.11999893,23.43000031,24.17000008,23.89999962,23.43000031,21.51000023,23.51000023,24.25,24.31999969,23.98999977,21.86999893,23.32999992,24.54999924,24.95999908,24.65999985
2016/9/18,19.15999985,20.87999916,22.51999855,22.43999863,22.15999985,19.8599987,22.30999947,23.29999924,22.79999924,22.31999969,20.37999916,22.63999939,23.36999893,23.14999962,22.71999931,20.75,22.70999908,23.43000031,23.54999924,23.25,21.09000015,22.5,23.69999886,24.1099987,23.8599987
2016/9/25,19.07999992,20.51000023,21.87999916,21.79999924,21.64999962,19.73999977,21.77000046,22.56999969,22.14999962,21.78999901,20.26000023,22.11999893,22.70999908,22.55999947,22.23999977,20.65999985,22.26999855,22.8599987,23.03999901,22.84000015,21.04999924,22.23999977,23.26000023,23.68000031,23.52999878
2016/10/2,18.92000008,19.92000008,20.8599987,20.75,20.56999969,19.53999901,20.88999939,21.43000031,21,20.68000031,20.03999901,21.17000008,21.52999878,21.3599987,21.07999992,20.45999908,21.34000015,21.63999939,21.79999924,21.63999939,20.92000008,21.54999924,22.07999992,22.43000031,22.29999924
2016/10/9,17.94999886,18.77000046,19.5,19.30999947,19.02999878,18.53999901,19.64999962,20.07999992,19.65999985,19.20999908,19.02000046,19.95999908,20.26000023,20.03999901,19.6099987,19.44999886,20.18999863,20.45999908,20.52000046,20.18000031,19.89999962,20.43999863,20.86999893,21.17000008,20.84000015
2016/10/16,17.69999886,18.17000008,18.5,18.21999931,17.97999954,18.26000023,18.85000038,19.02000046,18.73999977,18.32999992,18.77000046,19.28999901,19.44999886,19.34000015,18.93000031,19.25,19.68999863,19.87999916,19.98999977,19.64999962,19.76000023,20.11999893,20.40999985,20.73999977,20.39999962
2016/10/23,17.42000008,17.17000008,16.92000008,16.65999985,16.46999931,17.89999962,17.42000008,17.21999931,16.94000053,16.6099987,18.37999916,17.72999954,17.52000046,17.44999886,17.12999916,18.89999962,18.13999939,17.8599987,18.06999969,17.81999969,19.5,18.96999931,18.55999947,18.82999992,18.59000015
2016/10/30,16.3599987,15.97999954,15.63000011,15.38999939,15.27999973,16.82999992,16.14999962,15.82999992,15.72999954,15.46999931,17.30999947,16.52000046,16.26000023,16.34000015,16.05999947,17.85000038,17.01000023,16.72999954,17.05999947,16.81999969,18.45999908,17.87999916,17.52000046,17.92000008,17.64999962
2016/11/6,15.77999973,14.78999996,13.88000011,13.63000011,13.63999939,16.18000031,14.56999969,13.88999939,14,13.90999985,16.64999962,14.96000004,14.40999985,14.68999958,14.55999947,17.22999954,15.55999947,15,15.5,15.39999962,17.89999962,16.72999954,15.98999977,16.46999931,16.28999901
2016/11/13,15.17000008,13.69999981,12.25,11.82999992,11.82999992,15.5199995,13.23999977,12.2699995,12.34999943,12.27999973,15.97999954,13.71999931,12.98999977,13.2699995,13.15999985,16.60000038,14.47999954,13.79999924,14.34999943,14.22999954,17.30999947,15.80999947,14.94999981,15.54999924,15.31999969
2016/11/20,14.53999996,12.44999981,10.46000004,10.03999996,10.15999985,14.77999973,11.61999989,10.2699995,10.44999981,10.55999947,15.21000004,12.03999996,11.03999996,11.44999981,11.5199995,15.82999992,12.90999985,11.92000008,12.67000008,12.72999954,16.6099987,14.57999992,13.31999969,14.02999973,13.93999958
2016/11/27,13.71999931,11.56999969,9.5,9.069999695,9.199999809,13.93999958,10.68999958,9.289999962,9.63999939,9.829999924,14.35999966,11.15999985,10.13000011,10.72999954,10.86999989,14.97999954,12.03999996,11.07999992,12.0199995,12.11999989,15.72999954,13.69999981,12.53999996,13.36999989,13.27999973
2016/12/4,12.7699995,10.48999977,8.289999962,7.799999714,7.919999599,12.96000004,9.539999962,8.050000191,8.409999847,8.63999939,13.38000011,10.03999996,8.989999771,9.670000076,9.869999886,13.98999977,11,10.03999996,11.15999985,11.30999947,14.72999954,12.71000004,11.68999958,12.68999958,12.59999943
2016/12/11,12.47999954,9.619999886,6.949999809,6.369999886,6.5,12.60999966,8.369999886,6.639999866,7,7.319999695,12.98999977,8.789999962,7.489999771,8.25,8.569999695,13.61999989,9.75,8.460000038,9.75,10.03999996,14.38999939,11.68999958,10.25,11.31999969,11.34999943
2016/12/18,11.78999996,8.88999939,6.089999676,5.409999847,5.5,11.90999985,7.639999866,5.849999905,6.21999979,6.569999695,12.27999973,8.119999886,6.799999714,7.579999924,7.949999809,12.90999985,9.130000114,7.889999866,9.170000076,9.539999962,13.67000008,11.03999996,9.699999809,10.85999966,10.90999985
2016/12/25,11.72999954,8.420000076,5.279999733,4.460000038,4.549999714,11.81999969,7.029999733,5.079999924,5.380000114,5.75,12.17000008,7.489999771,6.029999733,6.789999962,7.210000038,12.81999969,8.529999733,7.119999886,8.449999809,8.829999924,13.59999943,10.53999996,8.970000267,10.09999943,10.17999935
2017/1/1,11.17000008,7.869999886,4.71999979,3.839999914,3.99000001,11.25,6.5,4.559999943,4.960000038,5.409999847,11.60999966,6.960000038,5.529999733,6.460000038,6.96999979,12.22999954,8,6.619999886,8.130000114,8.619999886,12.98999977,10,8.550000191,9.75,9.88999939
2017/1/8,11.15999985,7.569999695,4.059999943,2.99000001,2.950000048,11.19999981,6.069999695,4.009999752,4.139999866,4.519999981,11.53999996,6.46999979,4.909999847,5.75,6.21999979,12.17000008,7.489999771,5.929999828,7.46999979,7.960000038,12.97999954,9.63999939,7.919999599,9.13999939,9.260000229
2017/1/15,10.23999977,6.289999962,2.470000029,1.409999967,1.569999933,10.21000004,4.539999962,2.279999971,2.50999999,3.069999933,10.5,4.839999676,3.069999933,3.970000029,4.679999828,11.11999989,5.829999924,4.049999714,5.619999886,6.379999638,11.94999981,8.199999809,6.119999886,7.329999924,7.739999771
2017/1/22,9.869999886,5.96999979,2.220000029,1.100000024,1.220000029,9.840000153,4.299999714,2.079999924,2.279999971,2.819999933,10.13000011,4.670000076,2.970000029,3.819999933,4.509999752,10.73999977,5.679999828,4.009999752,5.539999962,6.289999962,11.53999996,7.949999809,6.069999695,7.329999924,7.669999599
2017/1/29,10.13999939,5.869999886,1.659999967,0.419999987,0.419999987,10.07999992,3.949999809,1.529999971,1.620000005,2.079999924,10.36999989,4.259999752,2.349999905,3.179999828,3.819999933,11,5.299999714,3.359999895,4.929999828,5.639999866,11.86999989,7.799999714,5.509999752,6.75,7.119999886
2017/2/5,9.340000153,5.339999676,1.409999967,0.109999999,-0.02,9.289999962,3.629999876,1.409999967,1.279999971,1.620000005,9.550000191,3.899999857,2.139999866,2.839999914,3.389999866,10.13999939,4.839999676,3.029999971,4.579999924,5.239999771,10.93999958,7.159999847,5.139999866,6.389999866,6.71999979
2017/2/12,9.489999771,5.509999752,1.579999924,0.179999992,-0.099999994,9.449999809,3.909999847,1.74000001,1.559999943,1.679999948,9.739999771,4.21999979,2.529999971,3.220000029,3.589999914,10.32999992,5.170000076,3.449999809,5.019999981,5.529999733,11.07999992,7.409999847,5.539999962,6.869999886,7.039999962
2017/2/19,10.19999981,5.920000076,1.639999986,0.089999996,-0.219999999,10.15999985,4.130000114,1.799999952,1.599999905,1.620000005,10.43999958,4.389999866,2.529999971,3.24000001,3.49000001,11.05999947,5.339999676,3.389999866,4.96999979,5.369999886,11.88999939,7.789999962,5.5,6.679999828,6.799999714
2017/2/26,10.46000004,6.489999771,2.50999999,0.979999959,0.680000007,10.46000004,4.920000076,2.779999971,2.549999952,2.49000001,10.75,5.179999828,3.470000029,4.159999847,4.309999943,11.36999989,6.069999695,4.269999981,5.779999733,6.089999676,12.15999985,8.369999886,6.289999962,7.409999847,7.429999828
2017/3/5,11.13999939,6.96999979,2.799999952,1.25999999,1.110000014,11.11999989,5.25,2.99000001,2.819999933,2.839999914,11.40999985,5.460000038,3.649999857,4.349999905,4.559999943,12.03999996,6.369999886,4.389999866,5.869999886,6.239999771,12.90999985,8.829999924,6.420000076,7.429999828,7.5
2017/3/12,11.5199995,7.099999905,2.700000048,1.199999928,1.129999995,11.46000004,5.170000076,2.75999999,2.649999857,2.720000029,11.73999977,5.289999962,3.299999952,4.009999752,4.259999752,12.38999939,6.159999847,3.929999828,5.369999886,5.75,13.29999924,8.829999924,6,6.849999905,6.920000076
2017/3/19,11.82999992,7.539999962,3.24000001,1.799999952,1.719999909,11.78999996,5.639999866,3.279999971,3.119999886,3.149999857,12.07999992,5.789999962,3.839999914,4.429999828,4.589999676,12.72999954,6.659999847,4.5,5.739999771,6,13.63999939,9.289999962,6.460000038,7.21999979,7.159999847
2017/3/26,11.93999958,8.210000038,4.519999981,3.199999809,3.149999857,11.94999981,6.670000076,4.679999828,4.46999979,4.5,12.23999977,6.829999924,5.170000076,5.639999866,5.779999733,12.84999943,7.549999714,5.670000076,6.789999962,6.989999771,13.67000008,9.869999886,7.429999828,8.119999886,8.029999733
2017/4/2,12.11999989,8.75,5.329999924,4.009999752,4.049999714,12.18999958,7.379999638,5.539999962,5.349999905,5.46999979,12.48999977,7.589999676,6.079999924,6.539999962,6.779999733,13.09999943,8.329999924,6.619999886,7.669999599,7.989999771,13.89999962,10.5,8.329999924,9.010000229,9.050000191
2017/4/9,12.89999962,9.779999733,6.46999979,5.089999676,5.130000114,13.02999973,8.569999695,6.799999714,6.619999886,6.659999847,13.38000011,8.869999886,7.489999771,7.909999847,8.029999733,13.98999977,9.630000114,8.090000153,9.050000191,9.239999771,14.80999947,11.72999954,9.710000038,10.34999943,10.2699995
2017/4/16,13.77999973,11.0199995,7.96999979,6.539999962,6.420000076,13.96000004,10,8.460000038,8.079999924,7.949999809,14.31999969,10.25,9,9.279999733,9.199999809,14.93999958,10.90999985,9.449999809,10.30999947,10.27999973,15.73999977,12.89999962,10.94999981,11.48999977,11.19999981
2017/4/23,14.27999973,12.05999947,9.529999733,8.13999939,7.960000038,14.5199995,11.36999989,10.13999939,9.619999886,9.409999847,14.90999985,11.65999985,10.65999985,10.85999966,10.71000004,15.5199995,12.27999973,11.07999992,11.89999962,11.81999969,16.28999901,14.04999924,12.5199995,13.05999947,12.73999977
2017/4/30,14.56999969,12.32999992,9.739999771,8.340000153,8.369999886,14.82999992,11.63999939,10.32999992,9.920000076,9.829999924,15.2699995,12.02999973,11.02999973,11.32999992,11.28999996,15.88999939,12.77999973,11.65999985,12.53999996,12.59999943,16.70999908,14.63999939,13.25,13.90999985,13.71999931
2017/5/7,15.13999939,13.5,11.63999939,10.57999992,10.47999954,15.46000004,13.06999969,12.15999985,11.55999947,11.40999985,15.85999966,13.22999954,12.40999985,12.5199995,12.44999981,16.42000008,13.68999958,12.61999989,13.38000011,13.38999939,17.17000008,15.30999947,13.98999977,14.5,14.28999996
2017/5/14,15.54999924,14.46999931,13.06999969,12.02999973,11.85999966,15.94999981,14.36999989,13.73999977,13.06999969,12.78999996,16.38999939,14.63999939,14.10999966,14.02999973,13.85999966,16.94000053,15.07999992,14.36999989,14.89999962,14.84999943,17.62999916,16.37999916,15.52999973,16.02999878,15.75
2017/5/21,15.71999931,15.46000004,14.97999954,14.32999992,14.17000008,16.19000053,15.75,15.63000011,14.86999989,14.54999924,16.62999916,15.92000008,15.71000004,15.53999996,15.34999943,17.1099987,16.17000008,15.73999977,16.22999954,16.18000031,17.70999908,17.12999916,16.75,17.21999931,17.02000046
2017/5/28,16.10000038,16.07999992,15.96000004,15.54999924,15.65999985,16.59000015,16.47999954,16.43000031,16.14999962,15.96999931,17.05999947,16.75,16.64999962,16.78999901,16.69999886,17.55999947,17.10000038,16.88999939,17.51000023,17.53999901,18.15999985,18.03999901,18.02999878,18.59000015,18.44000053
2017/6/4,17.04999924,17.25,17.46999931,17.27000046,17.32999992,17.59000015,17.76000023,17.86999893,17.70999908,17.5,18.07999992,17.97999954,17.95999908,18.04999924,17.8599987,18.56999969,18.20999908,18.02000046,18.46999931,18.36999893,19.15999985,18.98999977,18.92000008,19.35000038,19.02999878
2017/6/11,17.97999954,18.44999886,18.81999969,18.54999924,18.56999969,18.53999901,19.09000015,19.31999969,19.07999992,19.02000046,19.02000046,19.30999947,19.38999939,19.51000023,19.47999954,19.5,19.5,19.43000031,19.97999954,20.02000046,20.05999947,20.15999985,20.31999969,20.82999992,20.68000031
2017/6/18,18.79999924,19.77000046,20.64999962,20.52000046,20.55999947,19.38999939,20.67000008,21.19999886,20.93000031,20.95999908,19.8599987,20.89999962,21.21999931,21.30999947,21.39999962,20.27999878,21.01000023,21.20999908,21.70999908,21.87999916,20.73999977,21.32999992,21.92000008,22.46999931,22.46999931
2017/6/25,19.35000038,20.44999886,21.52999878,21.51000023,21.42000008,19.95999908,21.43000031,22.04999924,21.71999931,21.67000008,20.43000031,21.61999893,21.98999977,22.04999924,22.09000015,20.82999992,21.68999863,21.93999863,22.40999985,22.55999947,21.27000046,21.90999985,22.55999947,23.10000038,23.11999893
2017/7/2,19.72999954,21.22999954,22.72999954,22.90999985,22.90999985,20.39999962,22.38999939,23.17000008,23.10000038,23.03999901,20.90999985,22.67000008,23.21999931,23.30999947,23.35000038,21.30999947,22.76999855,23.26999855,23.60000038,23.72999954,21.71999931,22.79999924,23.70999908,24.18999863,24.20999908
2017/7/9,20.12999916,22.04999924,24.05999947,24.3599987,24.23999977,20.84000015,23.48999977,24.56999969,24.40999985,24.23999977,21.3599987,23.72999954,24.47999954,24.42000008,24.31999969,21.71999931,23.68000031,24.36999893,24.5,24.47999954,22.04999924,23.39999962,24.5,24.80999947,24.70999908
2017/7/16,20.27000046,22.62999916,25.01000023,25.43000031,25.26000023,21.03999901,24.30999947,25.55999947,25.18999863,24.98999977,21.60000038,24.73999977,25.71999931,25.46999931,25.30999947,21.96999931,24.8599987,25.93999863,25.89999962,25.80999947,22.27999878,24.42000008,26.1099987,26.52999878,26.40999985
2017/7/23,20.03999901,22.01000023,24.05999947,24.47999954,24.62999916,20.77000046,23.44999886,24.43000031,24.53999901,24.54999924,21.34000015,23.97999954,24.78999901,25.01999855,25.07999992,21.76000023,24.27999878,25.25,25.72999954,25.84000015,22.14999962,24.18000031,25.89999962,26.53999901,26.65999985
2017/7/30,20.27999878,22.55999947,24.90999985,25.31999969,25.26999855,21.06999969,24.23999977,25.43999863,25.31999969,25.23999977,21.65999985,24.76999855,25.73999977,25.79999924,25.76000023,22.06999969,25,26.11999893,26.5,26.53999901,22.43999863,24.75,26.71999931,27.40999985,27.42000008
2017/8/6,20.27000046,22.82999992,25.47999954,25.94999886,25.92000008,21.09000015,24.67000008,26.04999924,26.04999924,25.93000031,21.68000031,25.15999985,26.26000023,26.31999969,26.23999977,22.05999947,25.28999901,26.51000023,26.78999901,26.79999924,22.38999939,24.90999985,26.94999886,27.52999878,27.5
2017/8/13,20.60000038,23.27999878,26.05999947,26.54999924,26.38999939,21.42000008,25.15999985,26.68000031,26.43999863,26.18000031,21.96999931,25.45999908,26.56999969,26.36999893,26.13999939,22.30999947,25.37999916,26.47999954,26.51000023,26.37999916,22.6099987,24.89999962,26.67000008,27.01999855,26.86999893
2017/8/20,21,23.62999916,26.3599987,26.73999977,26.53999901,21.81999969,25.54999924,27.06999969,26.75,26.43000031,22.3599987,25.86999893,27,26.79999924,26.51999855,22.69999886,25.77999878,26.88999939,26.95999908,26.79999924,22.97999954,25.26000023,27.04999924,27.38999939,27.27999878
2017/8/27,20.18999863,22.51000023,24.82999992,25.04999924,24.87999916,20.93999863,24.19999886,25.52999878,25.22999954,24.82999992,21.43999863,24.44999886,25.39999962,25.21999931,24.85000038,21.76000023,24.35000038,25.25,25.29999924,25.03999901,22.04999924,23.93999863,25.37999916,25.65999985,25.43000031
2017/9/3,20.34000015,22.30999947,24.25,24.37999916,24.26999855,21.03999901,23.77999878,24.90999985,24.68999863,24.30999947,21.52000046,23.95999908,24.72999954,24.64999962,24.26999855,21.85000038,23.8599987,24.52999878,24.61999893,24.32999992,22.17000008,23.59000015,24.61999893,24.80999947,24.52999878
2017/9/10,20.51000023,22.31999969,24.05999947,24.09000015,24.01999855,21.19999886,23.71999931,24.76000023,24.44999886,24.09000015,21.68999863,23.94999886,24.68999863,24.5,24.12999916,22.02000046,23.87999916,24.51999855,24.5,24.18999863,22.32999992,23.59000015,24.52999878,24.67000008,24.36999893
2017/9/17,20.36999893,22.13999939,23.84000015,23.80999947,23.67000008,21.06999969,23.56999969,24.57999992,24.28999901,23.8599987,21.57999992,23.89999962,24.64999962,24.51999855,24.04999924,21.93999863,23.90999985,24.62999916,24.63999939,24.20999908,22.25,23.59000015,24.65999985,24.8599987,24.43999863
2017/9/24,20.20999908,21.51000023,22.62999916,22.43000031,22.23999977,20.88999939,22.67000008,23.35000038,22.93000031,22.51000023,21.42000008,23.01999855,23.52999878,23.34000015,22.88999939,21.85000038,23.17000008,23.63999939,23.67000008,23.26000023,22.26999855,23.15999985,23.84000015,24.06999969,23.68000031
2017/10/1,19.75,20.45999908,21.04999924,20.76000023,20.51000023,20.35000038,21.29999924,21.69999886,21.12999916,20.61999893,20.8599987,21.52999878,21.75,21.40999985,20.86999893,21.30999947,21.65999985,21.76000023,21.68000031,21.18999863,21.77999878,21.88999939,21.94999886,22.05999947,21.59000015
2017/10/8,18.72999954,19.23999977,19.68000031,19.45999908,19.29999924,19.30999947,19.93999863,20.18000031,19.76000023,19.36999893,19.81999969,20.27000046,20.40999985,20.22999954,19.81999969,20.29999924,20.54999924,20.64999962,20.75,20.38999939,20.80999947,20.95999908,21.1099987,21.3599987,21.05999947
2017/10/15,17.63999939,18.03999901,18.45999908,18.27999878,18.19000053,18.21999931,18.70999908,18.90999985,18.75,18.38999939,18.71999931,19.03999901,19.14999962,19.19999886,18.80999947,19.19999886,19.31999969,19.39999962,19.68999863,19.32999992,19.68999863,19.69999886,19.90999985,20.28999901,19.90999985
2017/10/22,16.8599987,17.03999901,17.34000015,17.21999931,17.27000046,17.40999985,17.59000015,17.65999985,17.75,17.6099987,17.90999985,17.95999908,17.98999977,18.27999878,18.10000038,18.39999962,18.30999947,18.34000015,18.81999969,18.64999962,18.89999962,18.73999977,18.93999863,19.43000031,19.20999908
2017/10/29,15.5199995,15.48999977,15.56999969,15.40999985,15.46000004,16.02999878,15.92000008,15.85999966,16.09000015,16.02999878,16.52999878,16.38999939,16.36999893,16.76000023,16.65999985,17.02999878,16.86999893,16.92000008,17.45999908,17.34000015,17.52999878,17.35000038,17.61999893,18.21999931,18
2017/11/5,14.60999966,14.22999954,13.96999931,13.79999924,13.84999943,15.04999924,14.42000008,14.13000011,14.38000011,14.34999943,15.52999973,14.85999966,14.64999962,15.13999939,15.04999924,16.02999878,15.39999962,15.27999973,15.96999931,15.81999969,16.56999969,16.09000015,16.14999962,16.82999992,16.56999969
2017/11/12,14.14999962,13.10999966,12.22999954,12.0199995,12.06999969,14.5199995,12.88999939,12.19999981,12.5199995,12.53999996,14.96000004,13.28999996,12.7699995,13.38999939,13.36999989,15.47999954,13.92000008,13.44999981,14.36999989,14.29999924,16.10000038,14.96999931,14.59999943,15.38999939,15.15999985
2017/11/19,14.02999973,12.52999973,11.25,11.11999989,11.31999969,14.30999947,11.97999954,10.98999977,11.57999992,11.77999973,14.73999977,12.38999939,11.61999989,12.48999977,12.61999989,15.31999969,13.11999989,12.39999962,13.54999924,13.60999966,15.98999977,14.46999931,13.78999996,14.69999981,14.53999996
2017/11/26,13.02999973,11.15999985,9.5,9.289999962,9.550000191,13.2699995,10.40999985,9.159999847,9.840000153,10.21000004,13.67000008,10.89999962,9.989999771,10.98999977,11.28999996,14.27999973,11.77999973,10.98999977,12.31999969,12.52999973,14.97999954,13.32999992,12.64999962,13.73999977,13.67000008
2017/12/3,12.35999966,9.989999771,7.869999886,7.579999924,7.779999733,12.5199995,8.960000038,7.489999771,8.029999733,8.460000038,12.90999985,9.38999939,8.279999733,9.179999352,9.599999428,13.5,10.28999996,9.239999771,10.57999992,10.92000008,14.22999954,12.03999996,10.98999977,12.11999989,12.15999985
2017/12/10,11.69999981,8.909999847,6.420000076,6.029999733,6.25,11.81999969,7.669999599,5.960000038,6.599999905,7.039999962,12.17000008,8.099999428,6.829999924,7.799999714,8.239999771,12.78999996,9.079999924,7.869999886,9.289999962,9.63999939,13.54999924,10.98999977,9.75,10.97999954,10.97999954
2017/12/17,10.56999969,7.929999828,5.579999924,5.210000038,5.389999866,10.65999985,6.759999752,5.179999828,5.799999714,6.329999924,10.98999977,7.119999886,5.920000076,6.96999979,7.509999752,11.53999996,8,6.829999924,8.409999847,8.880000114,12.23999977,9.760000229,8.670000076,9.949999809,10.07999992
2017/12/24,10.39999962,7.329999924,4.46999979,3.899999857,4.049999714,10.44999981,5.949999809,4.099999905,4.639999866,5.159999847,10.77999973,6.329999924,4.940000057,5.949999809,6.539999962,11.35999966,7.299999714,5.960000038,7.529999733,8.079999924,12.09999943,9.260000229,7.909999847,9.199999809,9.369999886
2017/12/31,9.819999695,6.589999676,3.549999952,2.889999866,3.069999933,9.840000153,5.139999866,3.199999809,3.75999999,4.309999943,10.15999985,5.579999924,4.139999866,5.199999809,5.829999924,10.75,6.599999905,5.25,6.869999886,7.460000038,11.48999977,8.590000153,7.25,8.599999428,8.789999962
2018/1/7,9.920000076,6.460000038,3.24000001,2.49000001,2.609999895,9.949999809,4.929999828,2.929999828,3.399999857,4.009999752,10.25,5.329999924,3.799999952,4.880000114,5.599999905,10.84999943,6.319999695,4.829999924,6.569999695,7.299999714,11.57999992,8.329999924,6.839999676,8.279999733,8.63999939
2018/1/14,9.75,5.96999979,2.50999999,1.699999928,1.809999943,9.739999771,4.309999943,2.159999847,2.659999847,3.279999971,10.02999973,4.670000076,3.00999999,4.139999866,4.889999866,10.61999989,5.670000076,4.049999714,5.829999924,6.589999676,11.36999989,7.829999924,6.119999886,7.509999752,7.889999866
2018/1/21,9.460000038,5.369999886,1.579999924,0.75999999,0.889999986,9.380000114,3.470000029,1.139999986,1.75999999,2.349999905,9.63999939,3.699999809,1.849999905,3.00999999,3.74000001,10.23999977,4.679999828,2.779999971,4.5,5.239999771,11.05999947,7.049999714,4.849999905,6.049999714,6.369999886
2018/1/28,9.090000153,4.799999714,0.859999955,0,0.029999999,9,2.819999933,0.439999998,0.779999971,1.409999967,9.239999771,3.00999999,1.069999933,2.099999905,2.909999847,9.829999924,3.970000029,1.99000001,3.699999809,4.539999962,10.64999962,6.449999809,4.170000076,5.449999809,5.879999638
2018/2/4,8.170000076,4.049999714,0.299999982,-0.469999999,-0.409999996,8.050000191,2.099999905,-0.159999996,0.229999989,0.859999955,8.25,2.200000048,0.310000002,1.429999948,2.279999971,8.789999962,3.049999952,1.069999933,2.950000048,3.869999886,9.569999695,5.460000038,3.319999933,4.679999828,5.21999979
2018/2/11,8.789999962,4.089999676,-0.079999998,-0.949999988,-1,8.630000114,1.929999948,-0.569999993,-0.319999993,0.179999992,8.829999924,1.949999928,-0.159999996,0.779999971,1.50999999,9.409999847,2.799999952,0.519999981,2.220000029,3.029999971,10.21999931,5.420000076,2.74000001,3.949999809,4.369999886
2018/2/18,10.07999992,5.059999943,0.519999981,-0.48999998,-0.50999999,9.909999847,2.74000001,0.029999999,0.349999994,0.799999952,10.13000011,2.75999999,0.48999998,1.50999999,2.159999847,10.77999973,3.659999847,1.179999948,2.929999828,3.649999857,11.68999958,6.5,3.49000001,4.639999866,4.940000057
2018/2/25,10.67000008,5.460000038,0.589999974,-0.589999974,-0.610000014,10.52999973,3.029999971,0.199999988,0.370000005,0.789999962,10.75,3.099999905,0.729999959,1.620000005,2.25999999,11.42000008,4.059999943,1.469999909,3.119999886,3.839999914,12.38999939,7.049999714,3.819999933,4.909999847,5.25
2018/3/4,10.53999996,5.599999905,0.969999969,-0.25,-0.239999995,10.40999985,3.359999895,0.669999957,0.879999995,1.299999952,10.65999985,3.49000001,1.279999971,2.24000001,2.859999895,11.32999992,4.46999979,2.069999933,3.779999971,4.46999979,12.25,7.349999905,4.440000057,5.579999924,5.849999905
2018/3/11,10.40999985,5.619999886,1.069999933,-0.140000001,-0.07,10.28999996,3.409999847,0.789999962,1.039999962,1.449999928,10.53999996,3.50999999,1.350000024,2.329999924,2.929999828,11.18999958,4.429999828,2.049999952,3.74000001,4.420000076,12.10999966,7.289999962,4.369999886,5.420000076,5.659999847
2018/3/18,11.77999973,6.589999676,1.620000005,0.280000001,0.229999989,11.64999962,4.170000076,1.309999943,1.329999924,1.620000005,11.89999962,4.190000057,1.809999943,2.609999895,3.069999933,12.59999943,5.139999866,2.450000048,3.970000029,4.519999981,13.61999989,8.260000229,4.769999981,5.670000076,5.799999714
2018/3/25,12.07999992,7.329999924,2.700000048,1.449999928,1.429999948,11.98999977,5.099999905,2.450000048,2.329999924,2.589999914,12.25,5.170000076,2.950000048,3.569999933,4.019999981,12.94999981,6.039999962,3.549999952,4.929999828,5.46999979,13.93999958,9.029999733,5.819999695,6.659999847,6.829999924
2018/4/1,12.97999954,8.25,3.549999952,2.220000029,2.220000029,12.88999939,6,3.319999933,3.220000029,3.399999857,13.15999985,6.039999962,3.799999952,4.289999962,4.619999886,13.88000011,6.920000076,4.349999905,5.460000038,5.869999886,14.89999962,9.969999313,6.460000038,7.039999962,7.079999924
2018/4/8,13.10999966,8.829999924,4.429999828,3.049999952,3.029999971,13.05999947,6.789999962,4.339999676,4.170000076,4.259999752,13.32999992,6.819999695,4.759999752,5.139999866,5.369999886,14.02999973,7.619999886,5.199999809,6.170000076,6.460000038,15.02999973,10.5,7.159999847,7.619999886,7.579999924
2018/4/15,13.56999969,9.630000114,5.46999979,4.089999676,4.079999924,13.54999924,7.779999733,5.509999752,5.199999809,5.259999752,13.85999966,7.819999695,5.909999847,6.179999828,6.349999905,14.52999973,8.550000191,6.279999733,7.159999847,7.389999866,15.5,11.31999969,8.130000114,8.539999962,8.470000267
2018/4/22,14.05999947,10.73999977,7.179999828,5.869999886,5.759999752,14.13999939,9.260000229,7.339999676,7.039999962,7,14.46000004,9.349999428,7.75,8.039999962,8.119999886,15.11999989,10.03999996,8.099999428,9.029999733,9.159999847,16.03999901,12.53999996,9.909999847,10.39999962,10.2699995
2018/4/29,14.63999939,11.81999969,8.659999847,7.319999695,7.079999924,14.77999973,10.64999962,9.010000229,8.5,8.289999962,15.13000011,10.77999973,9.38999939,9.489999771,9.380000114,15.7699995,11.40999985,9.710000038,10.43999958,10.40999985,16.64999962,13.65999985,11.35999966,11.77999973,11.5
2018/5/6,14.63999939,12.42000008,9.909999847,8.619999886,8.5,14.86999989,11.65999985,10.40999985,9.960000038,9.739999771,15.22999954,11.81999969,10.75,10.82999992,10.71000004,15.81999969,12.34999943,10.98999977,11.61999989,11.59999943,16.62999916,14.21999931,12.38999939,12.77999973,12.52999973
2018/5/13,15.59999943,13.77999973,11.63999939,10.43999958,10.2699995,15.89999962,13.27999973,12.21000004,11.69999981,11.36999989,16.35000038,13.56999969,12.71000004,12.72999954,12.44999981,16.96999931,14.18999958,13.14999962,13.63999939,13.46999931,17.77000046,15.93999958,14.5199995,14.89999962,14.52999973
2018/5/20,16.95999908,15.5199995,13.60999966,12.06999969,11.77999973,17.34000015,15.36999989,14.63000011,13.80999947,13.31999969,17.77999878,15.59999943,14.94999981,14.71000004,14.2699995,18.35000038,15.97999954,15.07999992,15.38999939,15.03999996,19.05999947,17.32999992,16.02999878,16.29999924,15.77999973
2018/5/27,17.60000038,17.06999969,16.02000046,14.56999969,14.39999962,18.10000038,17.45999908,17.23999977,16.42000008,15.84999943,18.59000015,17.78999901,17.60000038,17.35000038,16.82999992,19.1099987,18.09000015,17.70999908,17.94999886,17.52000046,19.68999863,18.8599987,18.34000015,18.62999916,18.10000038
2018/6/3,18.44999886,17.96999931,16.94999886,15.55999947,15.40999985,18.92000008,18.32999992,18.1099987,17.26000023,16.88999939,19.36999893,18.62999916,18.43000031,18.31999969,17.98999977,19.8599987,18.93000031,18.56999969,19.02000046,18.80999947,20.40999985,19.68999863,19.32999992,19.72999954,19.45999908
2018/6/10,18.71999931,18.54999924,18.02000046,17.02999878,16.95999908,19.18999863,19,18.98999977,18.11999893,17.79999924,19.61999893,19.18000031,19.06999969,18.88999939,18.62999916,20.06999969,19.3599987,19.05999947,19.36999893,19.23999977,20.57999992,20.02999878,19.69999886,19.95999908,19.75
2018/6/17,18.43000031,18.73999977,18.85000038,18.25,18.26000023,18.95999908,19.38999939,19.63999939,18.89999962,18.69999886,19.39999962,19.52000046,19.57999992,19.38999939,19.25,19.82999992,19.61999893,19.47999954,19.70999908,19.68999863,20.31999969,20.12999916,20.02999878,20.23999977,20.13999939
2018/6/24,19.62999916,20.60000038,21.54999924,21.40999985,21.35000038,20.22999954,21.54999924,22.17000008,21.54999924,21.15999985,20.68999863,21.62999916,21.94999886,21.53999901,21.18000031,21.07999992,21.52999878,21.6099987,21.44999886,21.18999863,21.5,21.68000031,21.73999977,21.67000008,21.34000015
2018/7/1,19.76000023,21.12999916,22.52999878,22.61999893,22.46999931,20.37999916,22.25,23.07999992,22.45999908,22.14999962,20.84000015,22.31999969,22.79999924,22.40999985,22.10000038,21.18999863,22.19999886,22.48999977,22.32999992,22.1099987,21.56999969,22.18000031,22.55999947,22.53999901,22.32999992
2018/7/8,19.47999954,20.80999947,22.03999901,21.87999916,21.65999985,20.1099987,22,22.77999878,22.02999878,21.64999962,20.59000015,22.22999954,22.75,22.22999954,21.8599987,20.95999908,22.27999878,22.73999977,22.48999977,22.19999886,21.34000015,22.26999855,22.92000008,23,22.76000023
2018/7/15,19.79999924,21.6099987,23.39999962,23.51999855,23.35000038,20.48999977,23.01000023,24.03999901,23.5,23.14999962,20.97999954,23.26000023,23.98999977,23.53999901,23.22999954,21.34000015,23.22999954,23.88999939,23.65999985,23.45999908,21.67000008,23,23.93999863,24.03999901,23.93000031
2018/7/22,20.28999901,22.21999931,24.23999977,24.63999939,24.79999924,20.97999954,23.60000038,24.64999962,24.52999878,24.5,21.47999954,23.81999969,24.54999924,24.48999977,24.47999954,21.84000015,23.79999924,24.46999931,24.52999878,24.6099987,22.19999886,23.62999916,24.64999962,24.79999924,24.97999954
2018/7/29,20.82999992,23.6099987,26.52999878,27.15999985,27.19999886,21.64999962,25.48999977,27.01999855,27.03999901,26.90999985,22.19999886,25.76999855,26.89999962,26.87999916,26.75,22.52999878,25.62999916,26.71999931,26.76000023,26.68999863,22.79999924,25.01000023,26.67000008,26.86999893,26.84999847
2018/8/5,21.1099987,24.09000015,27.17000008,27.76999855,27.77999878,21.97999954,26.12999916,27.72999954,27.80999947,27.75,22.57999992,26.6099987,27.88999939,27.97999954,27.93000031,22.93999863,26.62999916,28,28.14999962,28.15999985,23.18999863,25.87999916,28.02999878,28.44999886,28.51999855
2018/8/12,20.88999939,23.62999916,26.36999893,26.81999969,26.84000015,21.73999977,25.53999901,26.96999931,27.06999969,27.1099987,22.34000015,26.09999847,27.26999855,27.57999992,27.64999962,22.72999954,26.26000023,27.59000015,28.12999916,28.27999878,23.02999878,25.71999931,28.01999855,28.77999878,28.95999908
2018/8/19,20.32999992,22.70999908,25.03999901,25.38999939,25.21999931,21.1099987,24.38999939,25.63999939,25.25,25.07999992,21.67000008,24.81999969,25.78999901,25.55999947,25.46999931,22.04999924,24.93999863,26,26.04999924,26.07999992,22.37999916,24.56999969,26.29999924,26.80999947,26.84999847
2018/8/26,19.92000008,22.34000015,24.69999886,25.01999855,24.82999992,20.68000031,24.04999924,25.34000015,24.89999962,24.56999969,21.22999954,24.45999908,25.45999908,25.06999969,24.80999947,21.59000015,24.55999947,25.63999939,25.47999954,25.35000038,21.90999985,24.14999962,25.81999969,26.18000031,26.09999847
2018/9/2,20,22.42000008,24.76000023,25.02999878,24.81999969,20.77000046,24.14999962,25.43000031,25.01999855,24.61999893,21.32999992,24.59000015,25.59999847,25.22999954,24.88999939,21.69999886,24.68999863,25.78999901,25.65999985,25.45999908,22.02000046,24.29999924,25.98999977,26.31999969,26.21999931
2018/9/9,19.44999886,21.72999954,23.93000031,24.10000038,23.92000008,20.20999908,23.42000008,24.64999962,24.21999931,23.85000038,20.75,23.8599987,24.84000015,24.48999977,24.15999985,21.1099987,23.97999954,25.04999924,24.93999863,24.76000023,21.39999962,23.54999924,25.22999954,25.61999893,25.53999901
2018/9/16,19.44999886,21.43999863,23.31999969,23.42000008,23.35000038,20.15999985,22.93999863,24,23.59000015,23.35000038,20.68999863,23.32999992,24.15999985,23.90999985,23.73999977,21.05999947,23.44999886,24.31999969,24.37999916,24.38999939,21.38999939,23.18999863,24.60000038,25.01999855,25.15999985
2018/9/23,19.07999992,20.60000038,22.02999878,22.03999901,21.93999863,19.72999954,21.84000015,22.64999962,22.22999954,21.96999931,20.22999954,22.20999908,22.81999969,22.57999992,22.38999939,20.6099987,22.36999893,23.01999855,23.10000038,23.09000015,20.98999977,22.34000015,23.42000008,23.82999992,23.92000008
2018/9/30,18.64999962,19.76000023,20.80999947,20.77999878,20.56999969,19.23999977,20.75,21.35000038,20.86999893,20.51000023,19.70999908,21.03999901,21.43999863,21.13999939,20.84000015,20.11999893,21.20999908,21.59000015,21.62999916,21.5,20.52999878,21.35000038,22.02000046,22.37999916,22.34000015
2018/10/7,18.19999886,18.96999931,19.70999908,19.64999962,19.42000008,18.73999977,19.75,20.15999985,19.70999908,19.27000046,19.19999886,19.97999954,20.20999908,19.92000008,19.51000023,19.60000038,20.15999985,20.35000038,20.37999916,20.11999893,20.02999878,20.43999863,20.79999924,21.12999916,20.93999863
2018/10/14,17.22999954,17.88999939,18.54999924,18.5,18.34000015,17.76000023,18.6099987,18.93999863,18.60000038,18.20999908,18.19999886,18.88999939,19.10000038,18.88999939,18.52000046,18.6099987,19.13999939,19.35000038,19.44999886,19.18999863,19.02999878,19.43000031,19.8599987,20.27999878,20.09000015
2018/10/21,16.64999962,16.95999908,17.34000015,17.31999969,17.22999954,17.14999962,17.48999977,17.61999893,17.38999939,17.14999962,17.60000038,17.78999901,17.85000038,17.77999878,17.56999969,18.02999878,18.10000038,18.14999962,18.40999985,18.32999992,18.5,18.52999878,18.77999878,19.27999878,19.26000023
2018/10/28,16.05999947,15.96000004,16.03999901,16.06999969,16.02999878,16.52000046,16.27000046,16.15999985,16.07999992,15.88000011,16.96999931,16.60000038,16.47999954,16.52000046,16.34000015,17.44999886,17.02000046,16.92000008,17.25,17.17000008,17.95999908,17.64999962,17.68000031,18.21999931,18.15999985
2018/11/4,14.92000008,14.81999969,14.96999931,15.13000011,15.22999954,15.38999939,15.10999966,14.93999958,15.09999943,15.05999947,15.86999989,15.52999973,15.39999962,15.63999939,15.63000011,16.36999893,16.05999947,16.02999878,16.54999924,16.6099987,16.92000008,16.77000046,17,17.69000053,17.73999977
2018/11/11,15.04999924,14.28999996,13.78999996,13.80999947,13.82999992,15.44999981,14.18999958,13.67000008,13.90999985,13.90999985,15.88999939,14.52999973,14.09999943,14.43999958,14.43999958,16.44000053,15.06999969,14.63999939,15.29999924,15.38999939,17.04999924,16.07999992,15.71999931,16.43000031,16.44999886
2018/11/18,14.19999981,13.18999958,12.44999981,12.43999958,12.48999977,14.54999924,12.94999981,12.27999973,12.52999973,12.59999943,14.98999977,13.29999924,12.77999973,13.15999985,13.25,15.52999973,13.90999985,13.40999985,14.14999962,14.30999947,16.14999962,15,14.57999992,15.38999939,15.46000004
2018/11/25,13.75,12.2699995,11.06999969,11.03999996,11.21000004,14.03999996,11.69999981,10.73999977,11.13999939,11.39999962,14.44999981,12,11.22999954,11.80999947,12.09999943,15,12.65999985,11.88999939,12.82999992,13.17000008,15.65999985,14.03999996,13.21999931,14.04999924,14.28999996
2018/12/2,13.46000004,11.27999973,9.380000114,9.239999771,9.5,13.63999939,10.28999996,8.909999847,9.529999733,9.909999847,14.03999996,10.63999939,9.539999962,10.28999996,10.71000004,14.63999939,11.44999981,10.32999992,11.39999962,11.86999989,15.39999962,13.21000004,11.90999985,12.72999954,13.0199995
2018/12/9,13.19999981,10.57999992,8.300000191,8.099999428,8.279999733,13.32999992,9.340000153,7.759999752,8.25,8.630000114,13.68999958,9.569999695,8.25,8.949999809,9.380000114,14.29999924,10.32999992,8.920000076,9.989999771,10.47999954,15.07999992,12.2699995,10.53999996,11.32999992,11.57999992
2018/12/16,12.32999992,9.529999733,7.079999924,6.829999924,6.96999979,12.44999981,8.220000267,6.549999714,7.099999905,7.5,12.77999973,8.470000267,7.119999886,7.879999638,8.329999924,13.38999939,9.279999733,7.849999905,9.029999733,9.5,14.14999962,11.23999977,9.539999962,10.44999981,10.68999958
2018/12/23,11.28999996,8.289999962,5.599999905,5.210000038,5.319999695,11.35999966,6.909999847,5.130000114,5.599999905,5.989999771,11.68999958,7.239999771,5.829999924,6.539999962,7,12.27999973,8.130000114,6.71999979,7.829999924,8.340000153,13.05999947,10.13999939,8.470000267,9.409999847,9.670000076
2018/12/30,10.98999977,7.579999924,4.409999847,3.819999933,3.949999809,10.98999977,5.960000038,3.929999828,4.409999847,4.849999905,11.28999996,6.199999809,4.589999676,5.409999847,5.960000038,11.89999962,7.079999924,5.409999847,6.739999771,7.349999905,12.69999981,9.289999962,7.259999752,8.279999733,8.630000114
2019/1/6,11.5199995,7.539999962,3.75999999,2.99000001,3.049999952,11.47999954,5.619999886,3.279999971,3.74000001,4.139999866,11.7699995,5.849999905,3.99000001,4.889999866,5.420000076,12.42000008,6.829999924,4.839999676,6.319999695,6.879999638,13.30999947,9.340000153,6.869999886,7.869999886,8.159999847
2019/1/13,10.44999981,6.369999886,2.529999971,1.699999928,1.779999971,10.39999962,4.460000038,2.099999905,2.50999999,2.929999828,10.67000008,4.71999979,2.869999886,3.779999971,4.369999886,11.30999947,5.710000038,3.799999952,5.329999924,6,12.15999985,8.179999352,5.889999866,7.039999962,7.409999847
2019/1/20,9.63999939,5.75,2.079999924,1.149999976,1.139999986,9.590000153,4.009999752,1.799999952,2.079999924,2.470000029,9.869999886,4.299999714,2.549999952,3.470000029,4.039999962,10.46000004,5.25,3.49000001,5.089999676,5.75,11.23999977,7.529999733,5.549999714,6.839999676,7.199999809
2019/1/27,10.11999989,5.889999866,1.889999986,0.810000002,0.769999981,10.06999969,4.019999981,1.639999986,1.819999933,2.200000048,10.35999966,4.329999924,2.470000029,3.349999905,3.949999809,10.98999977,5.349999905,3.449999809,5.130000114,5.829999924,11.80999947,7.779999733,5.629999638,6.96999979,7.409999847
2019/2/3,10.94999981,6,1.299999952,0.099999994,0.099999994,10.82999992,3.720000029,0.939999998,1.100000024,1.49000001,11.11999989,3.970000029,1.74000001,2.639999866,3.25999999,11.81999969,5.059999943,2.74000001,4.440000057,5.179999828,12.75,7.889999866,5.089999676,6.349999905,6.789999962
2019/2/10,11,6,1.199999928,-0.07,-0.129999995,10.88999939,3.720000029,0.930000007,1.029999971,1.370000005,11.15999985,3.949999809,1.719999909,2.599999905,3.159999847,11.86999989,5.049999714,2.700000048,4.380000114,5.079999924,12.80999947,7.889999866,5.009999752,6.21999979,6.579999924
2019/2/17,11.15999985,6.139999866,1.409999967,0.119999997,0.109999999,11.05999947,3.909999847,1.169999957,1.309999943,1.639999986,11.32999992,4.099999905,1.889999986,2.799999952,3.349999905,12.0199995,5.139999866,2.779999971,4.46999979,5.139999866,12.94999981,7.949999809,5.039999962,6.210000038,6.539999962
2019/2/24,11.71000004,6.379999638,1.329999924,-0.119999997,-0.149999991,11.60999966,4.039999962,1.129999995,1.25999999,1.529999971,11.88999939,4.230000019,1.889999986,2.879999876,3.349999905,12.60999966,5.299999714,2.799999952,4.630000114,5.210000038,13.57999992,8.260000229,5.199999809,6.420000076,6.699999809
2019/3/3,12.19999981,7.119999886,2.24000001,0.789999962,0.769999981,12.11999989,4.880000114,2.119999886,2.159999847,2.389999866,12.40999985,5.049999714,2.799999952,3.699999809,4.119999886,13.11999989,6.049999714,3.609999895,5.299999714,5.869999886,14.09999943,8.949999809,5.909999847,7.029999733,7.210000038
2019/3/10,12.21000004,7.339999676,2.609999895,1.169999957,1.199999928,12.14999962,5.179999828,2.49000001,2.549999952,2.779999971,12.44999981,5.389999866,3.220000029,4.059999943,4.46999979,13.15999985,6.420000076,4.049999714,5.670000076,6.179999828,14.13999939,9.319999695,6.369999886,7.419999599,7.569999695
2019/3/17,12.84999943,8.279999733,3.74000001,2.319999933,2.25999999,12.80999947,6.239999771,3.699999809,3.589999914,3.699999809,13.11999989,6.379999638,4.299999714,4.929999828,5.199999809,13.79999924,7.289999962,4.940000057,6.319999695,6.670000076,14.77999973,10.07999992,7.069999695,7.909999847,7.909999847
2019/3/24,13.03999996,8.949999809,4.929999828,3.609999895,3.529999971,13.06999969,7.210000038,4.96999979,4.71999979,4.769999981,13.38000011,7.329999924,5.46999979,5.920000076,6.099999905,14.03999996,8.130000114,6.009999752,7.159999847,7.409999847,14.96000004,10.69999981,7.909999847,8.630000114,8.550000191
2019/3/31,13.11999989,9.63999939,6.170000076,4.839999676,4.799999714,13.21999931,8.279999733,6.379999638,6.239999771,6.199999809,13.54999924,8.449999809,6.909999847,7.339999676,7.409999847,14.18999958,9.179999352,7.389999866,8.420000076,8.539999962,15.03999996,11.43999958,9.090000153,9.699999809,9.5
2019/4/7,13.78999996,10.23999977,6.589999676,5.259999752,5.21999979,13.86999989,8.739999771,6.759999752,6.489999771,6.420000076,14.18999958,8.829999924,7.159999847,7.5,7.489999771,14.84999943,9.539999962,7.579999924,8.470000267,8.5,15.73999977,11.96000004,9.279999733,9.719999313,9.449999809
2019/4/14,13.46999931,10.32999992,7.119999886,5.960000038,6.009999752,13.56999969,9.010000229,7.25,6.989999771,6.960000038,13.90999985,9.13999939,7.659999847,7.949999809,7.960000038,14.53999996,9.829999924,8.079999924,8.880000114,8.929999352,15.38999939,12.07999992,9.710000038,10.15999985,9.909999847
2019/4/21,14.54999924,11.82999992,9.090000153,8.159999847,8.130000114,14.71000004,10.69999981,9.25,8.630000114,8.579999924,15.0199995,10.60999966,9.220000267,9.13999939,9.13999939,15.60999966,11,9.210000038,9.719999313,9.779999733,16.44000053,13.11999989,10.57999992,10.77999973,10.56999969
2019/4/28,14.67000008,12.27999973,9.75,8.630000114,8.539999962,14.88999939,11.40999985,10.11999989,9.5,9.329999924,15.23999977,11.47999954,10.31999969,10.17000008,10.03999996,15.81999969,11.94999981,10.46000004,10.90999985,10.85999966,16.63999939,13.85999966,11.77999973,12.06999969,11.81999969
2019/5/5,14.88000011,13.21000004,11.27999973,10.13000011,9.909999847,15.17000008,12.80999947,11.88999939,11.17000008,10.69999981,15.57999992,13.02999973,12.23999977,11.93999958,11.47999954,16.14999962,13.52999973,12.53999996,12.69999981,12.27999973,16.86999893,15.04999924,13.63000011,13.84999943,13.22999954
2019/5/12,15.28999996,13.7699995,11.98999977,10.97999954,10.86999989,15.60999966,13.38999939,12.53999996,11.73999977,11.40999985,16.02000046,13.54999924,12.77999973,12.48999977,12.19999981,16.57999992,13.98999977,12.98999977,13.2699995,13.05999947,17.30999947,15.5199995,14.11999989,14.38999939,14.06999969
2019/5/19,15.48999977,14.52999973,13.35999966,12.5,12.38999939,15.88999939,14.46999931,13.96000004,13.27999973,12.90999985,16.31999969,14.67000008,14.17000008,13.97999954,13.63999939,16.85000038,15.04999924,14.32999992,14.68999958,14.43999958,17.52000046,16.29999924,15.38999939,15.71000004,15.35999966
2019/5/26,15.98999977,15.90999985,15.72999954,15.21999931,15.03999996,16.46999931,16.29999924,16.34000015,15.64999962,15.18999958,16.87999916,16.29999924,16.12999916,15.86999989,15.42000008,17.32999992,16.32999992,15.82999992,16.07999992,15.72999954,17.88999939,17.17000008,16.53999901,16.69000053,16.25
2019/6/2,17.32999992,17.3599987,17.14999962,16.47999954,16.18000031,17.82999992,17.81999969,17.89999962,17.12999916,16.54999924,18.26000023,17.8599987,17.75,17.30999947,16.75,18.70999908,17.90999985,17.5,17.44999886,17,19.26000023,18.63999939,17.98999977,17.97999954,17.44999886
2019/6/9,18.32999992,18.69999886,18.88999939,18.35000038,18.02999878,18.8599987,19.37999916,19.67000008,18.81999969,18.19999886,19.29999924,19.45999908,19.54999924,19.05999947,18.45999908,19.70999908,19.47999954,19.29999924,19.20999908,18.70999908,20.20999908,19.95999908,19.67000008,19.68000031,19.14999962
2019/6/16,19.07999992,19.59000015,20.03999901,19.70999908,19.52000046,19.61999893,20.30999947,20.67000008,20.03999901,19.45999908,20.04999924,20.38999939,20.52000046,20.14999962,19.57999992,20.45999908,20.39999962,20.30999947,20.20999908,19.75,20.92000008,20.79999924,20.61999893,20.62999916,20.13999939
2019/6/23,19.31999969,20.20999908,21.10000038,20.97999954,20.93999863,19.90999985,21.11999893,21.68000031,21.13999939,20.77000046,20.36999893,21.26000023,21.54999924,21.25,20.88999939,20.77000046,21.26000023,21.38999939,21.35000038,21.10000038,21.19999886,21.46999931,21.64999962,21.73999977,21.51000023
2019/6/30,19.70999908,20.62999916,21.52000046,21.48999977,21.43999863,20.30999947,21.48999977,21.97999954,21.64999962,21.32999992,20.78999901,21.71999931,22.02000046,21.85000038,21.53999901,21.20999908,21.84000015,22.02999878,22.09000015,21.87999916,21.65999985,22.07999992,22.38999939,22.57999992,22.40999985
2019/7/7,20.20999908,21.60000038,23.01999855,23.12999916,22.90999985,20.86999893,22.75,23.52999878,23.14999962,22.68000031,21.3599987,22.94999886,23.45999908,23.26999855,22.81999969,21.75,22.95999908,23.3599987,23.43000031,23.1099987,22.13999939,22.92000008,23.56999969,23.81999969,23.55999947
2019/7/14,20.44999886,22.69999886,25.02999878,25.38999939,25.23999977,21.18000031,24.28999901,25.59000015,25.44999886,25.06999969,21.67000008,24.44999886,25.34000015,25.29999924,24.95999908,21.98999977,24.25,25.01000023,25.13999939,24.93000031,22.26000023,23.75,24.93000031,25.1099987,24.95999908
2019/7/21,20.32999992,23.22999954,26.21999931,26.82999992,26.67000008,21.11999893,25.13999939,26.73999977,26.80999947,26.31999969,21.63999939,25.38999939,26.56999969,26.6099987,26.1099987,21.92000008,25.19999886,26.3599987,26.37999916,25.95999908,22.11999893,24.37999916,26.1099987,26.27999878,25.87999916
2019/7/28,20.11999893,23.18999863,26.30999947,26.93999863,26.78999901,20.92000008,25.17000008,26.84999847,26.80999947,26.40999985,21.43999863,25.43999863,26.68999863,26.64999962,26.22999954,21.70999908,25.26000023,26.51999855,26.5,26.13999939,21.88999939,24.37999916,26.26999855,26.45999908,26.14999962
2019/8/4,20.26000023,23.07999992,26.09000015,26.90999985,26.90999985,21.05999947,24.92000008,26.40999985,26.54999924,26.39999962,21.6099987,25.28999901,26.43000031,26.63999939,26.5,21.93999863,25.27999878,26.51000023,26.79999924,26.72999954,22.18999863,24.63999939,26.61999893,27.04999924,27.05999947
2019/8/11,20.30999947,22.55999947,25.14999962,26.05999947,26.19999886,21.02999878,24.02999878,25.22999954,25.39999962,25.40999985,21.54999924,24.29999924,25.14999962,25.28999901,25.32999992,21.90999985,24.31999969,25.18000031,25.39999962,25.53999901,22.22999954,24.01999855,25.42000008,25.76000023,25.93000031
2019/8/18,20.06999969,22.26999855,24.69999886,25.46999931,25.56999969,20.77999878,23.72999954,24.8599987,25.06999969,25.07999992,21.30999947,24.06999969,24.93000031,25.01000023,25.04999924,21.67000008,24.14999962,25.04999924,25.20999908,25.34000015,22,23.86999893,25.30999947,25.68000031,25.81999969
2019/8/25,20.17000008,22.06999969,24.18000031,24.78999901,24.81999969,20.8599987,23.40999985,24.39999962,24.47999954,24.43999863,21.37999916,23.73999977,24.47999954,24.47999954,24.47999954,21.76000023,23.85000038,24.6099987,24.73999977,24.82999992,22.1099987,23.67000008,24.92000008,25.28999901,25.40999985
2019/9/1,20.09000015,21.93999863,23.95999908,24.44999886,24.35000038,20.77000046,23.26999855,24.27999878,24.23999977,24.01999855,21.26000023,23.5,24.19999886,24.05999947,23.86999893,21.61999893,23.47999954,24.12999916,24.09000015,23.98999977,21.94999886,23.23999977,24.21999931,24.42000008,24.35000038
2019/9/8,20.57999992,22.34000015,24.13999939,24.37999916,24.28999901,21.28999901,23.68999863,24.6099987,24.61999893,24.27999878,21.82999992,24.1099987,24.82999992,24.76000023,24.38999939,22.22999954,24.26000023,25.01999855,25.01999855,24.67000008,22.60000038,24.03999901,25.18000031,25.43999863,25.11999893
2019/9/15,20.43000031,21.77000046,23.09000015,23.18999863,23.01000023,21.09000015,22.89999962,23.55999947,23.40999985,23.01999855,21.61999893,23.35000038,23.88999939,23.75,23.29999924,22.04999924,23.6099987,24.21999931,24.19999886,23.77999878,22.45999908,23.61999893,24.54999924,24.84000015,24.43999863
2019/9/22,19.75,20.94999886,22.17000008,22.18999863,22.05999947,20.3599987,22.02999878,22.68000031,22.46999931,22.14999962,20.85000038,22.38999939,22.87999916,22.78999901,22.40999985,21.23999977,22.55999947,23.06999969,23.18999863,22.84000015,21.61999893,22.55999947,23.40999985,23.76000023,23.43000031
2019/9/29,19.31999969,20.35000038,21.37999916,21.3599987,21.27000046,19.93999863,21.34000015,21.8599987,21.71999931,21.39999962,20.45999908,21.73999977,22.15999985,22.12999916,21.76000023,20.88999939,22,22.44999886,22.6099987,22.26999855,21.30999947,22.1099987,22.8599987,23.26000023,22.92000008
2019/10/6,18.8599987,19.38999939,19.95999908,19.94999886,19.95999908,19.42000008,20.07999992,20.27999878,20.26000023,20.11999893,19.93000031,20.55999947,20.75,20.87999916,20.68000031,20.42000008,20.98999977,21.27000046,21.6099987,21.43000031,20.90999985,21.39999962,21.96999931,22.51999855,22.30999947
2019/10/13,17.96999931,18.19999886,18.48999977,18.44999886,18.40999985,18.5,18.71999931,18.73999977,18.69999886,18.53999901,19.01000023,19.18000031,19.22999954,19.31999969,19.1099987,19.51000023,19.65999985,19.78999901,20.13999939,19.93999863,20.02999878,20.19999886,20.56999969,21.17000008,20.92000008
2019/10/20,17.12999916,17.21999931,17.43000031,17.44000053,17.47999954,17.64999962,17.64999962,17.57999992,17.63999939,17.6099987,18.17000008,18.15999985,18.14999962,18.35000038,18.27000046,18.69000053,18.71999931,18.81999969,19.29999924,19.22999954,19.23999977,19.3599987,19.75,20.43999863,20.29999924
2019/10/27,15.90999985,15.90999985,16.09000015,16.11999893,16.09000015,16.43000031,16.31999969,16.22999954,16.25,16.17000008,16.93000031,16.76000023,16.70999908,16.8599987,16.73999977,17.44999886,17.26000023,17.27999878,17.75,17.62999916,17.98999977,17.90999985,18.18000031,18.8599987,18.64999962
2019/11/3,15.48999977,15.19999981,15.02999973,14.96999931,14.92000008,15.97999954,15.40999985,15.11999989,15.25,15.14999962,16.5,15.94999981,15.7699995,16.04999924,15.90999985,17.04999924,16.57999992,16.52000046,17.13999939,17.02000046,17.62999916,17.38999939,17.6099987,18.43000031,18.20999908
2019/11/10,15.04999924,14.39999962,13.96999931,13.93999958,13.93999958,15.46999931,14.39999962,13.93999958,14.10999966,14.09999943,15.94999981,14.84999943,14.48999977,14.84999943,14.79999924,16.5,15.46999931,15.18999958,15.88999939,15.86999989,17.10000038,16.44000053,16.34000015,17.15999985,17.01000023
2019/11/17,14.54999924,13.60999966,12.82999992,12.73999977,12.78999996,14.93999958,13.40999985,12.73999977,12.97999954,13.0199995,15.38999939,13.86999989,13.38000011,13.79999924,13.79999924,15.96000004,14.55999947,14.14999962,14.92000008,14.94999981,16.60000038,15.68999958,15.39999962,16.26000023,16.12999916
2019/11/24,13.88999939,12.48999977,11.23999977,11.10999966,11.17000008,14.19999981,11.98999977,11.03999996,11.34999943,11.44999981,14.63999939,12.42000008,11.69999981,12.19999981,12.28999996,15.21000004,13.17000008,12.52999973,13.39999962,13.47999954,15.88999939,14.5,13.88999939,14.78999996,14.69999981
2019/12/1,12.96000004,11.07999992,9.409999847,9.159999847,9.220000267,13.19999981,10.32999992,9.119999886,9.619999886,9.75,13.60999966,10.75,9.840000153,10.56999969,10.67000008,14.18999958,11.59999943,10.75,11.86999989,11.97999954,14.88999939,13.11999989,12.32999992,13.36999989,13.28999996
2019/12/8,11.73999977,9.590000153,7.669999599,7.369999886,7.460000038,11.90999985,8.699999809,7.349999905,7.829999924,8.079999924,12.27999973,9.130000114,8.119999886,8.920000076,9.179999352,12.86999989,10.03999996,9.119999886,10.39999962,10.65999985,13.54999924,11.65999985,10.85999966,12.02999973,12.07999992
2019/12/15,11.80999947,9.119999886,6.619999886,6.21999979,6.329999924,11.90999985,7.869999886,6.199999809,6.779999733,7.069999695,12.2699995,8.239999771,6.929999828,7.829999924,8.159999847,12.86999989,9.159999847,7.879999638,9.289999962,9.590000153,13.63999939,11.09999943,9.75,10.89999962,10.96000004
2019/12/22,11.19999981,8.159999847,5.380000114,4.920000076,5.089999676,11.2699995,6.759999752,4.929999828,5.549999714,5.96999979,11.60999966,7.139999866,5.71999979,6.710000038,7.170000076,12.21000004,8.099999428,6.71999979,8.239999771,8.699999809,12.98999977,10.13999939,8.699999809,9.929999352,10.09000015
2019/12/29,10.94999981,7.409999847,4.059999943,3.409999847,3.50999999,10.94999981,5.739999771,3.589999914,4.130000114,4.589999676,11.27999973,6.139999866,4.509999752,5.489999771,6,11.92000008,7.21999979,5.629999638,7.199999809,7.710000038,12.75,9.529999733,7.789999962,9.069999695,9.25
2020/1/5,10.97999954,7,3.179999828,2.299999952,2.299999952,10.94999981,5.159999847,2.799999952,3.179999828,3.569999933,11.28999996,5.579999924,3.779999971,4.630000114,5.139999866,11.94999981,6.710000038,4.960000038,6.420000076,6.960000038,12.81999969,9.13999939,7.089999676,8.369999886,8.569999695
2020/1/12,10.30999947,6.460000038,2.720000029,1.719999909,1.639999986,10.28999996,4.75,2.49000001,2.74000001,3.049999952,10.61999989,5.199999809,3.50999999,4.339999676,4.799999714,11.25,6.299999714,4.679999828,6.259999752,6.759999752,12.06999969,8.590000153,6.829999924,8.220000267,8.409999847
2020/1/19,10.78999996,6.789999962,2.819999933,1.529999971,1.449999928,10.78999996,5.089999676,2.799999952,2.779999971,3.129999876,11.11999989,5.5,3.75999999,4.509999752,5.019999981,11.75,6.579999924,4.869999886,6.46999979,7.039999962,12.57999992,8.880000114,6.989999771,8.38999939,8.63999939
2020/1/26,10.73999977,6.789999962,2.779999971,1.329999924,1.129999995,10.75,5.159999847,2.909999847,2.75999999,2.950000048,11.07999992,5.579999924,3.869999886,4.639999866,5.019999981,11.71000004,6.629999638,4.960000038,6.659999847,7.159999847,12.5199995,8.880000114,7.119999886,8.590000153,8.789999962
2020/2/2,9.659999847,5.579999924,1.529999971,0.189999998,0.170000002,9.599999428,3.819999933,1.549999952,1.49000001,1.809999943,9.869999886,4.089999676,2.299999952,3.159999847,3.699999809,10.47999954,5.079999924,3.24000001,5.039999962,5.71999979,11.2699995,7.409999847,5.460000038,6.889999866,7.259999752
2020/2/9,9.719999313,5.579999924,1.449999928,0,-0.209999993,9.679999352,3.859999895,1.579999924,1.350000024,1.529999971,9.960000038,4.139999866,2.349999905,3.069999933,3.50999999,10.57999992,5.130000114,3.299999952,5,5.599999905,11.36999989,7.489999771,5.5,6.909999847,7.210000038
2020/2/16,9.869999886,5.599999905,1.24000001,-0.319999993,-0.529999971,9.819999695,3.75999999,1.389999986,1.110000014,1.25999999,10.07999992,4.009999752,2.119999886,2.819999933,3.220000029,10.69999981,5.009999752,3.029999971,4.710000038,5.289999962,11.53999996,7.5,5.289999962,6.619999886,6.929999828
2020/2/23,10.69999981,6.239999771,1.620000005,0,-0.119999997,10.61999989,4.25,1.719999909,1.50999999,1.659999967,10.89999962,4.509999752,2.50999999,3.24000001,3.629999876,11.56999969,5.579999924,3.470000029,5.099999905,5.679999828,12.47999954,8.260000229,5.789999962,7.039999962,7.339999676
2020/3/1,11.07999992,6.529999733,1.829999924,0.170000002,0,11.0199995,4.519999981,1.99000001,1.699999928,1.779999971,11.28999996,4.75,2.700000048,3.339999914,3.649999857,11.96000004,5.75,3.549999952,5.089999676,5.579999924,12.89999962,8.5,5.829999924,6.960000038,7.159999847
2020/3/8,11.14999962,6.96999979,2.659999847,1.049999952,0.870000005,11.10999966,5.179999828,2.879999876,2.529999971,2.549999952,11.38999939,5.349999905,3.470000029,4.009999752,4.21999979,12.02999973,6.21999979,4.159999847,5.539999962,5.949999809,12.90999985,8.829999924,6.259999752,7.21999979,7.339999676
2020/3/15,11.60999966,7.239999771,2.75999999,1.169999957,1.110000014,11.55999947,5.299999714,2.879999876,2.649999857,2.74000001,11.82999992,5.46999979,3.49000001,4.049999714,4.309999943,12.5,6.379999638,4.179999828,5.509999752,5.929999828,13.43999958,9.130000114,6.319999695,7.170000076,7.319999695
2020/3/22,12.35999966,8.5,4.549999714,3.129999876,3.109999895,12.36999989,6.869999886,4.71999979,4.509999752,4.589999676,12.69999981,7.049999714,5.319999695,5.819999695,6.039999962,13.32999992,7.879999638,5.920000076,7.119999886,7.449999809,14.22999954,10.38999939,7.869999886,8.630000114,8.670000076
2020/3/29,12.42000008,8.670000076,4.839999676,3.470000029,3.529999971,12.46000004,7.079999924,4.96999979,4.75,4.880000114,12.77999973,7.289999962,5.579999924,6,6.21999979,13.43999958,8.13999939,6.25,7.259999752,7.579999924,14.32999992,10.63999939,8.13999939,8.829999924,8.829999924
2020/4/5,12.0199995,9.050000191,5.960000038,4.759999752,4.809999943,12.11999989,7.869999886,6.210000038,5.96999979,6.079999924,12.44999981,8.079999924,6.739999771,7.089999676,7.25,13.02999973,8.800000191,7.279999733,8.210000038,8.409999847,13.82999992,10.94999981,8.989999771,9.599999428,9.5
2020/4/12,13.19999981,10.47999954,7.539999962,6.25,6.210000038,13.32999992,9.429999352,7.909999847,7.579999924,7.579999924,13.68999958,9.619999886,8.340000153,8.579999924,8.630000114,14.27999973,10.23999977,8.75,9.539999962,9.619999886,15.07999992,12.28999996,10.30999947,10.78999996,10.57999992
2020/4/19,13.63999939,11.05999947,8.170000076,6.869999886,6.710000038,13.81999969,10.07999992,8.599999428,8.039999962,7.869999886,14.18999958,10.28999996,9.079999924,9.069999695,8.909999847,14.78999996,10.94999981,9.510000229,10.03999996,9.920000076,15.60999966,12.94999981,10.98999977,11.36999989,10.96000004
2020/4/26,14.29999924,12,9.5,8.470000267,8.340000153,14.47999954,11.10999966,9.789999962,9.220000267,9.079999924,14.84999943,11.19999981,10.03999996,10.05000019,9.949999809,15.43999958,11.73999977,10.28999996,10.88999939,10.78999996,16.26000023,13.71999931,11.75,12.09999943,11.7699995
2020/5/3,14.81999969,12.7699995,10.35999966,9.079999924,8.829999924,15.06999969,12.09999943,10.92000008,10.21000004,9.880000114,15.46999931,12.27999973,11.27999973,11.11999989,10.82999992,16.05999947,12.80999947,11.55999947,12.02999973,11.77999973,16.85000038,14.63000011,12.94999981,13.30999947,12.85999966
2020/5/10,15.52999973,13.35999966,10.92000008,9.75,9.619999886,15.77999973,12.61999989,11.38999939,10.73999977,10.36999989,16.18000031,12.77999973,11.71000004,11.5199995,11.18999958,16.79999924,13.30999947,11.98999977,12.31999969,12.02999973,17.61999893,15.18999958,13.29999924,13.52999973,13.03999996
2020/5/17,16.11999893,14.5199995,12.71000004,11.75,11.61999989,16.43000031,14.05999947,13.21000004,12.42000008,12.05999947,16.82999992,14.13000011,13.27999973,12.90999985,12.53999996,17.39999962,14.46999931,13.29999924,13.42000008,13.11999989,18.15999985,16.07999992,14.34999943,14.42000008,13.96999931
2020/5/24,15.98999977,15.17000008,14.02999973,13.05999947,12.85999966,16.42000008,15.21000004,14.73999977,13.93999958,13.5,16.8599987,15.43999958,14.98999977,14.59999943,14.18999958,17.39999962,15.80999947,15.17000008,15.28999996,14.94999981,18.06999969,16.98999977,16.13999939,16.39999962,15.96000004
2020/5/31,16.86999893,15.96999931,14.82999992,14.03999996,13.79999924,17.30999947,15.96999931,15.40999985,14.63999939,14.21999931,17.78999901,16.27999878,15.79999924,15.42000008,15,18.37999916,16.78999901,16.17000008,16.27000046,15.92000008,19.1099987,18.11999893,17.27000046,17.52999878,17.11999893
2020/6/7,18.02999878,17.90999985,17.51000023,16.76000023,16.48999977,18.55999947,18.31999969,18.23999977,17.73999977,17.32999992,19.04999924,18.59000015,18.44999886,18.36999893,17.97999954,19.57999992,18.86999893,18.53999901,18.96999931,18.67000008,20.19999886,19.73999977,19.45999908,19.90999985,19.55999947
2020/6/14,18.85000038,19.31999969,19.60000038,19.13999939,18.80999947,19.40999985,20.01000023,20.27999878,19.80999947,19.3599987,19.87999916,20.18999863,20.29999924,20.27000046,19.86999893,20.34000015,20.31999969,20.22999954,20.68000031,20.37999916,20.86999893,20.86999893,20.95999908,21.42000008,21.09000015
2020/6/21,18.97999954,19.53999901,19.98999977,19.63999939,19.29999924,19.54999924,20.29999924,20.63999939,20.10000038,19.62999916,20.02999878,20.52000046,20.68000031,20.54999924,20.12999916,20.48999977,20.67000008,20.69999886,21.01000023,20.71999931,20.97999954,21.11999893,21.35000038,21.78999901,21.48999977
2020/6/28,19.45999908,20.57999992,21.64999962,21.46999931,21.03999901,20.09000015,21.63999939,22.3599987,21.82999992,21.22999954,20.54999924,21.68999863,22.06999969,21.86999893,21.31999969,20.93999863,21.56999969,21.71999931,21.90999985,21.48999977,21.34000015,21.63999939,21.95999908,22.19999886,21.79999924
2020/7/5,19.60000038,21.22999954,22.8599987,22.85000038,22.5,20.28999901,22.57999992,23.56999969,23.27999878,22.71999931,20.77999878,22.75,23.38999939,23.30999947,22.79999924,21.13999939,22.64999962,23.17000008,23.29999924,22.89999962,21.46999931,22.42000008,23.23999977,23.44999886,23.10000038
2020/7/12,19.92000008,21.60000038,23.28999901,23.32999992,22.96999931,20.6099987,22.96999931,23.98999977,23.57999992,23.04999924,21.10000038,23.10000038,23.75,23.60000038,23.1099987,21.44999886,22.97999954,23.5,23.55999947,23.17000008,21.77000046,22.69999886,23.48999977,23.64999962,23.34000015
2020/7/19,20.12999916,21.72999954,23.47999954,23.71999931,23.36999893,20.80999947,23.01000023,23.97999954,23.71999931,23.11999893,21.28999901,23.10000038,23.68999863,23.51999855,22.93999863,21.63999939,22.95999908,23.39999962,23.30999947,22.81999969,21.96999931,22.70999908,23.26999855,23.26000023,22.86999893
2020/7/26,19.68999863,21.78999901,24.18999863,24.81999969,24.54999924,20.38999939,23.26000023,24.5,24.51999855,23.92000008,20.8599987,23.31999969,24.1099987,23.98999977,23.3599987,21.15999985,23.06999969,23.71999931,23.48999977,22.93000031,21.42000008,22.56999969,23.36999893,23.21999931,22.75
2020/8/2,20.20999908,22.70999908,25.44999886,26.13999939,25.87999916,20.97999954,24.39999962,25.82999992,25.84999847,25.27999878,21.46999931,24.52999878,25.5,25.3599987,24.71999931,21.77000046,24.28999901,25.15999985,24.87999916,24.26000023,22.01000023,23.60000038,24.69999886,24.53999901,24.04999924
2020/8/9,20.45999908,23.10000038,25.82999992,26.32999992,26.13999939,21.27999878,24.95999908,26.38999939,26.42000008,25.84000015,21.85000038,25.39999962,26.51999855,26.3599987,25.68000031,22.19999886,25.43000031,26.65999985,26.30999947,25.6099987,22.45999908,24.70999908,26.34000015,26.30999947,25.75
2020/8/16,20.42000008,22.32999992,24.34000015,24.78999901,24.87999916,21.15999985,23.72999954,24.65999985,24.92000008,24.68000031,21.73999977,24.26999855,25.04999924,25.21999931,24.87999916,22.18000031,24.59000015,25.52999878,25.59000015,25.21999931,22.57999992,24.43999863,25.79999924,26.02999878,25.78999901
2020/8/23,20.23999977,21.86999893,23.6099987,23.97999954,23.94999886,20.93999863,23.11999893,23.93000031,24.01999855,23.89999962,21.48999977,23.55999947,24.20999908,24.40999985,24.25,21.92000008,23.81999969,24.53999901,24.87999916,24.75,22.35000038,23.8599987,25.06999969,25.5,25.46999931
2020/8/30,20.31999969,22.29999924,24.36999893,24.77999878,24.64999962,21.03999901,23.71999931,24.76999855,24.86999893,24.55999947,21.55999947,24.04999924,24.82999992,25,24.65999985,21.94999886,24.1099987,24.86999893,25.18999863,24.87999916,22.31999969,23.97999954,25.25,25.59999847,25.29999924
2020/9/6,20.14999962,22.14999962,24.17000008,24.44999886,24.29999924,20.86999893,23.6099987,24.68000031,24.73999977,24.34000015,21.38999939,23.93999863,24.73999977,24.8599987,24.40999985,21.77000046,23.98999977,24.76999855,25,24.57999992,22.12999916,23.80999947,25.07999992,25.38999939,24.93999863
2020/9/13,20.42000008,21.98999977,23.54999924,23.62999916,23.54999924,21.10000038,23.25,24.10000038,24.05999947,23.73999977,21.61999893,23.54999924,24.15999985,24.26999855,23.90999985,22.02000046,23.62999916,24.18999863,24.44999886,24.1099987,22.43000031,23.62999916,24.54999924,24.84000015,24.47999954
2020/9/20,20.20999908,21.52999878,22.89999962,22.93999863,22.86999893,20.87999916,22.68999863,23.44999886,23.35000038,23.07999992,21.37999916,22.94999886,23.46999931,23.56999969,23.26999855,21.77999878,23.01999855,23.46999931,23.73999977,23.46999931,22.18000031,23.06999969,23.84000015,24.14999962,23.84000015
2020/9/27,19.35000038,20.45999908,21.67000008,21.69999886,21.72999954,19.98999977,21.52999878,22.15999985,22.15999985,22.01000023,20.5,21.87999916,22.32999992,22.53999901,22.36999893,20.92000008,22.06999969,22.51999855,22.89999962,22.75,21.35000038,22.22999954,23.06999969,23.51000023,23.28999901
2020/10/4,18.61999893,19.44999886,20.37999916,20.38999939,20.37999916,19.20999908,20.32999992,20.79999924,20.73999977,20.61999893,19.69999886,20.61999893,20.92000008,21.07999992,20.94999886,20.12999916,20.80999947,21.05999947,21.45999908,21.34000015,20.59000015,21.1099987,21.67000008,22.11999893,21.92000008
2020/10/11,17.72999954,18.44999886,19.27999878,19.29999924,19.28999901,18.29999924,19.26000023,19.65999985,19.64999962,19.53999901,18.77999878,19.53999901,19.78999901,19.95999908,19.85000038,19.20999908,19.73999977,19.94999886,20.3599987,20.23999977,19.65999985,20.06999969,20.57999992,21.03999901,20.81999969
2020/10/18,16.95999908,17.30999947,17.76000023,17.69000053,17.67000008,17.47999954,17.89999962,18.07999992,18.09000015,18,17.94000053,18.18000031,18.27000046,18.45999908,18.3599987,18.37999916,18.44999886,18.48999977,18.90999985,18.80999947,18.85000038,18.92000008,19.17000008,19.63999939,19.43000031
2020/10/25,16.18000031,16.44999886,16.8599987,16.84000015,16.81999969,16.69000053,16.98999977,17.11999893,17.13999939,17.06999969,17.13999939,17.27999878,17.32999992,17.54999924,17.45999908,17.57999992,17.56999969,17.59000015,18.03999901,17.94000053,18.05999947,18.04999924,18.27999878,18.77000046,18.56999969
2020/11/1,15.0199995,15.29999924,15.71999931,15.7699995,15.78999996,15.53999996,15.81999969,15.92000008,16.1099987,16.07999992,16.01000023,16.18000031,16.25,16.62999916,16.57999992,16.45999908,16.53999901,16.61999893,17.23999977,17.18000031,16.94000053,17.02999878,17.42000008,18.05999947,17.87999916
2020/11/8,14.43999958,14.46999931,14.68999958,14.71999931,14.73999977,14.92000008,14.86999989,14.80999947,15.02999973,15.06999969,15.38999939,15.27999973,15.23999977,15.65999985,15.71000004,15.86999989,15.71999931,15.73999977,16.43000031,16.44999886,16.36999893,16.30999947,16.64999962,17.3599987,17.23999977
2020/11/15,14.19999981,13.77999973,13.57999992,13.54999924,13.65999985,14.63999939,13.94999981,13.63000011,13.88999939,14.04999924,15.11999989,14.43999958,14.22999954,14.71999931,14.88999939,15.63000011,15.03999996,14.93999958,15.71999931,15.84999943,16.19000053,15.85999966,16.04999924,16.8599987,16.81999969
2020/11/22,13.88999939,12.7699995,11.85999966,11.65999985,11.73999977,14.25,12.52999973,11.81999969,12.13999939,12.32999992,14.71000004,12.98999977,12.46000004,13.02999973,13.22999954,15.2699995,13.69999981,13.22999954,14.11999989,14.29999924,15.89999962,14.88999939,14.54999924,15.35999966,15.31999969
2020/11/29,13.14999962,11.59999943,10.2699995,9.969999313,10.07999992,13.42000008,11.11999989,10.15999985,10.46000004,10.75,13.84999943,11.5199995,10.78999996,11.36999989,11.69999981,14.38999939,12.21000004,11.52999973,12.48999977,12.78999996,15.04999924,13.56999969,12.92000008,13.79999924,13.86999989
2020/12/6,12.32999992,10.36999989,8.569999695,8.199999809,8.340000153,12.55999947,9.590000153,8.380000114,8.699999809,9.079999924,12.92000008,9.949999809,9,9.659999847,10.07999992,13.47999954,10.68999958,9.75,10.82999992,11.2699995,14.15999985,12.23999977,11.27999973,12.19999981,12.39999962
2020/12/13,11.30999947,9.119999886,7.039999962,6.639999866,6.829999924,11.44999981,8.119999886,6.75,7.079999924,7.529999733,11.77999973,8.409999847,7.319999695,8,8.529999733,12.31999969,9.159999847,8.039999962,9.179999352,9.75,13.0199995,10.84999943,9.630000114,10.59999943,10.93999958
2020/12/20,10.94999981,8.13999939,5.579999924,5.159999847,5.369999886,11.02999973,6.829999924,5.139999866,5.670000076,6.210000038,11.32999992,7.079999924,5.710000038,6.589999676,7.25,11.89999962,7.879999638,6.489999771,7.849999905,8.539999962,12.64999962,9.849999428,8.289999962,9.340000153,9.760000229
2020/12/27,10.03999996,7.029999733,4.339999676,4.009999752,4.269999981,10.07999992,5.579999924,3.75999999,4.420000076,5.159999847,10.36999989,5.869999886,4.429999828,5.489999771,6.339999676,10.94999981,6.779999733,5.349999905,6.879999638,7.779999733,11.68999958,8.800000191,7.319999695,8.539999962,9.119999886
2021/1/3,9.199999809,5.489999771,2.139999866,1.659999967,1.909999967,9.13999939,3.679999828,1.50999999,2.139999866,3.049999952,9.409999847,3.970000029,2.24000001,3.349999905,4.429999828,9.989999771,4.96999979,3.24000001,4.929999828,6.069999695,10.80999947,7.369999886,5.460000038,6.75,7.569999695
2021/1/10,8.949999809,4.829999924,1.110000014,0.529999971,0.620000005,8.840000153,2.819999933,0.479999989,0.930000007,1.819999933,9.079999924,2.99000001,1.069999933,2.079999924,3.24000001,9.670000076,3.949999809,1.949999928,3.659999847,4.920000076,10.5199995,6.579999924,4.299999714,5.539999962,6.460000038
2021/1/17,8.909999847,4.639999866,0.779999971,0.029999999,0,8.800000191,2.629999876,0.25999999,0.550000012,1.279999971,9.010000229,2.74000001,0.789999962,1.699999928,2.74000001,9.599999428,3.629999876,1.529999971,3.24000001,4.440000057,10.44999981,6.25,3.879999876,5.170000076,6.029999733
2021/1/24,9.159999847,4.630000114,0.519999981,-0.379999995,-0.429999977,9.039999962,2.549999952,0.089999996,0.299999982,0.899999976,9.25,2.629999876,0.579999983,1.409999967,2.329999924,9.840000153,3.50999999,1.309999943,2.909999847,3.99000001,10.69999981,6.179999828,3.589999914,4.799999714,5.529999733
2021/1/31,9.38999939,4.909999847,0.829999983,-0.140000001,-0.159999996,9.289999962,2.909999847,0.50999999,0.659999967,1.199999928,9.529999733,3.029999971,1.039999962,1.849999905,2.700000048,10.11999989,3.909999847,1.779999971,3.379999876,4.389999866,10.96000004,6.529999733,4.049999714,5.25,5.920000076
2021/2/7,9.909999847,5.210000038,0.930000007,-0.140000001,-0.099999994,9.789999962,3.119999886,0.610000014,0.769999981,1.299999952,10.02999973,3.179999828,1.090000033,1.929999948,2.74000001,10.63999939,4.049999714,1.779999971,3.379999876,4.369999886,11.5199995,6.779999733,4.039999962,5.170000076,5.799999714
2021/2/14,9.849999428,5.460000038,1.370000005,0.199999988,0.189999998,9.789999962,3.589999914,1.24000001,1.279999971,1.699999928,10.05000019,3.779999971,1.870000005,2.549999952,3.220000029,10.65999985,4.679999828,2.659999847,4.059999943,4.880000114,11.5,7.21999979,4.809999943,5.909999847,6.369999886
2021/2/21,10.38999939,5.739999771,1.370000005,0.039999999,0,10.31999969,3.75999999,1.299999952,1.189999938,1.49000001,10.57999992,3.970000029,1.949999928,2.659999847,3.199999809,11.22999954,4.909999847,2.74000001,4.349999905,5.049999714,12.10999966,7.589999676,5.119999886,6.339999676,6.75
2021/2/28,10.27999973,5.579999924,1.189999938,-0.119999997,-0.07,10.17000008,3.549999952,1.069999933,1.039999962,1.329999924,10.40999985,3.629999876,1.559999943,2.24000001,2.779999971,11.03999996,4.46999979,2.180000067,3.679999828,4.339999676,11.92000008,7.21999979,4.440000057,5.489999771,5.829999924
2021/3/7,10.44999981,6.039999962,1.829999924,0.459999979,0.529999971,10.42000008,4.21999979,1.870000005,1.870000005,2.180000067,10.69999981,4.460000038,2.569999933,3.319999933,3.839999914,11.32999992,5.380000114,3.359999895,4.909999847,5.549999714,12.21000004,8.010000229,5.679999828,6.829999924,7.139999866
2021/3/14,10.55999947,6.159999847,1.969999909,0.589999974,0.659999967,10.52999973,4.349999905,2.00999999,2.069999933,2.349999905,10.81999969,4.630000114,2.75999999,3.589999914,4.059999943,11.44999981,5.589999676,3.609999895,5.239999771,5.829999924,12.34999943,8.279999733,6.069999695,7.279999733,7.509999752
2021/3/21,11.35999966,7.25,3.339999914,1.949999928,1.949999928,11.38999939,5.659999847,3.49000001,3.339999914,3.50999999,11.69999981,5.929999828,4.210000038,4.759999752,5.089999676,12.34999943,6.849999905,4.980000019,6.259999752,6.710000038,13.21999931,9.409999847,7.21999979,8.239999771,8.289999962
2021/3/28,12.64999962,8.599999428,4.679999828,3.25999999,3.319999933,12.68999958,7,4.889999866,4.690000057,4.880000114,13,7.170000076,5.420000076,5.869999886,6.170000076,13.64999962,7.960000038,5.949999809,7.069999695,7.46999979,14.54999924,10.48999977,7.949999809,8.710000038,8.789999962
2021/4/4,12.57999992,8.869999886,5.179999828,3.75999999,3.879999876,12.64999962,7.409999847,5.449999809,5.210000038,5.389999866,12.96000004,7.579999924,5.949999809,6.319999695,6.579999924,13.57999992,8.300000191,6.420000076,7.379999638,7.739999771,14.46000004,10.68999958,8.220000267,8.869999886,8.909999847
2021/4/11,12.94999981,9.679999352,6.349999905,5.009999752,5.089999676,13.07999992,8.449999809,6.639999866,6.420000076,6.460000038,13.43999958,8.760000229,7.349999905,7.579999924,7.669999599,14.06999969,9.579999924,8,8.679999352,8.829999924,14.90999985,11.7699995,9.659999847,10.17999935,10.06999969
2021/4/18,13.79999924,11.10999966,8.380000114,7.289999962,7.299999714,13.98999977,10.13999939,8.679999352,8.239999771,8.210000038,14.35999966,10.32999992,9.099999428,9.119999886,9.099999428,14.96000004,10.94999981,9.5,9.989999771,10,15.7699995,12.94999981,10.94999981,11.31999969,11.07999992
2021/4/25,14,11.28999996,8.470000267,7.299999714,7.329999924,14.17000008,10.2699995,8.800000191,8.319999695,8.289999962,14.5199995,10.32999992,9.039999962,9,9.010000229,15.10999966,10.84999943,9.25,9.719999313,9.779999733,15.92000008,12.86999989,10.61999989,10.88999939,10.73999977
2021/5/2,14.88000011,12.60999966,10.21999931,9.13999939,9.119999886,15.11999989,11.85999966,10.63999939,10.03999996,9.909999847,15.48999977,11.96000004,10.88999939,10.72999954,10.61999989,16.09000015,12.44999981,11.07999992,11.40999985,11.34999943,16.87999916,14.29999924,12.32999992,12.5199995,12.27999973
2021/5/9,16.17000008,14.5199995,12.86999989,12.07999992,12.06999969,16.48999977,14.05999947,13.23999977,12.7699995,12.63999939,16.87999916,14.04999924,13.21000004,13.07999992,12.97999954,17.42000008,14.27999973,13.02999973,13.34999943,13.29999924,18.14999962,15.77999973,13.96999931,14.04999924,13.85999966
2021/5/16,16.94999886,15.17000008,13.46000004,12.73999977,12.89999962,17.27999878,14.63999939,13.71000004,13.32999992,13.29999924,17.69000053,14.64999962,13.71999931,13.63999939,13.63000011,18.27999878,14.98999977,13.71999931,13.96000004,14.0199995,19.05999947,16.62999916,14.72999954,14.77999973,14.69999981
2021/5/23,17.52999878,15.75,13.97999954,13.19999981,13.19999981,17.86999893,15.23999977,14.29999924,13.85999966,13.67000008,18.30999947,15.32999992,14.43999958,14.18999958,13.98999977,18.92000008,15.72999954,14.5199995,14.54999924,14.39999962,19.70999908,17.35000038,15.44999981,15.42000008,15.14999962
2021/5/30,18.17000008,16.89999962,15.67000008,15.0199995,14.96999931,18.6099987,16.73999977,16.06999969,15.60999966,15.35999966,19.10000038,16.94999886,16.31999969,16.04999924,15.7699995,19.69999886,17.37999916,16.52000046,16.52000046,16.27000046,20.45999908,18.76000023,17.39999962,17.44999886,17.1099987
2021/6/6,18.52999878,18.10000038,17.6099987,17.03999901,16.98999977,19.03999901,18.37999916,18.19000053,17.52000046,17.23999977,19.53999901,18.55999947,18.27999878,17.88999939,17.57999992,20.07999992,18.80999947,18.28999901,18.28999901,18,20.75,19.82999992,19.02999878,19.10000038,18.76000023
2021/6/13,19.15999985,19.25,19.28999901,18.88999939,18.81999969,19.69999886,19.75,19.8599987,19.19999886,18.88999939,20.17000008,19.82999992,19.73999977,19.31999969,19.01000023,20.65999985,19.90999985,19.53999901,19.47999954,19.21999931,21.25,20.65999985,20.09000015,20.1099987,19.80999947
2021/6/20,19.18000031,19.75,20.28999901,19.97999954,19.98999977,19.77999878,20.54999924,20.93999863,20.43999863,20.18999863,20.27000046,20.71999931,20.89999962,20.57999992,20.32999992,20.71999931,20.79999924,20.77999878,20.73999977,20.55999947,21.22999954,21.23999977,21.22999954,21.31999969,21.11999893
2021/6/27,19.29999924,20.30999947,21.34000015,21.22999954,21.21999931,19.93000031,21.30999947,21.93000031,21.61999893,21.52000046,20.40999985,21.46999931,21.82999992,21.78999901,21.69999886,20.81999969,21.47999954,21.65999985,21.92000008,21.92000008,21.27000046,21.72999954,22.13999939,22.39999962,22.40999985
2021/7/4,20.03999901,21.1099987,22.17000008,22.05999947,21.96999931,20.67000008,22.14999962,22.78999901,22.35000038,22.07999992,21.15999985,22.3599987,22.76000023,22.39999962,22.14999962,21.57999992,22.40999985,22.68999863,22.46999931,22.30999947,22.01000023,22.55999947,22.90999985,22.96999931,22.78999901
2021/7/11,20.71999931,21.87999916,23.05999947,23.01000023,22.84000015,21.37999916,22.98999977,23.67000008,23.21999931,22.93000031,21.88999939,23.26999855,23.71999931,23.45999908,23.18999863,22.31999969,23.37999916,23.75,23.75,23.55999947,22.77999878,23.60000038,24.18000031,24.3599987,24.22999954
2021/7/18,20.70999908,23.20999908,25.73999977,26.02999878,25.93000031,21.51000023,25.01999855,26.45999908,26.28999901,26.04999924,22.03999901,25.30999947,26.36999893,26.29999924,26.09000015,22.36999893,25.17000008,26.15999985,26.26999855,26.14999962,22.64999962,24.64999962,26.21999931,26.48999977,26.42000008
2021/7/25,20.67000008,23.14999962,25.71999931,26.03999901,26.01999855,21.45999908,24.95999908,26.38999939,26.34000015,26.17000008,21.98999977,25.22999954,26.27999878,26.27999878,26.1099987,22.30999947,25.1099987,26.11999893,26.15999985,26.05999947,22.57999992,24.52999878,26.05999947,26.26000023,26.19999886
2021/8/1,20.3599987,22.6099987,25,25.5,25.51999855,21.1099987,24.19999886,25.43999863,25.37999916,25.34000015,21.62999916,24.48999977,25.38999939,25.39999962,25.36999893,21.98999977,24.51000023,25.42000008,25.46999931,25.5,22.30999947,24.15999985,25.54999924,25.79999924,25.88999939
2021/8/8,20.12999916,22.78999901,25.51999855,26.01999855,25.90999985,20.93999863,24.64999962,26.06999969,26.01000023,25.80999947,21.5,25.12999916,26.26999855,26.19999886,26,21.85000038,25.21999931,26.5,26.46999931,26.31999969,22.11999893,24.63999939,26.59000015,26.94999886,26.84999847
2021/8/15,20.35000038,22.52999878,24.78999901,25.20999908,25.15999985,21.1099987,24.11999893,25.26000023,25.28999901,25.18999863,21.67000008,24.61999893,25.54999924,25.61999893,25.53999901,22.06999969,24.81999969,25.87999916,26.06999969,26.04999924,22.39999962,24.5,26.19999886,26.67000008,26.69999886
2021/8/22,20.43000031,22.64999962,24.93000031,25.32999992,25.09000015,21.18999863,24.26000023,25.43999863,25.28999901,24.96999931,21.75,24.70999908,25.63999939,25.5,25.19999886,22.12999916,24.84000015,25.84999847,25.84999847,25.61999893,22.46999931,24.51000023,26.04999924,26.38999939,26.19999886
2021/8/29,20.32999992,22.38999939,24.51999855,24.84000015,24.63999939,21.06999969,23.92000008,25.05999947,24.79999924,24.48999977,21.59000015,24.21999931,25.05999947,24.81999969,24.53999901,21.95999908,24.23999977,25.04999924,24.98999977,24.78999901,22.29999924,23.97999954,25.17000008,25.32999992,25.21999931
2021/9/5,20.45999908,22.19999886,23.93999863,24.1099987,23.88999939,21.17000008,23.55999947,24.51999855,24.14999962,23.76999855,21.68999863,23.84000015,24.52999878,24.17000008,23.81999969,22.06999969,23.87999916,24.51999855,24.31999969,24.05999947,22.45999908,23.76999855,24.6099987,24.67000008,24.5
2021/9/12,20.71999931,22.38999939,24.07999992,24.18000031,24.01000023,21.43000031,23.75,24.68999863,24.37999916,24.01999855,21.94999886,24.02999878,24.70999908,24.44999886,24.10000038,22.34000015,24.04999924,24.65999985,24.54999924,24.28999901,22.71999931,23.92000008,24.72999954,24.78999901,24.62999916
2021/9/19,20.43000031,21.8599987,23.23999977,23.19999886,23.01999855,21.1099987,23.10000038,23.87999916,23.52999878,23.17000008,21.62999916,23.44999886,24.03999901,23.79999924,23.43999863,22.03999901,23.57999992,24.14999962,24.06999969,23.79999924,22.44999886,23.54999924,24.32999992,24.45999908,24.26999855
2021/9/26,19.97999954,21.37999916,22.75,22.76000023,22.62999916,20.65999985,22.60000038,23.34000015,23.02999878,22.72999954,21.19999886,23,23.57999992,23.38999939,23.09000015,21.62999916,23.19999886,23.78999901,23.76999855,23.54999924,22.05999947,23.23999977,24.07999992,24.27999878,24.11999893
2021/10/3,19.81999969,20.8599987,21.93000031,21.98999977,21.87999916,20.45999908,21.85000038,22.37999916,22.13999939,21.90999985,20.98999977,22.25,22.64999962,22.52999878,22.30999947,21.44999886,22.51000023,22.90999985,22.97999954,22.82999992,21.92000008,22.73999977,23.35000038,23.60000038,23.5
2021/10/10,19.11999893,19.52000046,19.93999863,19.89999962,19.89999962,19.68000031,20.11999893,20.23999977,20.11999893,20.02999878,20.19999886,20.53999901,20.63999939,20.61999893,20.54999924,20.70999908,20.97999954,21.10000038,21.27000046,21.26000023,21.28999901,21.61999893,21.82999992,22.14999962,22.15999985
2021/10/17,18.31999969,17.97999954,17.69999886,17.55999947,17.6099987,18.77999878,18.11999893,17.84000015,17.88999939,17.90999985,19.26000023,18.39999962,18.11999893,18.25,18.28999901,19.79999924,18.84000015,18.46999931,18.77000046,18.8599987,20.44999886,19.8599987,19.30999947,19.56999969,19.63999939
2021/10/24,16.71999931,16.57999992,16.53999901,16.42000008,16.45999908,17.20999908,16.8599987,16.72999954,16.80999947,16.86999893,17.69000053,17.14999962,16.97999954,17.19000053,17.27000046,18.19999886,17.51000023,17.25,17.68000031,17.79999924,18.79999924,18.34000015,18.04999924,18.42000008,18.47999954
2021/10/31,15.96999931,15.69999981,15.53999996,15.38999939,15.39999962,16.44999886,15.92000008,15.71999931,15.79999924,15.86999989,16.92000008,16.25,16.04999924,16.30999947,16.40999985,17.44000053,16.65999985,16.38999939,16.89999962,17.04999924,18.02999878,17.5,17.23999977,17.69999886,17.77000046
2021/11/7,15.39999962,14.48999977,13.71999931,13.46999931,13.57999992,15.79999924,14.36999989,13.77999973,13.96999931,14.13999939,16.27000046,14.69999981,14.21999931,14.59999943,14.79999924,16.81999969,15.22999954,14.71000004,15.31999969,15.54999924,17.45999908,16.34000015,15.71000004,16.25,16.3599987
2021/11/14,14.81999969,13.57999992,12.48999977,12.21000004,12.42000008,15.17000008,13.27999973,12.46000004,12.77999973,13.03999996,15.63999939,13.71000004,13.09999943,13.57999992,13.88000011,16.21999931,14.38999939,13.79999924,14.5199995,14.79999924,16.88999939,15.61999989,14.96000004,15.60999966,15.71999931
2021/11/21,14.5,12.85999966,11.23999977,10.69999981,10.78999996,14.80999947,12.34999943,11.28999996,11.43999958,11.67000008,15.27999973,12.86999989,12.10999966,12.5,12.75,15.88999939,13.67000008,12.97999954,13.68999958,13.94999981,16.6099987,15.09999943,14.27999973,14.96999931,15.04999924
2021/11/28,13.93999958,12.07999992,10.28999996,9.739999771,9.710000038,14.21999931,11.47999954,10.31999969,10.44999981,10.57999992,14.64999962,11.94999981,11.10999966,11.53999996,11.71000004,15.25,12.73999977,11.94999981,12.77999973,12.96000004,15.96999931,14.21999931,13.30999947,14.13999939,14.14999962
2021/12/5,13.30999947,11.39999962,9.529999733,8.929999352,8.909999847,13.56999969,10.73999977,9.539999962,9.75,9.880000114,13.98999977,11.19999981,10.34999943,10.88999939,11.07999992,14.57999992,12.0199995,11.18999958,12.15999985,12.36999989,15.27999973,13.47999954,12.61999989,13.5,13.54999924
2021/12/12,12.22999954,9.699999809,7.289999962,6.619999886,6.75,12.39999962,8.699999809,7.179999828,7.489999771,7.789999962,12.7699995,9.090000153,7.960000038,8.590000153,8.949999809,13.36999989,9.949999809,8.829999924,9.880000114,10.2699995,14.07999992,11.67000008,10.36999989,11.27999973,11.44999981
2021/12/19,12.07999992,9.159999847,6.339999676,5.589999676,5.779999733,12.19999981,7.919999599,6.179999828,6.529999733,6.909999847,12.56999969,8.329999924,7.009999752,7.739999771,8.179999352,13.17000008,9.25,7.960000038,9.119999886,9.599999428,13.94999981,11.15999985,9.619999886,10.57999992,10.82999992
2021/12/26,11.13999939,7.549999714,4.159999847,3.299999952,3.529999971,11.15999985,5.96999979,3.889999866,4.170000076,4.759999752,11.48999977,6.339999676,4.75,5.5,6.199999809,12.13999939,7.349999905,5.759999752,7.069999695,7.819999695,12.93999958,9.539999962,7.639999866,8.720000267,9.25
2022/1/2,10.73999977,6.909999847,3.25999999,2.349999905,2.49000001,10.73999977,5.199999809,2.970000029,3.299999952,3.839999914,11.05999947,5.579999924,3.869999886,4.659999847,5.329999924,11.68999958,6.619999886,4.920000076,6.279999733,7.009999752,12.5,8.880000114,6.849999905,7.989999771,8.449999809
2022/1/9,10.93999958,6.869999886,2.909999847,1.819999933,1.909999967,10.92000008,5.079999924,2.720000029,2.970000029,3.529999971,11.25,5.509999752,3.74000001,4.509999752,5.21999979,11.92000008,6.619999886,4.869999886,6.25,7.039999962,12.7699995,8.960000038,6.829999924,7.96999979,8.489999771
2022/1/16,9.960000038,5.710000038,1.559999943,0.329999983,0.370000005,9.909999847,3.839999914,1.409999967,1.559999943,2.029999971,10.21000004,4.230000019,2.389999866,3.139999866,3.779999971,10.85999966,5.349999905,3.529999971,4.960000038,5.679999828,11.68999958,7.75,5.579999924,6.789999962,7.239999771
2022/1/23,10.72999954,6.039999962,1.389999986,0.029999999,0.129999995,10.61999989,3.879999876,1.199999928,1.350000024,1.909999967,10.90999985,4.159999847,2.049999952,2.779999971,3.549999952,11.57999992,5.210000038,3.00999999,4.380000114,5.25,12.48999977,7.869999886,4.980000019,5.929999828,6.529999733
2022/1/30,10.44999981,5.589999676,0.839999974,-0.48999998,-0.370000005,10.32999992,3.359999895,0.610000014,0.639999986,1.279999971,10.59999943,3.619999886,1.429999948,2.159999847,3.00999999,11.2699995,4.690000057,2.429999828,3.839999914,4.829999924,12.18999958,7.429999828,4.509999752,5.539999962,6.25
2022/2/6,10.69999981,6.079999924,1.50999999,0.089999996,0.099999994,10.61999989,4.039999962,1.449999928,1.409999967,1.909999967,10.90999985,4.339999676,2.299999952,3.00999999,3.720000029,11.57999992,5.380000114,3.279999971,4.75,5.579999924,12.44999981,7.96999979,5.339999676,6.449999809,7
2022/2/13,9.699999809,5.079999924,0.610000014,-0.669999957,-0.599999964,9.579999924,3.00999999,0.459999979,0.340000004,0.829999983,9.840000153,3.220000029,1.179999948,1.819999933,2.549999952,10.47999954,4.21999979,2.079999924,3.50999999,4.389999866,11.34999943,6.849999905,4.21999979,5.319999695,5.929999828
2022/2/20,9.670000076,4.980000019,0.599999964,-0.589999974,-0.519999981,9.569999695,2.909999847,0.389999986,0.359999985,0.829999983,9.800000191,3.049999952,0.98999995,1.659999967,2.349999905,10.40999985,3.970000029,1.74000001,3.179999828,4.009999752,11.27999973,6.579999924,3.839999914,4.889999866,5.429999828
2022/2/27,10.11999989,5.429999828,1,-0.239999995,-0.119999997,10.02999973,3.359999895,0.789999962,0.829999983,1.309999943,10.27999973,3.529999971,1.449999928,2.159999847,2.819999933,10.90999985,4.46999979,2.25999999,3.679999828,4.46999979,11.78999996,7.159999847,4.389999866,5.389999866,5.869999886
2022/3/6,10.23999977,5.869999886,1.559999943,0.129999995,0.119999997,10.17000008,3.99000001,1.599999905,1.409999967,1.74000001,10.44999981,4.21999979,2.299999952,2.869999886,3.379999876,11.07999992,5.170000076,3.119999886,4.460000038,5.089999676,11.93999958,7.71999979,5.21999979,6.239999771,6.539999962
2022/3/13,11.68999958,7.129999638,2.49000001,0.829999983,0.789999962,11.64999962,5.179999828,2.659999847,2.369999886,2.529999971,11.94999981,5.460000038,3.449999809,3.899999857,4.25,12.61999989,6.449999809,4.289999962,5.489999771,5.960000038,13.55999947,9.159999847,6.369999886,7.25,7.409999847
2022/3/20,12.22999954,7.710000038,3.149999857,1.529999971,1.639999986,12.19999981,5.789999962,3.279999971,3.00999999,3.220000029,12.5,6.039999962,4.039999962,4.429999828,4.809999943,13.19999981,7,4.829999924,5.879999638,6.379999638,14.14999962,9.75,6.829999924,7.539999962,7.75
2022/3/27,11.94999981,7.799999714,3.609999895,1.99000001,2.029999971,11.94999981,6.119999886,3.889999866,3.569999933,3.699999809,12.25,6.299999714,4.480000019,4.839999676,5.099999905,12.89999962,7.119999886,5.079999924,6.079999924,6.420000076,13.77999973,9.619999886,6.879999638,7.509999752,7.549999714
2022/4/3,11.82999992,8.489999771,5.019999981,3.50999999,3.659999847,11.94999981,7.289999962,5.460000038,5.210000038,5.369999886,12.30999947,7.679999828,6.289999962,6.579999924,6.829999924,12.90999985,8.539999962,7.069999695,7.849999905,8.13999939,13.71000004,10.57999992,8.659999847,9.289999962,9.279999733
2022/4/10,13.18999958,9.989999771,6.659999847,5.21999979,5.210000038,13.32999992,8.829999924,7.069999695,6.569999695,6.619999886,13.71999931,9.199999809,7.819999695,7.929999828,8.039999962,14.35999966,10.02999973,8.529999733,9.199999809,9.329999924,15.18999958,12.11999989,10.07999992,10.61999989,10.48999977
2022/4/17,13.54999924,10.82999992,8.039999962,6.869999886,6.909999847,13.71999931,9.869999886,8.369999886,7.949999809,8,14.09999943,10.11999989,8.909999847,9.010000229,9.090000153,14.69999981,10.77999973,9.380000114,10,10.09999943,15.46999931,12.65999985,10.77999973,11.19999981,11.05999947
2022/4/24,14.86999989,12.18999958,9.510000229,8.529999733,8.38999939,15.05999947,11.18999958,9.75,9.050000191,8.970000267,15.40999985,11.23999977,9.949999809,9.829999924,9.779999733,16.02999878,11.73999977,10.13000011,10.60999966,10.59999943,16.84000015,13.69999981,11.40999985,11.68999958,11.44999981
2022/5/1,14.79999924,12.92000008,10.89999962,9.840000153,9.63999939,15.07999992,12.40999985,11.39999962,10.65999985,10.42000008,15.47999954,12.57999992,11.71000004,11.43999958,11.23999977,16.04999924,13.03999996,11.92000008,12.19999981,12.07999992,16.76000023,14.54999924,12.94999981,13.19999981,12.90999985
2022/5/8,15.25,13.40999985,11.53999996,10.78999996,10.75,15.54999924,12.82999992,11.77999973,11.46000004,11.30999947,15.96999931,13.06999969,12.15999985,12.11999989,12.0199995,16.55999947,13.60999966,12.52999973,12.82999992,12.80999947,17.30999947,15.18999958,13.63000011,13.84999943,13.68999958
2022/5/15,15.29999924,14.52999973,13.64999962,12.90999985,12.61999989,15.71999931,14.63000011,14.23999977,13.54999924,13.13999939,16.13999939,14.84999943,14.46999931,14.10999966,13.71999931,16.62999916,15.15999985,14.63000011,14.68999958,14.38000011,17.20999908,16.1099987,15.34999943,15.54999924,15.13999939
2022/5/22,16.11999893,16.09000015,15.96999931,15.46000004,15.21000004,16.61999893,16.57999992,16.60000038,16.05999947,15.61999989,17.06999969,16.87999916,16.8599987,16.54999924,16.13999939,17.52999878,17.13999939,17.01000023,17.02999878,16.70999908,18.03999901,17.70999908,17.53999901,17.73999977,17.38999939
2022/5/29,17.05999947,16.90999985,16.69000053,16.1099987,15.92000008,17.56999969,17.37999916,17.35000038,16.80999947,16.44000053,18.03999901,17.65999985,17.57999992,17.32999992,16.98999977,18.52000046,17.93000031,17.73999977,17.82999992,17.59000015,19.05999947,18.57999992,18.31999969,18.53999901,18.30999947
2022/6/5,17.73999977,17.95999908,18.19000053,17.69999886,17.55999947,18.30999947,18.69999886,18.93000031,18.28999901,17.96999931,18.79999924,19.01000023,19.13999939,18.84000015,18.54999924,19.25,19.22999954,19.27999878,19.35000038,19.15999985,19.72999954,19.64999962,19.77999878,20.03999901,19.86999893
2022/6/12,18.39999962,18.86999893,19.25,18.76000023,18.54999924,18.98999977,19.70999908,20.03999901,19.38999939,18.98999977,19.47999954,20.02999878,20.23999977,19.88999939,19.52999878,19.93000031,20.23999977,20.37999916,20.35000038,20.09000015,20.39999962,20.56999969,20.78999901,20.98999977,20.72999954
2022/6/19,19.17000008,19.70999908,20.19999886,19.80999947,19.72999954,19.77000046,20.54999924,20.92000008,20.32999992,19.98999977,20.27000046,20.79999924,20.98999977,20.67000008,20.34000015,20.72999954,20.94999886,21.02000046,20.96999931,20.72999954,21.21999931,21.29999924,21.3599987,21.44999886,21.21999931
2022/6/26,20.32999992,21.84000015,23.27999878,23.05999947,22.69999886,21.06999969,23.26000023,24.19999886,23.28999901,22.73999977,21.61999893,23.53999901,24.18999863,23.53999901,23.01999855,22.02999878,23.52999878,24.07999992,23.75,23.35000038,22.42000008,23.35000038,24.04999924,24.10000038,23.78999901
2022/7/3,20.52999878,22.34000015,23.93999863,23.68000031,23.34000015,21.29999924,23.93000031,24.94999886,23.93000031,23.37999916,21.87999916,24.39999962,25.21999931,24.43999863,23.93999863,22.29999924,24.54999924,25.42000008,24.96999931,24.60000038,22.65999985,24.22999954,25.40999985,25.55999947,25.3599987
2022/7/10,21.25,23.27999878,25.23999977,25.26999855,25.03999901,22.03999901,24.93999863,26.09000015,25.18999863,24.53999901,22.6099987,25.38999939,26.27999878,25.47999954,24.84000015,23.01999855,25.52999878,26.48999977,25.92000008,25.42000008,23.37999916,25.17000008,26.44999886,26.5,26.19999886
2022/7/17,21.73999977,23.73999977,25.87999916,26.17000008,26.1099987,22.47999954,25.28999901,26.5,25.88999939,25.45999908,23,25.43000031,26.21999931,25.64999962,25.19999886,23.35000038,25.26999855,25.93000031,25.57999992,25.27999878,23.68999863,24.97999954,25.79999924,25.68000031,25.6099987
2022/7/24,21.75,23.95999908,26.23999977,26.51000023,26.40999985,22.47999954,25.56999969,26.90999985,26.43000031,26.01000023,22.95999908,25.61999893,26.47999954,25.95999908,25.51999855,23.26000023,25.31999969,25.97999954,25.55999947,25.26000023,23.53999901,24.85000038,25.59999847,25.32999992,25.23999977
2022/7/31,21.96999931,25.01999855,28.09000015,28.45999908,28.34000015,22.82999992,27.14999962,28.92000008,28.52999878,28.09000015,23.36999893,27.40999985,28.70999908,28.27999878,27.79999924,23.64999962,27.14999962,28.39999962,27.96999931,27.61999893,23.84000015,26.21999931,27.87999916,27.75,27.6099987
2022/8/7,21.81999969,24.29999924,26.78999901,27.14999962,27.29999924,22.6099987,26.09000015,27.39999962,27.34000015,27.11999893,23.18999863,26.61999893,27.69999886,27.53999901,27.26999855,23.55999947,26.79999924,28.04999924,27.76999855,27.55999947,23.86999893,26.29999924,28.01999855,28.09999847,28.05999947
2022/8/14,21.46999931,23.72999954,25.98999977,26.32999992,26.34000015,22.21999931,25.3599987,26.53999901,26.39999962,26.23999977,22.76000023,25.84999847,26.80999947,26.64999962,26.44999886,23.12999916,26.01999855,27.11999893,26.96999931,26.82999992,23.45999908,25.69999886,27.26000023,27.43000031,27.43000031
2022/8/21,21.63999939,23.46999931,25.14999962,25.11999893,24.90999985,22.34000015,24.93999863,25.89999962,25.47999954,25.12999916,22.87999916,25.43000031,26.22999954,25.84000015,25.47999954,23.26999855,25.64999962,26.54999924,26.26000023,25.96999931,23.63999939,25.5,26.69999886,26.80999947,26.63999939
2022/8/28,21.48999977,22.87999916,24.1099987,23.96999931,23.76000023,22.1099987,24.03999901,24.81999969,24.28999901,23.90999985,22.57999992,24.28999901,24.81999969,24.42000008,24.04999924,22.95999908,24.34000015,24.79999924,24.59000015,24.31999969,23.35000038,24.40999985,24.90999985,24.86999893,24.73999977
