1981/12/1,40.5:117.5,40.5:118.5,40.5:119.5,40.5:120.5,40.5:121.5,39.5:117.5,39.5:118.5,39.5:119.5,39.5:120.5,39.5:121.5,38.5:117.5,38.5:118.5,38.5:119.5,38.5:120.5,38.5:121.5,37.5:117.5,37.5:118.5,37.5:119.5,37.5:120.5,37.5:121.5,36.5:117.5,36.5:118.5,36.5:119.5,36.5:120.5,36.5:121.5
1981/12/1,11.75999927520752,8.639999389648438,5.920000076293945,5.539999961853027,5.659999847412109,11.809999465942383,7.149999618530273,5.369999885559082,6.089999675750732,6.230000019073486,12.09000015258789,7.210000038146973,5.690000057220459,6.619999885559082,6.739999771118164,12.679999351501465,7.87999963760376,6.109999656677246,7.230000019073486,7.37999963760376,13.539999961853027,10.289999961853027,7.889999866485596,8.319999694824219,8.319999694824219
1982/01/01,10.59999942779541,5.710000038146973,1.5699999332427979,1.1899999380111694,1.4199999570846558,10.4399995803833,3.259999990463257,0.5099999904632568,1.649999976158142,2.369999885559082,10.679999351501465,3.3299999237060547,1.0499999523162842,2.5999999046325684,3.43999981880188,11.359999656677246,4.309999942779541,1.7999999523162842,3.8299999237060547,4.670000076293945,12.380000114440918,7.539999961853027,4.509999752044678,5.710000038146973,6.059999942779541
1982/02/01,10.449999809265137,5.389999866485596,0.9199999570846558,0.23999999463558197,0.44999998807907104,10.279999732971191,2.9099998474121094,0.11999999731779099,0.6399999856948853,1.350000023841858,10.5,2.919999837875366,0.5699999928474426,1.5499999523162842,2.4800000190734863,11.15999984741211,3.8299999237060547,1.209999918937683,2.8399999141693115,3.819999933242798,12.149999618530273,6.949999809265137,3.6599998474121094,4.699999809265137,5.179999828338623
1982/03/01,11.539999961853027,6.690000057220459,2.549999952316284,2.059999942779541,2.25,11.429999351501465,4.339999675750732,1.6899999380111694,2.169999837875366,2.75,11.670000076293945,4.309999942779541,2.049999952316284,2.8299999237060547,3.559999942779541,12.329999923706055,5.159999847412109,2.5899999141693115,3.879999876022339,4.670000076293945,13.329999923706055,8.1899995803833,4.809999942779541,5.549999713897705,5.960000038146973
1982/04/01,12.75,8.800000190734863,5.409999847412109,4.789999961853027,4.900000095367432,12.769999504089355,7.039999961853027,4.949999809265137,5.389999866485596,5.759999752044678,13.049999237060547,6.989999771118164,5.150000095367432,5.87999963760376,6.349999904632568,13.679999351501465,7.649999618530273,5.480000019073486,6.62999963760376,7.139999866485596,14.589999198913574,10.25,7.399999618530273,8.010000228881836,8.199999809265137
1982/05/01,14.84999942779541,12.25,9.920000076293945,9.309999465942383,9.420000076293945,15.049999237060547,11.239999771118164,9.84000015258789,9.920000076293945,10.289999961853027,15.429999351501465,11.319999694824219,10.059999465942383,10.5,10.969999313354492,16.03999900817871,11.899999618530273,10.380000114440918,11.25,11.75999927520752,16.8799991607666,13.969999313354492,12.039999961853027,12.630000114440918,12.819999694824219
1982/06/01,16.85999870300293,16.139999389648438,15.469999313354492,15.049999237060547,15.170000076293945,17.309999465942383,16.18000030517578,15.739999771118164,15.929999351501465,16.279998779296875,17.799999237060547,16.510000228881836,16.10999870300293,16.53999900817871,16.969999313354492,18.369998931884766,17.010000228881836,16.53999900817871,17.229999542236328,17.68000030517578,19.049999237060547,18.19999885559082,17.729999542236328,18.329999923706055,18.529998779296875
1982/07/01,18.84000015258789,19.84000015258789,21.049999237060547,21.420000076293945,21.579999923706055,19.479999542236328,20.729999542236328,21.170000076293945,21.639999389648438,22.079999923706055,20.029998779296875,21.170000076293945,21.529998779296875,22.139999389648438,22.619998931884766,20.510000228881836,21.520000457763672,21.93000030517578,22.670000076293945,23.139999389648438,21.010000228881836,21.829999923706055,22.65999984741211,23.35999870300293,23.600000381469727
1982/08/01,19.6299991607666,21.850000381469727,24.170000076293945,24.56999969482422,24.639999389648438,20.40999984741211,23.510000228881836,24.719999313354492,24.459999084472656,24.639999389648438,20.969999313354492,23.969999313354492,24.920000076293945,24.6299991607666,24.809999465942383,21.350000381469727,24.06999969482422,25.139999389648438,24.899999618530273,25.029998779296875,21.639999389648438,23.51999855041504,24.94999885559082,25.09000015258789,25.149999618530273
1982/09/01,19.100000381469727,20.68000030517578,22.18000030517578,22.10999870300293,22.029998779296875,19.799999237060547,22.03999900817871,22.920000076293945,22.369998931884766,22.149999618530273,20.329999923706055,22.459999084472656,23.15999984741211,22.719999313354492,22.479999542236328,20.729999542236328,22.619998931884766,23.35999870300293,23.1299991607666,22.959999084472656,21.079999923706055,22.389999389648438,23.3799991607666,23.510000228881836,23.420000076293945
1982/10/01,17.34000015258789,17.920000076293945,18.53999900817871,18.469999313354492,18.399999618530273,17.920000076293945,18.639999389648438,18.920000076293945,19.010000228881836,18.920000076293945,18.40999984741211,18.959999084472656,19.1299991607666,19.43000030517578,19.34000015258789,18.8799991607666,19.229999542236328,19.3799991607666,19.869998931884766,19.81999969482422,19.369998931884766,19.6299991607666,19.979999542236328,20.43000030517578,20.31999969482422
1982/11/01,15.1899995803833,14.279999732971191,13.420000076293945,13.069999694824219,13.069999694824219,15.559999465942383,14.130000114440918,13.579999923706055,13.420000076293945,13.489999771118164,15.989999771118164,14.329999923706055,13.799999237060547,13.84999942779541,13.949999809265137,16.510000228881836,14.739999771118164,14.079999923706055,14.380000114440918,14.50999927520752,17.170000076293945,15.920000076293945,14.949999809265137,15.199999809265137,15.210000038146973
1982/12/01,12.59999942779541,10.489999771118164,8.550000190734863,8.059999465942383,8.09000015258789,12.779999732971191,9.649999618530273,8.470000267028809,8.34000015258789,8.399999618530273,13.109999656677246,9.75,8.710000038146973,8.739999771118164,8.800000190734863,13.639999389648438,10.25,9.010000228881836,9.279999732971191,9.380000114440918,14.34000015258789,11.869999885559082,9.960000038146973,10.059999465942383,10.109999656677246
1983/01/01,10.34000015258789,6.170000076293945,2.490000009536743,2.0799999237060547,2.169999837875366,10.239999771118164,4.069999694824219,1.6899999380111694,2.0899999141693115,2.4700000286102295,10.469999313354492,4.119999885559082,2.1399998664855957,2.8399999141693115,3.3399999141693115,11.09000015258789,4.949999809265137,2.7300000190734863,3.93999981880188,4.509999752044678,12.0,7.71999979019165,4.769999980926514,5.460000038146973,5.809999942779541
1983/02/01,9.739999771118164,5.389999866485596,1.350000023841858,0.5199999809265137,0.6200000047683716,9.619999885559082,3.299999952316284,0.8700000047683716,0.8499999642372131,1.2999999523162842,9.84000015258789,3.3499999046325684,1.3299999237060547,1.6899999380111694,2.319999933242798,10.449999809265137,4.199999809265137,1.959999918937683,2.93999981880188,3.679999828338623,11.34000015258789,6.940000057220459,3.9700000286102295,4.679999828338623,5.119999885559082
1983/03/01,10.699999809265137,6.460000038146973,2.5299999713897705,1.7599999904632568,1.8399999141693115,10.609999656677246,4.420000076293945,2.049999952316284,2.009999990463257,2.2899999618530273,10.84999942779541,4.440000057220459,2.440000057220459,2.7200000286102295,3.129999876022339,11.460000038146973,5.21999979019165,2.9600000381469727,3.799999952316284,4.319999694824219,12.380000114440918,7.940000057220459,4.799999713897705,5.309999942779541,5.639999866485596
1983/04/01,12.84000015258789,9.269999504089355,5.949999809265137,5.239999771118164,5.309999942779541,12.869999885559082,7.619999885559082,5.62999963760376,5.549999713897705,5.779999732971191,13.15999984741211,7.649999618530273,5.940000057220459,6.089999675750732,6.409999847412109,13.789999961853027,8.34000015258789,6.329999923706055,6.899999618530273,7.319999694824219,14.6899995803833,10.779999732971191,7.889999866485596,8.199999809265137,8.4399995803833
1983/05/01,15.219999313354492,12.979999542236328,10.649999618530273,9.829999923706055,9.869999885559082,15.449999809265137,12.09999942779541,10.789999961853027,10.519999504089355,10.59999942779541,15.84999942779541,12.289999961853027,11.15999984741211,11.109999656677246,11.239999771118164,16.469999313354492,12.90999984741211,11.579999923706055,11.869999885559082,12.069999694824219,17.299999237060547,14.779999732971191,12.75,12.9399995803833,13.069999694824219
1983/06/01,17.40999984741211,16.81999969482422,16.19999885559082,15.809999465942383,15.84999942779541,17.869998931884766,16.8799991607666,16.469999313354492,16.600000381469727,16.770000457763672,18.350000381469727,17.219999313354492,16.85999870300293,17.34000015258789,17.59000015258789,18.920000076293945,17.719999313354492,17.28999900817871,18.139999389648438,18.469999313354492,19.579999923706055,18.799999237060547,18.44999885559082,19.170000076293945,19.31999969482422
1983/07/01,19.31999969482422,20.03999900817871,20.85999870300293,20.93000030517578,20.979999542236328,19.939998626708984,20.85999870300293,21.19999885559082,21.06999969482422,21.229999542236328,20.489999771118164,21.260000228881836,21.510000228881836,21.549999237060547,21.770000457763672,20.979999542236328,21.59000015258789,21.85999870300293,22.10999870300293,22.369998931884766,21.469999313354492,21.85999870300293,22.309999465942383,22.709999084472656,22.850000381469727
1983/08/01,20.369998931884766,22.06999969482422,23.739999771118164,23.809999465942383,23.829999923706055,21.10999870300293,23.479999542236328,24.35999870300293,24.329999923706055,24.389999389648438,21.69999885559082,24.010000228881836,24.75,24.8799991607666,24.969999313354492,22.1299991607666,24.28999900817871,25.15999984741211,25.459999084472656,25.579999923706055,22.51999855041504,24.100000381469727,25.51999855041504,26.03999900817871,26.1299991607666
1983/09/01,19.829999923706055,21.420000076293945,23.059999465942383,23.25,23.18000030517578,20.529998779296875,22.69999885559082,23.529998779296875,23.5,23.35999870300293,21.06999969482422,23.1299991607666,23.779998779296875,23.850000381469727,23.709999084472656,21.479999542236328,23.309999465942383,24.010000228881836,24.229999542236328,24.119998931884766,21.850000381469727,23.15999984741211,24.260000228881836,24.649999618530273,24.529998779296875
1983/10/01,17.56999969482422,18.10999870300293,18.729999542236328,18.68000030517578,18.60999870300293,18.149999618530273,18.829999923706055,19.10999870300293,19.059999465942383,18.939998626708984,18.649999618530273,19.170000076293945,19.34000015258789,19.44999885559082,19.309999465942383,19.119998931884766,19.459999084472656,19.619998931884766,19.93000030517578,19.779998779296875,19.619998931884766,19.8799991607666,20.19999885559082,20.559999465942383,20.329999923706055
1983/11/01,14.699999809265137,13.949999809265137,13.449999809265137,13.34000015258789,13.369999885559082,15.09999942779541,13.920000076293945,13.479999542236328,13.649999618530273,13.630000114440918,15.529999732971191,14.1899995803833,13.789999961853027,14.130000114440918,14.079999923706055,16.03999900817871,14.630000114440918,14.15999984741211,14.75999927520752,14.710000038146973,16.649999618530273,15.670000076293945,15.1899995803833,15.710000038146973,15.469999313354492
1983/12/01,12.059999465942383,9.729999542236328,7.839999675750732,7.649999618530273,7.819999694824219,12.239999771118164,8.779999732971191,7.429999828338623,8.0,8.260000228881836,12.59000015258789,9.059999465942383,7.980000019073486,8.75,9.0,13.149999618530273,9.779999732971191,8.65999984741211,9.739999771118164,9.9399995803833,13.84999942779541,11.469999313354492,10.15999984741211,10.979999542236328,10.880000114440918
1984/01/01,10.309999465942383,6.179999828338623,2.4099998474121094,1.5699999332427979,1.6699999570846558,10.269999504089355,4.309999942779541,2.0199999809265137,2.440000057220459,2.950000047683716,10.529999732971191,4.519999980926514,2.669999837875366,3.619999885559082,4.25,11.149999618530273,5.429999828338623,3.4700000286102295,5.009999752044678,5.670000076293945,11.989999771118164,7.889999866485596,5.489999771118164,6.559999942779541,6.839999675750732
1984/02/01,9.6899995803833,5.019999980926514,0.7299999594688416,-0.25999999046325684,-0.17999999225139618,9.559999465942383,2.859999895095825,0.3400000035762787,0.4699999988079071,0.9399999976158142,9.769999504089355,2.8899998664855957,0.7799999713897705,1.5199999809265137,2.200000047683716,10.369999885559082,3.7099997997283936,1.350000023841858,2.7899999618530273,3.549999952316284,11.239999771118164,6.389999866485596,3.369999885559082,4.259999752044678,4.670000076293945
1984/03/01,11.119999885559082,6.230000019073486,1.6999999284744263,0.6100000143051147,0.6299999952316284,10.979999542236328,3.919999837875366,1.2999999523162842,1.5799999237060547,1.909999966621399,11.1899995803833,3.809999942779541,1.5399999618530273,2.490000009536743,3.009999990463257,11.819999694824219,4.549999713897705,1.909999966621399,3.5299999713897705,4.170000076293945,12.75,7.429999828338623,4.069999694824219,4.960000038146973,5.21999979019165
1984/04/01,12.630000114440918,8.639999389648438,4.909999847412109,3.8899998664855957,3.9599997997283936,12.630000114440918,6.859999656677246,4.710000038146973,4.849999904632568,5.179999828338623,12.90999984741211,6.839999675750732,4.980000019073486,5.569999694824219,6.049999713897705,13.529999732971191,7.509999752044678,5.309999942779541,6.369999885559082,6.899999618530273,14.420000076293945,10.019999504089355,7.089999675750732,7.639999866485596,7.829999923706055
1984/05/01,14.549999237060547,12.529999732971191,10.639999389648438,10.050000190734863,10.130000114440918,14.799999237060547,11.800000190734863,10.670000076293945,10.779999732971191,11.09999942779541,15.1899995803833,11.960000038146973,10.969999313354492,11.449999809265137,11.859999656677246,15.75999927520752,12.479999542236328,11.279999732971191,12.139999389648438,12.569999694824219,16.5,14.119999885559082,12.609999656677246,13.179999351501465,13.34000015258789
1984/06/01,17.350000381469727,16.989999771118164,16.729999542236328,16.53999900817871,16.420000076293945,17.84000015258789,17.170000076293945,16.959999084472656,16.59000015258789,16.68000030517578,18.299999237060547,17.34000015258789,17.029998779296875,17.049999237060547,17.270000457763672,18.81999969482422,17.600000381469727,17.119998931884766,17.600000381469727,17.899999618530273,19.420000076293945,18.399999618530273,17.84000015258789,18.309999465942383,18.459999084472656
1984/07/01,19.279998779296875,20.869998931884766,22.69999885559082,23.309999465942383,23.09000015258789,19.94999885559082,22.020000457763672,22.85999870300293,22.709999084472656,22.309999465942383,20.459999084472656,22.260000228881836,22.809999465942383,22.76999855041504,22.469999313354492,20.85999870300293,22.329999923706055,22.850000381469727,23.139999389648438,23.010000228881836,21.239999771118164,22.170000076293945,23.06999969482422,23.529998779296875,23.5
1984/08/01,19.899999618530273,22.309999465942383,24.979999542236328,25.809999465942383,25.649999618530273,20.65999984741211,23.899999618530273,25.15999984741211,25.43000030517578,25.119998931884766,21.19999885559082,24.260000228881836,25.19999885559082,25.369998931884766,25.09000015258789,21.559999465942383,24.31999969482422,25.350000381469727,25.59000015258789,25.420000076293945,21.84000015258789,23.809999465942383,25.469999313354492,25.899999618530273,25.78999900817871
1984/09/01,19.53999900817871,20.90999984741211,22.51999855041504,23.100000381469727,22.959999084472656,20.149999618530273,21.889999389648438,22.559999465942383,23.049999237060547,22.779998779296875,20.639999389648438,22.189998626708984,22.649999618530273,23.209999084472656,22.939998626708984,21.03999900817871,22.3799991607666,22.85999870300293,23.579999923706055,23.3799991607666,21.44999885559082,22.51999855041504,23.549999237060547,24.189998626708984,23.939998626708984
1984/10/01,17.029998779296875,17.53999900817871,18.25,18.489999771118164,18.369998931884766,17.579999923706055,18.10999870300293,18.329999923706055,18.68000030517578,18.479999542236328,18.059999465942383,18.35999870300293,18.440000534057617,18.979999542236328,18.799999237060547,18.529998779296875,18.6299991607666,18.649999618530273,19.489999771118164,19.350000381469727,19.049999237060547,19.209999084472656,19.619998931884766,20.34000015258789,20.020000457763672
1984/11/01,14.529999732971191,13.679999351501465,13.00999927520752,12.889999389648438,12.819999694824219,14.889999389648438,13.5,12.949999809265137,13.299999237060547,13.170000076293945,15.299999237060547,13.729999542236328,13.219999313354492,13.880000114440918,13.75999927520752,15.819999694824219,14.199999809265137,13.59999942779541,14.639999389648438,14.559999465942383,16.469999313354492,15.429999351501465,15.0,15.819999694824219,15.5
1984/12/01,12.25999927520752,10.0,8.109999656677246,7.949999809265137,7.960000038146973,12.399999618530273,8.979999542236328,7.679999828338623,8.039999961853027,8.109999656677246,12.719999313354492,9.059999465942383,7.919999599456787,8.539999961853027,8.65999984741211,13.25,9.619999885559082,8.289999961853027,9.300000190734863,9.4399995803833,13.989999771118164,11.460000038146973,9.84999942779541,10.539999961853027,10.40999984741211
1985/01/01,9.619999885559082,5.599999904632568,1.9499999284744263,1.2599999904632568,1.2400000095367432,9.519999504089355,3.679999828338623,1.459999918937683,1.4399999380111694,1.5699999332427979,9.739999771118164,3.7099997997283936,1.8199999332427979,2.129999876022339,2.3499999046325684,10.319999694824219,4.480000019073486,2.369999885559082,3.2899999618530273,3.569999933242798,11.1899995803833,7.109999656677246,4.339999675750732,5.009999752044678,5.029999732971191
1985/02/01,9.260000228881836,4.789999961853027,0.7799999713897705,0.0,0.03999999910593033,9.109999656677246,2.629999876022339,0.2199999988079071,0.7699999809265137,1.0499999523162842,9.289999961853027,2.509999990463257,0.41999998688697815,1.5,1.899999976158142,9.859999656677246,3.1999998092651367,0.7699999809265137,2.4800000190734863,2.9800000190734863,10.729999542236328,6.0,3.0399999618530273,4.009999752044678,4.170000076293945
1985/03/01,10.380000114440918,5.71999979019165,1.5999999046325684,0.7599999904632568,0.7899999618530273,10.260000228881836,3.5399999618530273,1.0799999237060547,1.6100000143051147,1.8799999952316284,10.460000038146973,3.429999828338623,1.2799999713897705,2.369999885559082,2.7699999809265137,11.059999465942383,4.119999885559082,1.6200000047683716,3.299999952316284,3.759999990463257,11.979999542236328,6.989999771118164,3.8899998664855957,4.819999694824219,4.880000114440918
1985/04/01,12.25,8.289999961853027,4.789999961853027,3.9700000286102295,4.0,12.25999927520752,6.539999961853027,4.460000038146973,5.009999752044678,5.259999752044678,12.529999732971191,6.509999752044678,4.679999828338623,5.759999752044678,6.099999904632568,13.149999618530273,7.170000076293945,5.009999752044678,6.619999885559082,6.960000038146973,14.049999237060547,9.819999694824219,7.230000019073486,8.149999618530273,8.029999732971191
1985/05/01,15.109999656677246,12.1899995803833,9.550000190734863,8.899999618530273,8.970000267028809,15.289999961853027,10.979999542236328,9.34999942779541,9.800000190734863,10.09999942779541,15.670000076293945,11.109999656677246,9.699999809265137,10.59999942779541,10.979999542236328,16.329999923706055,11.800000190734863,10.149999618530273,11.519999504089355,11.899999618530273,17.239999771118164,14.179999351501465,12.229999542236328,13.09999942779541,13.049999237060547
1985/06/01,16.639999389648438,15.319999694824219,14.369999885559082,14.489999771118164,14.6899995803833,16.959999084472656,14.799999237060547,13.949999809265137,14.84999942779541,15.469999313354492,17.399999618530273,15.00999927520752,14.229999542236328,15.639999389648438,16.399999618530273,18.0,15.589999198913574,14.670000076293945,16.65999984741211,17.43000030517578,18.78999900817871,17.420000076293945,16.940000534057617,18.35999870300293,18.619998931884766
1985/07/01,18.60999870300293,19.56999969482422,20.93000030517578,21.729999542236328,21.869998931884766,19.18000030517578,20.25,20.65999984741211,21.40999984741211,22.049999237060547,19.65999984741211,20.479999542236328,20.709999084472656,21.670000076293945,22.44999885559082,20.119998931884766,20.729999542236328,20.90999984741211,22.28999900817871,23.059999465942383,20.619998931884766,21.260000228881836,22.260000228881836,23.529998779296875,23.78999900817871
1985/08/01,20.19999885559082,22.31999969482422,24.639999389648438,25.219999313354492,25.15999984741211,20.939998626708984,23.850000381469727,25.0,24.729999542236328,24.729999542236328,21.469999313354492,24.189998626708984,25.03999900817871,24.69999885559082,24.75,21.829999923706055,24.260000228881836,25.15999984741211,25.01999855041504,25.09000015258789,22.139999389648438,23.84000015258789,25.209999084472656,25.529998779296875,25.53999900817871
1985/09/01,19.689998626708984,20.809999465942383,22.049999237060547,22.40999984741211,22.299999237060547,20.260000228881836,21.65999984741211,22.19999885559082,22.3799991607666,22.229999542236328,20.719999313354492,21.93000030517578,22.28999900817871,22.559999465942383,22.44999885559082,21.119998931884766,22.1299991607666,22.479999542236328,23.0,22.969999313354492,21.53999900817871,22.389999389648438,23.139999389648438,23.689998626708984,23.6299991607666
1985/10/01,17.399999618530273,17.529998779296875,17.770000457763672,17.729999542236328,17.510000228881836,17.899999618530273,17.959999084472656,17.989999771118164,18.1299991607666,17.850000381469727,18.369998931884766,18.239999771118164,18.19999885559082,18.579999923706055,18.329999923706055,18.850000381469727,18.56999969482422,18.479999542236328,19.209999084472656,19.020000457763672,19.389999389648438,19.279998779296875,19.439998626708984,20.1299991607666,19.779998779296875
1985/11/01,14.84999942779541,13.579999923706055,12.4399995803833,12.109999656677246,11.929999351501465,15.1899995803833,13.239999771118164,12.460000038146973,12.670000076293945,12.479999542236328,15.619999885559082,13.539999961853027,12.889999389648438,13.4399995803833,13.289999961853027,16.190000534057617,14.119999885559082,13.399999618530273,14.359999656677246,14.25,16.869998931884766,15.449999809265137,14.719999313354492,15.479999542236328,15.1899995803833
1985/12/01,12.109999656677246,8.739999771118164,5.549999713897705,4.849999904632568,4.759999752044678,12.149999618530273,7.179999828338623,5.210000038146973,5.519999980926514,5.559999942779541,12.469999313354492,7.389999866485596,5.789999961853027,6.579999923706055,6.71999979019165,13.09999942779541,8.25,6.509999752044678,7.859999656677246,8.069999694824219,13.969999313354492,10.619999885559082,8.460000038146973,9.369999885559082,9.319999694824219
1986/01/01,10.389999389648438,5.670000076293945,1.149999976158142,0.029999999329447746,-0.07000000029802322,10.25,3.419999837875366,0.8100000023841858,0.6800000071525574,0.8999999761581421,10.469999313354492,3.4499998092651367,1.2599999904632568,1.7300000190734863,2.169999837875366,11.119999885559082,4.319999694824219,1.8600000143051147,3.119999885559082,3.6999998092651367,12.059999465942383,7.230000019073486,3.9700000286102295,4.759999752044678,5.069999694824219
1986/02/01,10.09999942779541,5.369999885559082,0.8499999642372131,-0.29999998211860657,-0.32999998331069946,9.9399995803833,3.109999895095825,0.5199999809265137,0.5699999928474426,0.6899999976158142,10.139999389648438,3.059999942779541,0.85999995470047,1.5799999237060547,1.899999976158142,10.760000228881836,3.8499999046325684,1.3299999237060547,2.8399999141693115,3.319999933242798,11.679999351501465,6.730000019073486,3.509999990463257,4.429999828338623,4.599999904632568
1986/03/01,10.670000076293945,6.239999771118164,2.109999895095825,1.149999976158142,1.149999976158142,10.559999465942383,4.099999904632568,1.6799999475479126,2.119999885559082,2.2799999713897705,10.769999504089355,4.029999732971191,1.9399999380111694,2.9600000381469727,3.259999990463257,11.369999885559082,4.759999752044678,2.3299999237060547,3.9800000190734863,4.389999866485596,12.279999732971191,7.559999942779541,4.529999732971191,5.449999809265137,5.489999771118164
1986/04/01,13.139999389648438,9.359999656677246,5.900000095367432,5.099999904632568,5.099999904632568,13.149999618530273,7.619999885559082,5.569999694824219,5.889999866485596,6.009999752044678,13.429999351501465,7.539999961853027,5.730000019073486,6.5,6.710000038146973,14.049999237060547,8.139999389648438,5.960000038146973,7.170000076293945,7.419999599456787,14.929999351501465,10.609999656677246,7.710000038146973,8.300000190734863,8.239999771118164
1986/05/01,15.309999465942383,13.09000015258789,10.880000114440918,10.0,9.960000038146973,15.559999465942383,12.34000015258789,11.139999389648438,10.699999809265137,10.579999923706055,15.949999809265137,12.449999809265137,11.380000114440918,11.289999961853027,11.229999542236328,16.549999237060547,12.960000038146973,11.630000114440918,11.979999542236328,11.969999313354492,17.31999969482422,14.65999984741211,12.719999313354492,12.960000038146973,12.799999237060547
1986/06/01,17.399999618530273,17.0,16.799999237060547,16.739999771118164,16.760000228881836,17.8799991607666,17.149999618530273,16.869998931884766,17.170000076293945,17.139999389648438,18.35999870300293,17.469999313354492,17.209999084472656,17.760000228881836,17.760000228881836,18.90999984741211,17.90999984741211,17.56999969482422,18.389999389648438,18.459999084472656,19.529998779296875,18.84000015258789,18.600000381469727,19.229999542236328,19.15999984741211
1986/07/01,19.479999542236328,20.5,21.8799991607666,22.529998779296875,22.579999923706055,20.09000015258789,21.299999237060547,21.78999900817871,22.19999885559082,22.389999389648438,20.579999923706055,21.559999465942383,21.85999870300293,22.28999900817871,22.51999855041504,21.029998779296875,21.739999771118164,22.0,22.53999900817871,22.779998779296875,21.469999313354492,21.939998626708984,22.44999885559082,22.899999618530273,22.979999542236328
1986/08/01,20.329999923706055,21.920000076293945,23.739999771118164,24.350000381469727,24.34000015258789,21.0,23.059999465942383,23.850000381469727,24.029998779296875,24.01999855041504,21.520000457763672,23.399999618530273,23.969999313354492,24.15999984741211,24.18000030517578,21.939998626708984,23.59000015258789,24.19999885559082,24.53999900817871,24.59000015258789,22.350000381469727,23.619998931884766,24.65999984741211,25.100000381469727,25.079999923706055
1986/09/01,19.989999771118164,20.959999084472656,22.010000228881836,22.209999084472656,22.0,20.549999237060547,21.770000457763672,22.26999855041504,22.279998779296875,21.920000076293945,21.0,21.959999084472656,22.25,22.369998931884766,22.0,21.399999618530273,22.079999923706055,22.28999900817871,22.60999870300293,22.28999900817871,21.84000015258789,22.369998931884766,22.799999237060547,23.15999984741211,22.760000228881836
1986/10/01,16.799999237060547,16.869998931884766,16.989999771118164,16.90999984741211,16.739999771118164,17.299999237060547,17.25,17.219999313354492,17.260000228881836,16.94999885559082,17.770000457763672,17.559999465942383,17.479999542236328,17.729999542236328,17.43000030517578,18.270000457763672,17.93000030517578,17.799999237060547,18.35999870300293,18.119998931884766,18.829999923706055,18.690000534057617,18.739999771118164,19.28999900817871,18.959999084472656
1986/11/01,14.179999351501465,12.699999809265137,11.34000015258789,11.039999961853027,10.829999923706055,14.460000038146973,12.15999984741211,11.229999542236328,11.449999809265137,11.210000038146973,14.869999885559082,12.449999809265137,11.670000076293945,12.170000076293945,11.960000038146973,15.429999351501465,13.059999465942383,12.1899995803833,13.109999656677246,12.949999809265137,16.149999618530273,14.589999198913574,13.639999389648438,14.369999885559082,14.059999465942383
1986/12/01,11.779999732971191,8.729999542236328,5.859999656677246,5.159999847412109,5.0,11.859999656677246,7.389999866485596,5.609999656677246,6.009999752044678,5.980000019073486,12.199999809265137,7.699999809265137,6.289999961853027,7.179999828338623,7.25,12.809999465942383,8.559999465942383,7.089999675750732,8.539999961853027,8.699999809265137,13.630000114440918,10.739999771118164,9.059999465942383,10.130000114440918,10.050000190734863
1987/01/01,10.399999618530273,5.690000057220459,1.3399999141693115,0.4399999976158142,0.3999999761581421,10.269999504089355,3.4600000381469727,0.8100000023841858,1.1699999570846558,1.4199999570846558,10.519999504089355,3.609999895095825,1.459999918937683,2.429999828338623,2.859999895095825,11.1899995803833,4.599999904632568,2.2699999809265137,3.9700000286102295,4.519999980926514,12.139999389648438,7.539999961853027,4.699999809265137,5.839999675750732,6.059999942779541
1987/02/01,10.519999504089355,5.349999904632568,0.5999999642372131,-0.3400000035762787,-0.22999998927116394,10.329999923706055,2.819999933242798,-0.009999999776482582,0.32999998331069946,0.75,10.539999961853027,2.7899999618530273,0.3700000047683716,1.2799999713897705,1.8799999952316284,11.210000038146973,3.679999828338623,0.9599999785423279,2.5799999237060547,3.299999952316284,12.210000038146973,6.87999963760376,3.419999837875366,4.400000095367432,4.759999752044678
1987/03/01,11.289999961853027,6.119999885559082,1.4499999284744263,0.6599999666213989,0.7799999713897705,11.09999942779541,3.5199999809265137,0.6899999976158142,1.1100000143051147,1.5199999809265137,11.289999961853027,3.3499999046325684,0.8799999952316284,1.7599999904632568,2.3299999237060547,11.960000038146973,4.130000114440918,1.2400000095367432,2.7200000286102295,3.3899998664855957,13.0,7.409999847412109,3.5999999046325684,4.369999885559082,4.699999809265137
1987/04/01,12.710000038146973,8.529999732971191,4.789999961853027,4.069999694824219,4.130000114440918,12.679999351501465,6.609999656677246,4.360000133514404,4.049999713897705,4.190000057220459,12.949999809265137,6.539999961853027,4.569999694824219,4.460000038146973,4.670000076293945,13.579999923706055,7.199999809265137,4.869999885559082,5.21999979019165,5.5,14.50999927520752,9.84000015258789,6.389999866485596,6.539999961853027,6.659999847412109
1987/05/01,14.809999465942383,11.859999656677246,9.179999351501465,8.5,8.510000228881836,14.979999542236328,10.670000076293945,9.069999694824219,8.90999984741211,8.889999389648438,15.34999942779541,10.769999504089355,9.369999885559082,9.399999618530273,9.429999351501465,15.979999542236328,11.399999618530273,9.739999771118164,10.15999984741211,10.289999961853027,16.850000381469727,13.549999237060547,11.15999984741211,11.420000076293945,11.460000038146973
1987/06/01,16.799999237060547,15.719999313354492,14.75999927520752,14.319999694824219,14.289999961853027,17.219999313354492,15.559999465942383,14.9399995803833,15.339999198913574,15.449999809265137,17.68000030517578,15.839999198913574,15.289999961853027,16.0,16.18000030517578,18.260000228881836,16.350000381469727,15.679999351501465,16.75,17.020000457763672,18.969999313354492,17.68000030517578,17.06999969482422,17.85999870300293,17.989999771118164
1987/07/01,19.239999771118164,19.78999900817871,20.5,20.6299991607666,20.69999885559082,19.850000381469727,20.459999084472656,20.709999084472656,21.0,21.369998931884766,20.3799991607666,20.78999900817871,20.920000076293945,21.559999465942383,22.049999237060547,20.889999389648438,21.09000015258789,21.189998626708984,22.119998931884766,22.639999389648438,21.420000076293945,21.579999923706055,22.10999870300293,22.959999084472656,23.170000076293945
1987/08/01,20.309999465942383,22.260000228881836,24.239999771118164,24.439998626708984,24.479999542236328,21.059999465942383,23.81999969482422,24.920000076293945,24.279998779296875,24.170000076293945,21.60999870300293,24.229999542236328,25.079999923706055,24.389999389648438,24.260000228881836,21.989999771118164,24.28999900817871,25.19999885559082,24.600000381469727,24.5,22.279998779296875,23.739999771118164,24.779998779296875,24.689998626708984,24.670000076293945
1987/09/01,19.270000457763672,20.649999618530273,22.119998931884766,22.260000228881836,22.170000076293945,19.939998626708984,21.869998931884766,22.649999618530273,22.18000030517578,21.850000381469727,20.469999313354492,22.229999542236328,22.809999465942383,22.3799991607666,22.029998779296875,20.869998931884766,22.350000381469727,22.939998626708984,22.65999984741211,22.389999389648438,21.239999771118164,22.189998626708984,22.889999389648438,22.899999618530273,22.76999855041504
1987/10/01,17.369998931884766,17.8799991607666,18.399999618530273,18.229999542236328,18.06999969482422,17.94999885559082,18.60999870300293,18.889999389648438,18.529998779296875,18.149999618530273,18.459999084472656,18.920000076293945,19.079999923706055,18.81999969482422,18.43000030517578,18.93000030517578,19.15999984741211,19.270000457763672,19.219999313354492,18.90999984741211,19.43000030517578,19.520000457763672,19.60999870300293,19.75,19.53999900817871
1987/11/01,14.65999984741211,13.149999618530273,11.630000114440918,11.019999504089355,10.90999984741211,14.979999542236328,12.729999542236328,11.829999923706055,11.639999389648438,11.429999351501465,15.399999618530273,13.019999504089355,12.269999504089355,12.309999465942383,12.119999885559082,15.969999313354492,13.609999656677246,12.779999732971191,13.149999618530273,13.029999732971191,16.68000030517578,15.059999465942383,13.899999618530273,14.279999732971191,14.139999389648438
1987/12/01,11.800000190734863,9.269999504089355,6.849999904632568,6.119999885559082,6.059999942779541,11.9399995803833,8.269999504089355,6.849999904632568,6.539999961853027,6.449999809265137,12.25999927520752,8.479999542236328,7.309999942779541,7.309999942779541,7.269999980926514,12.809999465942383,9.130000114440918,7.819999694824219,8.279999732971191,8.359999656677246,13.549999237060547,10.960000038146973,9.130000114440918,9.529999732971191,9.569999694824219
1988/01/01,11.1899995803833,7.210000038146973,3.6499998569488525,2.8999998569488525,2.919999837875366,11.170000076293945,5.429999828338623,3.2799999713897705,3.2699999809265137,3.3999998569488525,11.429999351501465,5.509999752044678,3.6999998092651367,4.059999942779541,4.309999942779541,12.039999961853027,6.25,4.210000038146973,5.130000114440918,5.529999732971191,12.889999389648438,8.699999809265137,5.909999847412109,6.460000038146973,6.739999771118164
1988/02/01,10.84999942779541,5.940000057220459,1.459999918937683,0.5099999904632568,0.6200000047683716,10.719999313354492,3.619999885559082,0.9399999976158142,1.2300000190734863,1.6799999475479126,10.949999809265137,3.6499998569488525,1.399999976158142,2.180000066757202,2.8299999237060547,11.609999656677246,4.529999732971191,2.0,3.369999885559082,4.159999847412109,12.569999694824219,7.489999771118164,4.170000076293945,4.980000019073486,5.460000038146973
1988/03/01,11.239999771118164,6.489999771118164,2.2699999809265137,1.5499999523162842,1.659999966621399,11.109999656677246,4.179999828338623,1.5799999237060547,2.2300000190734863,2.609999895095825,11.34000015258789,4.110000133514404,1.8700000047683716,3.0,3.569999933242798,11.979999542236328,4.889999866485596,2.309999942779541,4.019999980926514,4.710000038146973,12.949999809265137,7.869999885559082,4.610000133514404,5.509999752044678,5.900000095367432
1988/04/01,12.829999923706055,8.729999542236328,5.099999904632568,4.509999752044678,4.589999675750732,12.799999237060547,6.769999980926514,4.519999980926514,4.920000076293945,5.269999980926514,13.069999694824219,6.71999979019165,4.75,5.579999923706055,6.079999923706055,13.719999313354492,7.429999828338623,5.130000114440918,6.489999771118164,7.069999694824219,14.670000076293945,10.1899995803833,7.259999752044678,8.069999694824219,8.260000228881836
1988/05/01,15.50999927520752,12.59000015258789,10.09000015258789,9.869999885559082,9.960000038146973,15.649999618530273,11.179999351501465,9.510000228881836,10.119999885559082,10.4399995803833,15.989999771118164,11.139999389648438,9.609999656677246,10.449999809265137,10.880000114440918,16.639999389648438,11.719999313354492,9.84999942779541,11.059999465942383,11.550000190734863,17.559999465942383,14.069999694824219,11.649999618530273,12.269999504089355,12.4399995803833
1988/06/01,18.19999885559082,17.239999771118164,16.53999900817871,16.510000228881836,16.459999084472656,18.600000381469727,17.010000228881836,16.399999618530273,16.850000381469727,16.989999771118164,19.049999237060547,17.239999771118164,16.670000076293945,17.489999771118164,17.739999771118164,19.6299991607666,17.739999771118164,17.03999900817871,18.28999900817871,18.59000015258789,20.34000015258789,19.100000381469727,18.520000457763672,19.439998626708984,19.44999885559082
1988/07/01,20.079999923706055,21.03999900817871,22.479999542236328,23.279998779296875,23.31999969482422,20.689998626708984,21.799999237060547,22.25,22.709999084472656,22.969999313354492,21.189998626708984,22.049999237060547,22.299999237060547,22.93000030517578,23.31999969482422,21.65999984741211,22.279998779296875,22.510000228881836,23.43000030517578,23.869998931884766,22.149999618530273,22.689998626708984,23.40999984741211,24.209999084472656,24.369998931884766
1988/08/01,20.18000030517578,22.209999084472656,24.719999313354492,25.760000228881836,25.760000228881836,20.899999618530273,23.56999969482422,24.619998931884766,25.139999389648438,25.260000228881836,21.439998626708984,23.8799991607666,24.6299991607666,25.09000015258789,25.26999855041504,21.829999923706055,23.989999771118164,24.78999900817871,25.3799991607666,25.599998474121094,22.18000030517578,23.799999237060547,25.260000228881836,25.90999984741211,25.969999313354492
1988/09/01,19.439998626708984,21.15999984741211,22.90999984741211,22.94999885559082,22.829999923706055,20.139999389648438,22.59000015258789,23.600000381469727,23.309999465942383,22.989999771118164,20.649999618530273,22.8799991607666,23.600000381469727,23.389999389648438,23.09000015258789,21.020000457763672,22.90999984741211,23.619998931884766,23.6299991607666,23.399999618530273,21.35999870300293,22.689998626708984,23.78999900817871,24.06999969482422,23.850000381469727
1988/10/01,16.889999389648438,17.78999900817871,18.739999771118164,18.6299991607666,18.440000534057617,17.5,18.779998779296875,19.31999969482422,18.90999984741211,18.5,18.0,19.09000015258789,19.44999885559082,19.19999885559082,18.770000457763672,18.43000030517578,19.270000457763672,19.600000381469727,19.59000015258789,19.229999542236328,18.85999870300293,19.43000030517578,19.969999313354492,20.229999542236328,19.8799991607666
1988/11/01,14.429999351501465,13.739999771118164,13.1899995803833,12.889999389648438,12.649999618530273,14.839999198913574,13.789999961853027,13.420000076293945,13.329999923706055,12.929999351501465,15.25999927520752,14.029999732971191,13.65999984741211,13.789999961853027,13.389999389648438,15.75,14.429999351501465,13.969999313354492,14.40999984741211,14.09000015258789,16.350000381469727,15.429999351501465,14.899999618530273,15.319999694824219,14.979999542236328
1988/12/01,11.960000038146973,9.0,6.489999771118164,6.190000057220459,5.960000038146973,12.039999961853027,7.669999599456787,6.009999752044678,6.319999694824219,6.170000076293945,12.34999942779541,7.799999713897705,6.389999866485596,7.039999961853027,6.989999771118164,12.929999351501465,8.5,6.929999828338623,8.059999465942383,8.109999656677246,13.729999542236328,10.649999618530273,8.65999984741211,9.399999618530273,9.319999694824219
1989/01/01,10.559999465942383,6.230000019073486,2.2899999618530273,1.5499999523162842,1.4199999570846558,10.479999542236328,4.159999847412109,1.709999918937683,2.2100000381469727,2.319999933242798,10.729999542236328,4.299999713897705,2.299999952316284,3.309999942779541,3.609999895095825,11.380000114440918,5.21999979019165,3.0399999618530273,4.75,5.199999809265137,12.300000190734863,8.029999732971191,5.349999904632568,6.449999809265137,6.619999885559082
1989/02/01,10.389999389648438,5.71999979019165,1.4800000190734863,0.5999999642372131,0.5299999713897705,10.269999504089355,3.5199999809265137,0.9699999690055847,1.2999999523162842,1.5799999237060547,10.489999771118164,3.569999933242798,1.4299999475479126,2.450000047683716,2.9700000286102295,11.130000114440918,4.429999828338623,2.059999942779541,3.8499999046325684,4.549999713897705,12.039999961853027,7.25,4.329999923706055,5.489999771118164,5.839999675750732
1989/03/01,11.15999984741211,6.859999656677246,2.950000047683716,2.0999999046325684,2.0999999046325684,11.09000015258789,4.869999885559082,2.549999952316284,2.690000057220459,2.879999876022339,11.319999694824219,4.859999656677246,2.869999885559082,3.559999942779541,3.9599997997283936,11.929999351501465,5.569999694824219,3.2899999618530273,4.679999828338623,5.230000019073486,12.809999465942383,8.170000076293945,5.25,6.099999904632568,6.319999694824219
1989/04/01,12.969999313354492,10.039999961853027,7.279999732971191,6.549999713897705,6.529999732971191,13.09000015258789,8.779999732971191,7.139999866485596,7.21999979019165,7.239999771118164,13.40999984741211,8.880000114440918,7.480000019073486,8.010000228881836,8.109999656677246,13.989999771118164,9.510000228881836,7.87999963760376,8.889999389648438,9.09000015258789,14.779999732971191,11.529999732971191,9.429999351501465,10.050000190734863,10.019999504089355
1989/05/01,15.079999923706055,13.210000038146973,11.269999504089355,10.399999618530273,10.279999732971191,15.369999885559082,12.649999618530273,11.609999656677246,11.199999809265137,11.059999465942383,15.769999504089355,12.84999942779541,11.9399995803833,12.0,11.969999313354492,16.35999870300293,13.399999618530273,12.319999694824219,12.989999771118164,13.079999923706055,17.100000381469727,14.989999771118164,13.649999618530273,14.269999504089355,14.199999809265137
1989/06/01,17.40999984741211,17.309999465942383,17.35999870300293,17.28999900817871,17.15999984741211,17.899999618530273,17.579999923706055,17.549999237060547,17.469999313354492,17.329999923706055,18.34000015258789,17.600000381469727,17.369998931884766,17.60999870300293,17.549999237060547,18.829999923706055,17.729999542236328,17.25,17.84000015258789,17.869998931884766,19.40999984741211,18.53999900817871,18.020000457763672,18.40999984741211,18.299999237060547
1989/07/01,19.329999923706055,20.920000076293945,22.729999542236328,23.209999084472656,23.1299991607666,20.029998779296875,22.10999870300293,22.969999313354492,23.1299991607666,23.06999969482422,20.56999969482422,22.350000381469727,22.90999984741211,23.229999542236328,23.239999771118164,20.989999771118164,22.399999618530273,22.889999389648438,23.439998626708984,23.510000228881836,21.399999618530273,22.35999870300293,23.31999969482422,23.869998931884766,23.81999969482422
1989/08/01,20.020000457763672,21.899999618530273,23.93000030517578,24.43000030517578,24.389999389648438,20.75,23.26999855041504,24.229999542236328,24.469999313354492,24.299999237060547,21.299999237060547,23.649999618530273,24.369998931884766,24.649999618530273,24.5,21.719999313354492,23.779998779296875,24.559999465942383,24.959999084472656,24.869998931884766,22.079999923706055,23.549999237060547,24.85999870300293,25.369998931884766,25.260000228881836
1989/09/01,19.81999969482422,20.869998931884766,21.969999313354492,22.15999984741211,22.020000457763672,20.439998626708984,21.760000228881836,22.260000228881836,22.299999237060547,21.959999084472656,20.94999885559082,22.119998931884766,22.469999313354492,22.600000381469727,22.229999542236328,21.40999984741211,22.35999870300293,22.709999084472656,23.010000228881836,22.68000030517578,21.869998931884766,22.579999923706055,23.170000076293945,23.53999900817871,23.189998626708984
1989/10/01,16.940000534057617,17.279998779296875,17.770000457763672,17.850000381469727,17.59000015258789,17.489999771118164,17.829999923706055,17.969999313354492,18.0,17.59000015258789,17.989999771118164,18.149999618530273,18.19999885559082,18.43000030517578,18.020000457763672,18.469999313354492,18.469999313354492,18.479999542236328,18.989999771118164,18.619998931884766,19.0,19.03999900817871,19.25,19.760000228881836,19.299999237060547
1989/11/01,14.59999942779541,13.210000038146973,11.989999771118164,11.65999984741211,11.489999771118164,14.929999351501465,12.829999923706055,11.989999771118164,12.109999656677246,11.90999984741211,15.369999885559082,13.179999351501465,12.5,12.960000038146973,12.789999961853027,15.949999809265137,13.829999923706055,13.109999656677246,14.0,13.869999885559082,16.649999618530273,15.269999504089355,14.549999237060547,15.299999237060547,15.0
1989/12/01,12.039999961853027,9.309999465942383,6.659999847412109,5.889999866485596,5.679999828338623,12.170000076293945,8.199999809265137,6.609999656677246,6.679999828338623,6.549999713897705,12.529999732971191,8.550000190734863,7.309999942779541,7.869999885559082,7.859999656677246,13.130000114440918,9.399999618530273,8.09999942779541,9.25,9.34000015258789,13.929999351501465,11.429999351501465,9.929999351501465,10.84999942779541,10.719999313354492
1990/01/01,10.309999465942383,5.839999675750732,1.5199999809265137,0.29999998211860657,0.2800000011920929,10.219999313354492,3.809999942779541,1.3199999332427979,1.2899999618530273,1.559999942779541,10.479999542236328,3.990000009536743,1.9799998998641968,2.669999837875366,3.1399998664855957,11.130000114440918,4.960000038146973,2.7699999809265137,4.319999694824219,4.960000038146973,12.069999694824219,7.819999694824219,5.150000095367432,6.239999771118164,6.569999694824219
1990/02/01,10.25,5.460000038146973,0.9399999976158142,-0.23999999463558197,-0.19999998807907104,10.119999885559082,3.25,0.6699999570846558,0.6599999666213989,0.9699999690055847,10.319999694824219,3.2300000190734863,1.0399999618530273,1.6899999380111694,2.240000009536743,10.949999809265137,4.029999732971191,1.5299999713897705,2.93999981880188,3.6599998474121094,11.889999389648438,6.960000038146973,3.7699999809265137,4.630000114440918,5.0
1990/03/01,10.800000190734863,6.369999885559082,2.240000009536743,1.090000033378601,1.2400000095367432,10.739999771118164,4.429999828338623,2.069999933242798,2.1599998474121094,2.490000009536743,11.0,4.529999732971191,2.549999952316284,3.169999837875366,3.6399998664855957,11.630000114440918,5.349999904632568,3.129999876022339,4.349999904632568,4.909999847412109,12.539999961853027,8.09999942779541,5.259999752044678,6.039999961853027,6.259999752044678
1990/04/01,12.5,9.079999923706055,5.909999847412109,5.089999675750732,5.170000076293945,12.559999465942383,7.599999904632568,5.730000019073486,5.779999732971191,5.980000019073486,12.859999656677246,7.679999828338623,6.079999923706055,6.519999980926514,6.75,13.469999313354492,8.359999656677246,6.5,7.409999847412109,7.659999847412109,14.34000015258789,10.75,8.289999961853027,8.84000015258789,8.789999961853027
1990/05/01,14.649999618530273,12.579999923706055,10.65999984741211,10.229999542236328,10.149999618530273,14.839999198913574,11.699999809265137,10.539999961853027,10.359999656677246,10.309999465942383,15.170000076293945,11.679999351501465,10.569999694824219,10.649999618530273,10.65999984741211,15.719999313354492,12.09000015258789,10.670000076293945,11.219999313354492,11.25,16.510000228881836,14.019999504089355,12.09000015258789,12.40999984741211,12.199999809265137
1990/06/01,17.329999923706055,16.85999870300293,16.510000228881836,16.299999237060547,16.079999923706055,17.739999771118164,16.940000534057617,16.690000534057617,16.68000030517578,16.350000381469727,18.149999618530273,17.049999237060547,16.69999885559082,16.8799991607666,16.579999923706055,18.639999389648438,17.309999465942383,16.760000228881836,17.260000228881836,17.020000457763672,19.260000228881836,18.399999618530273,17.770000457763672,18.149999618530273,17.770000457763672
1990/07/01,19.709999084472656,20.520000457763672,21.189998626708984,20.829999923706055,20.799999237060547,20.31999969482422,21.459999084472656,21.889999389648438,21.75,21.469999313354492,20.850000381469727,21.889999389648438,22.229999542236328,22.35999870300293,22.03999900817871,21.309999465942383,22.19999885559082,22.559999465942383,22.889999389648438,22.600000381469727,21.78999900817871,22.529998779296875,23.139999389648438,23.529998779296875,23.18000030517578
1990/08/01,20.35999870300293,22.09000015258789,23.90999984741211,24.239999771118164,24.19999885559082,21.049999237060547,23.399999618530273,24.26999855041504,24.689998626708984,24.670000076293945,21.579999923706055,23.90999984741211,24.639999389648438,25.309999465942383,25.309999465942383,21.979999542236328,24.189998626708984,25.03999900817871,25.939998626708984,25.969999313354492,22.35999870300293,24.15999984741211,25.85999870300293,26.75,26.6299991607666
1990/09/01,19.989999771118164,21.369998931884766,22.850000381469727,23.09000015258789,22.8799991607666,20.60999870300293,22.469999313354492,23.229999542236328,23.119998931884766,22.829999923706055,21.06999969482422,22.709999084472656,23.219999313354492,23.19999885559082,22.920000076293945,21.44999885559082,22.76999855041504,23.229999542236328,23.399999618530273,23.149999618530273,21.809999465942383,22.719999313354492,23.44999885559082,23.739999771118164,23.44999885559082
1990/10/01,17.369998931884766,17.920000076293945,18.529998779296875,18.5,18.31999969482422,17.920000076293945,18.619998931884766,18.869998931884766,18.869998931884766,18.559999465942383,18.420000076293945,19.010000228881836,19.189998626708984,19.3799991607666,19.029998779296875,18.8799991607666,19.34000015258789,19.559999465942383,19.94999885559082,19.600000381469727,19.350000381469727,19.68000030517578,20.1299991607666,20.579999923706055,20.149999618530273
1990/11/01,15.049999237060547,14.289999961853027,13.619999885559082,13.399999618530273,13.329999923706055,15.449999809265137,14.219999313354492,13.679999351501465,14.00999927520752,13.859999656677246,15.920000076293945,14.649999618530273,14.239999771118164,14.869999885559082,14.6899995803833,16.479999542236328,15.269999504089355,14.880000114440918,15.839999198913574,15.649999618530273,17.119998931884766,16.369998931884766,16.139999389648438,16.920000076293945,16.549999237060547
1990/12/01,12.649999618530273,10.050000190734863,7.710000038146973,7.259999752044678,7.409999847412109,12.809999465942383,8.949999809265137,7.37999963760376,8.09000015258789,8.389999389648438,13.1899995803833,9.319999694824219,8.119999885559082,9.210000038146973,9.519999504089355,13.809999465942383,10.199999809265137,8.970000267028809,10.449999809265137,10.719999313354492,14.609999656677246,12.199999809265137,10.889999389648438,11.9399995803833,11.84000015258789
1991/01/01,10.760000228881836,6.46999979019165,2.4600000381469727,1.5499999523162842,1.7300000190734863,10.699999809265137,4.46999979019165,2.0199999809265137,2.569999933242798,3.169999837875366,10.989999771118164,4.730000019073486,2.7799999713897705,3.93999981880188,4.650000095367432,11.649999618530273,5.759999752044678,3.68999981880188,5.549999713897705,6.269999980926514,12.59999942779541,8.639999389648438,6.309999942779541,7.599999904632568,7.829999923706055
1991/02/01,10.639999389648438,5.87999963760376,1.3799999952316284,0.26999998092651367,0.35999998450279236,10.510000228881836,3.619999885559082,0.9799999594688416,1.3700000047683716,1.899999976158142,10.760000228881836,3.7099997997283936,1.5299999713897705,2.7300000190734863,3.4600000381469727,11.420000076293945,4.650000095367432,2.2100000381469727,4.289999961853027,5.089999675750732,12.389999389648438,7.699999809265137,4.940000057220459,6.349999904632568,6.609999656677246
1991/03/01,11.539999961853027,6.46999979019165,1.6999999284744263,0.6399999856948853,0.7599999904632568,11.369999885559082,3.9700000286102295,1.159999966621399,1.5899999141693115,2.069999933242798,11.59999942779541,3.9099998474121094,1.5099999904632568,2.690000057220459,3.379999876022339,12.279999732971191,4.779999732971191,2.0199999809265137,4.019999980926514,4.809999942779541,13.319999694824219,8.079999923706055,4.769999980926514,5.96999979019165,6.269999980926514
1991/04/01,13.079999923706055,8.720000267028809,4.71999979019165,3.9099998474121094,4.029999732971191,13.00999927520752,6.579999923706055,4.170000076293945,4.75,5.239999771118164,13.269999504089355,6.489999771118164,4.369999885559082,5.5,6.159999847412109,13.9399995803833,7.210000038146973,4.690000057220459,6.449999809265137,7.170000076293945,14.949999809265137,10.219999313354492,7.159999847412109,8.1899995803833,8.40999984741211
1991/05/01,15.389999389648438,12.929999351501465,10.760000228881836,10.319999694824219,10.420000076293945,15.589999198913574,11.889999389648438,10.539999961853027,10.819999694824219,11.050000190734863,15.949999809265137,11.889999389648438,10.630000114440918,11.170000076293945,11.469999313354492,16.549999237060547,12.359999656677246,10.779999732971191,11.65999984741211,11.960000038146973,17.3799991607666,14.34999942779541,12.25999927520752,12.739999771118164,12.719999313354492
1991/06/01,18.139999389648438,17.420000076293945,16.940000534057617,16.959999084472656,17.010000228881836,18.559999465942383,17.260000228881836,16.81999969482422,17.209999084472656,17.399999618530273,19.010000228881836,17.31999969482422,16.779998779296875,17.579999923706055,17.869998931884766,19.559999465942383,17.60999870300293,16.81999969482422,18.049999237060547,18.3799991607666,20.239999771118164,18.84000015258789,18.119998931884766,18.93000030517578,18.989999771118164
1991/07/01,20.0,20.799999237060547,21.85999870300293,22.189998626708984,22.170000076293945,20.56999969482422,21.529998779296875,21.939998626708984,22.389999389648438,22.389999389648438,21.03999900817871,21.719999313354492,21.93000030517578,22.600000381469727,22.670000076293945,21.469999313354492,21.869998931884766,22.0,22.920000076293945,23.029998779296875,21.90999984741211,22.1299991607666,22.689998626708984,23.43000030517578,23.299999237060547
1991/08/01,20.84000015258789,23.09000015258789,25.51999855041504,26.1299991607666,26.03999900817871,21.56999969482422,24.6299991607666,25.809999465942383,26.26999855041504,26.079999923706055,22.09000015258789,25.0,25.90999984741211,26.510000228881836,26.31999969482422,22.43000030517578,25.049999237060547,26.03999900817871,26.760000228881836,26.579999923706055,22.68000030517578,24.5,26.299999237060547,27.01999855041504,26.69999885559082
1991/09/01,19.770000457763672,20.94999885559082,22.28999900817871,22.75,22.670000076293945,20.35999870300293,21.829999923706055,22.34000015258789,22.75,22.549999237060547,20.85999870300293,22.189998626708984,22.579999923706055,23.029998779296875,22.78999900817871,21.28999900817871,22.479999542236328,22.93000030517578,23.469999313354492,23.209999084472656,21.69999885559082,22.60999870300293,23.489999771118164,24.06999969482422,23.689998626708984
1991/10/01,17.1299991607666,17.729999542236328,18.469999313354492,18.68000030517578,18.479999542236328,17.670000076293945,18.35999870300293,18.600000381469727,18.68000030517578,18.3799991607666,18.149999618530273,18.690000534057617,18.850000381469727,19.03999900817871,18.690000534057617,18.600000381469727,18.989999771118164,19.15999984741211,19.579999923706055,19.209999084472656,19.06999969482422,19.3799991607666,19.779998779296875,20.270000457763672,19.809999465942383
1991/11/01,14.229999542236328,13.170000076293945,12.25,12.059999465942383,11.989999771118164,14.559999465942383,12.869999885559082,12.210000038146973,12.359999656677246,12.219999313354492,14.969999313354492,13.119999885559082,12.529999732971191,12.889999389648438,12.739999771118164,15.489999771118164,13.619999885559082,12.949999809265137,13.619999885559082,13.469999313354492,16.119998931884766,14.809999465942383,14.039999961853027,14.569999694824219,14.309999465942383
1991/12/01,12.289999961853027,9.670000076293945,7.210000038146973,6.539999961853027,6.609999656677246,12.4399995803833,8.609999656677246,7.099999904632568,7.329999923706055,7.419999599456787,12.789999961853027,8.889999389648438,7.679999828338623,8.260000228881836,8.389999389648438,13.369999885559082,9.649999618530273,8.359999656677246,9.359999656677246,9.519999504089355,14.130000114440918,11.559999465942383,10.010000228881836,10.760000228881836,10.699999809265137
1992/01/01,10.84999942779541,6.559999942779541,2.619999885559082,1.809999942779541,1.9399999380111694,10.779999732971191,4.529999732971191,2.0899999141693115,2.869999885559082,3.379999876022339,11.059999465942383,4.739999771118164,2.7799999713897705,4.110000133514404,4.75,11.719999313354492,5.71999979019165,3.609999895095825,5.480000019073486,6.150000095367432,12.65999984741211,8.529999732971191,6.059999942779541,7.21999979019165,7.5
1992/02/01,10.569999694824219,5.909999847412109,1.6299999952316284,0.6599999666213989,0.7899999618530273,10.469999313354492,3.7300000190734863,1.1699999570846558,1.6299999952316284,2.2100000381469727,10.710000038146973,3.809999942779541,1.6899999380111694,2.7799999713897705,3.5399999618530273,11.34999942779541,4.699999809265137,2.3299999237060547,4.099999904632568,4.909999847412109,12.300000190734863,7.62999963760376,4.809999942779541,5.929999828338623,6.269999980926514
1992/03/01,11.489999771118164,6.920000076293945,3.009999990463257,2.740000009536743,2.8999998569488525,11.359999656677246,4.509999752044678,1.909999966621399,3.240000009536743,3.859999895095825,11.579999923706055,4.449999809265137,2.2100000381469727,3.9499998092651367,4.699999809265137,12.239999771118164,5.25,2.679999828338623,4.829999923706055,5.589999675750732,13.229999542236328,8.34999942779541,5.25,6.37999963760376,6.619999885559082
1992/04/01,13.049999237060547,9.389999389648438,6.359999656677246,6.359999656677246,6.589999675750732,13.029999732971191,7.440000057220459,5.339999675750732,6.299999713897705,7.049999713897705,13.289999961853027,7.299999713897705,5.409999847412109,6.649999618530273,7.519999980926514,13.920000076293945,7.929999828338623,5.670000076293945,7.309999942779541,8.139999389648438,14.859999656677246,10.639999389648438,7.87999963760376,8.779999732971191,9.029999732971191
1992/05/01,14.960000038146973,12.699999809265137,10.819999694824219,10.729999542236328,10.869999885559082,15.15999984741211,11.670000076293945,10.359999656677246,10.4399995803833,10.739999771118164,15.519999504089355,11.699999809265137,10.5,10.65999984741211,11.029999732971191,16.119998931884766,12.239999771118164,10.769999504089355,11.309999465942383,11.65999984741211,16.94999885559082,14.229999542236328,12.239999771118164,12.639999389648438,12.679999351501465
1992/06/01,17.279998779296875,16.85999870300293,16.69999885559082,16.729999542236328,16.760000228881836,17.729999542236328,16.959999084472656,16.719999313354492,16.809999465942383,16.899999618530273,18.170000076293945,17.09000015258789,16.75,16.8799991607666,16.989999771118164,18.68000030517578,17.3799991607666,16.869998931884766,17.229999542236328,17.34000015258789,19.299999237060547,18.3799991607666,17.739999771118164,18.09000015258789,18.020000457763672
1992/07/01,19.459999084472656,20.3799991607666,21.3799991607666,21.420000076293945,21.44999885559082,20.079999923706055,21.28999900817871,21.799999237060547,21.81999969482422,21.899999618530273,20.59000015258789,21.600000381469727,21.93000030517578,22.100000381469727,22.209999084472656,21.029998779296875,21.78999900817871,22.09000015258789,22.44999885559082,22.59000015258789,21.469999313354492,21.979999542236328,22.53999900817871,22.989999771118164,23.029998779296875
1992/08/01,20.309999465942383,21.969999313354492,23.579999923706055,23.639999389648438,23.670000076293945,21.020000457763672,23.31999969482422,24.15999984741211,24.100000381469727,24.119998931884766,21.59000015258789,23.84000015258789,24.549999237060547,24.579999923706055,24.59000015258789,22.010000228881836,24.10999870300293,24.939998626708984,25.03999900817871,25.06999969482422,22.389999389648438,23.90999984741211,25.119998931884766,25.439998626708984,25.489999771118164
1992/09/01,19.78999900817871,20.94999885559082,22.10999870300293,22.1299991607666,22.029998779296875,20.399999618530273,22.0,22.6299991607666,22.219999313354492,22.0,20.8799991607666,22.299999237060547,22.760000228881836,22.420000076293945,22.189998626708984,21.270000457763672,22.43000030517578,22.8799991607666,22.670000076293945,22.479999542236328,21.65999984741211,22.420000076293945,22.899999618530273,22.90999984741211,22.78999900817871
1992/10/01,16.559999465942383,16.899999618530273,17.31999969482422,17.260000228881836,17.18000030517578,17.119998931884766,17.5,17.649999618530273,17.420000076293945,17.229999542236328,17.619998931884766,17.869998931884766,17.959999084472656,17.770000457763672,17.53999900817871,18.10999870300293,18.19999885559082,18.279998779296875,18.18000030517578,17.969999313354492,18.619998931884766,18.639999389648438,18.619998931884766,18.69999885559082,18.510000228881836
1992/11/01,13.880000114440918,12.630000114440918,11.569999694824219,11.40999984741211,11.529999732971191,14.210000038146973,12.279999732971191,11.4399995803833,11.699999809265137,11.779999732971191,14.65999984741211,12.729999542236328,12.119999885559082,12.40999984741211,12.4399995803833,15.219999313354492,13.4399995803833,12.889999389648438,13.299999237060547,13.299999237060547,15.869999885559082,14.649999618530273,13.84000015258789,14.229999542236328,14.170000076293945
1992/12/01,12.199999809265137,9.260000228881836,6.679999828338623,6.389999866485596,6.649999618530273,12.309999465942383,7.909999847412109,6.109999656677246,6.769999980926514,7.159999847412109,12.679999351501465,8.319999694824219,6.960000038146973,7.769999980926514,8.130000114440918,13.319999694824219,9.279999732971191,7.929999828338623,8.979999542236328,9.300000190734863,14.139999389648438,11.359999656677246,9.579999923706055,10.300000190734863,10.359999656677246
1993/01/01,11.119999885559082,6.440000057220459,2.359999895095825,2.069999933242798,2.3999998569488525,11.0,4.029999732971191,1.25,2.359999895095825,3.2300000190734863,11.279999732971191,4.289999961853027,2.0899999141693115,3.429999828338623,4.380000114440918,12.00999927520752,5.460000038146973,3.169999837875366,4.889999866485596,5.769999980926514,13.029999732971191,8.559999465942383,5.639999866485596,6.690000057220459,7.089999675750732
1993/02/01,10.920000076293945,5.920000076293945,1.3299999237060547,0.429999977350235,0.5899999737739563,10.769999504089355,3.490000009536743,0.6800000071525574,1.1999999284744263,1.9299999475479126,11.019999504089355,3.619999885559082,1.309999942779541,2.3499999046325684,3.240000009536743,11.719999313354492,4.650000095367432,2.1399998664855957,3.809999942779541,4.690000057220459,12.739999771118164,7.819999694824219,4.650000095367432,5.710000038146973,6.069999694824219
1993/03/01,11.630000114440918,6.909999847412109,2.4800000190734863,1.6399999856948853,1.8299999237060547,11.469999313354492,4.480000019073486,1.7899999618530273,2.5999999046325684,3.2200000286102295,11.6899995803833,4.400000095367432,2.0999999046325684,3.4499998092651367,4.199999809265137,12.369999885559082,5.239999771118164,2.569999933242798,4.46999979019165,5.239999771118164,13.389999389648438,8.4399995803833,5.099999904632568,6.079999923706055,6.349999904632568
1993/04/01,12.729999542236328,8.84000015258789,5.239999771118164,4.509999752044678,4.670000076293945,12.6899995803833,6.929999828338623,4.759999752044678,5.150000095367432,5.699999809265137,12.9399995803833,6.809999942779541,4.880000114440918,5.690000057220459,6.339999675750732,13.559999465942383,7.440000057220459,5.130000114440918,6.37999963760376,6.989999771118164,14.50999927520752,10.1899995803833,7.179999828338623,7.819999694824219,7.949999809265137
1993/05/01,15.420000076293945,12.699999809265137,10.300000190734863,9.779999732971191,9.880000114440918,15.589999198913574,11.529999732971191,10.039999961853027,10.59000015258789,11.059999465942383,15.9399995803833,11.519999504089355,10.149999618530273,11.039999961853027,11.59000015258789,16.549999237060547,12.029999732971191,10.34000015258789,11.550000190734863,12.079999923706055,17.40999984741211,14.199999809265137,12.050000190734863,12.670000076293945,12.829999923706055
1993/06/01,17.81999969482422,17.43000030517578,17.350000381469727,17.44999885559082,17.479999542236328,18.260000228881836,17.510000228881836,17.31999969482422,17.440000534057617,17.729999542236328,18.670000076293945,17.5,17.149999618530273,17.479999542236328,17.85999870300293,19.149999618530273,17.6299991607666,17.0,17.59000015258789,17.969999313354492,19.75,18.56999969482422,17.799999237060547,18.139999389648438,18.19999885559082
1993/07/01,19.43000030517578,20.559999465942383,21.869998931884766,22.06999969482422,22.06999969482422,20.06999969482422,21.59000015258789,22.260000228881836,22.06999969482422,22.10999870300293,20.559999465942383,21.75,22.139999389648438,22.029998779296875,22.119998931884766,20.959999084472656,21.75,22.03999900817871,22.020000457763672,22.1299991607666,21.350000381469727,21.69999885559082,22.059999465942383,22.139999389648438,22.19999885559082
1993/08/01,20.44999885559082,22.34000015258789,24.420000076293945,24.889999389648438,24.779998779296875,21.170000076293945,23.75,24.799999237060547,24.779998779296875,24.529998779296875,21.689998626708984,24.01999855041504,24.760000228881836,24.75,24.5,22.059999465942383,24.0,24.709999084472656,24.760000228881836,24.56999969482422,22.3799991607666,23.619998931884766,24.6299991607666,24.809999465942383,24.689998626708984
1993/09/01,20.0,21.65999984741211,23.43000030517578,23.729999542236328,23.529998779296875,20.689998626708984,22.94999885559082,23.84000015258789,23.829999923706055,23.420000076293945,21.219999313354492,23.34000015258789,24.01999855041504,24.1299991607666,23.739999771118164,21.60999870300293,23.479999542236328,24.209999084472656,24.459999084472656,24.1299991607666,21.94999885559082,23.25,24.43000030517578,24.81999969482422,24.5
1993/10/01,17.139999389648438,17.619998931884766,18.260000228881836,18.350000381469727,18.19999885559082,17.68000030517578,18.270000457763672,18.520000457763672,18.329999923706055,18.020000457763672,18.15999984741211,18.529998779296875,18.65999984741211,18.649999618530273,18.34000015258789,18.60999870300293,18.779998779296875,18.85999870300293,19.18000030517578,18.94999885559082,19.100000381469727,19.239999771118164,19.53999900817871,19.989999771118164,19.719999313354492
1993/11/01,14.739999771118164,13.920000076293945,13.279999732971191,13.069999694824219,12.960000038146973,15.109999656677246,13.829999923706055,13.389999389648438,13.179999351501465,12.949999809265137,15.50999927520752,13.9399995803833,13.460000038146973,13.4399995803833,13.239999771118164,16.0,14.25,13.59999942779541,13.920000076293945,13.809999465942383,16.60999870300293,15.329999923706055,14.479999542236328,14.789999961853027,14.609999656677246
1993/12/01,12.319999694824219,9.429999351501465,6.909999847412109,6.579999923706055,6.639999866485596,12.40999984741211,8.079999923706055,6.409999847412109,6.909999847412109,7.019999980926514,12.719999313354492,8.170000076293945,6.75,7.419999599456787,7.589999675750732,13.299999237060547,8.84000015258789,7.21999979019165,8.210000038146973,8.4399995803833,14.09999942779541,10.960000038146973,8.84999942779541,9.4399995803833,9.529999732971191
1994/01/01,11.399999618530273,6.399999618530273,1.8199999332427979,0.9399999976158142,1.159999966621399,11.279999732971191,4.009999752044678,1.159999966621399,1.8199999332427979,2.4099998474121094,11.559999465942383,4.259999752044678,1.9900000095367432,3.049999952316284,3.75,12.279999732971191,5.380000114440918,2.990000009536743,4.529999732971191,5.239999771118164,13.25999927520752,8.319999694824219,5.25,6.289999961853027,6.62999963760376
1994/02/01,11.59999942779541,6.269999980926514,1.2899999618530273,0.12999999523162842,0.20999999344348907,11.449999809265137,3.759999990463257,0.7999999523162842,0.9899999499320984,1.5399999618530273,11.719999313354492,3.8899998664855957,1.46999990940094,2.240000009536743,2.950000047683716,12.429999351501465,4.940000057220459,2.309999942779541,3.75,4.5,13.429999351501465,7.960000038146973,4.519999980926514,5.46999979019165,5.859999656677246
1994/03/01,11.710000038146973,6.87999963760376,2.2300000190734863,0.949999988079071,0.8899999856948853,11.609999656677246,4.659999847412109,2.0199999809265137,1.909999966621399,2.180000066757202,11.859999656677246,4.670000076293945,2.450000047683716,3.059999942779541,3.5199999809265137,12.519999504089355,5.509999752044678,2.990000009536743,4.360000133514404,4.929999828338623,13.479999542236328,8.40999984741211,5.119999885559082,5.940000057220459,6.21999979019165
1994/04/01,13.929999351501465,9.969999313354492,6.170000076293945,5.119999885559082,5.049999713897705,13.949999809265137,8.179999351501465,6.019999980926514,5.909999847412109,5.929999828338623,14.25,8.130000114440918,6.230000019073486,6.62999963760376,6.779999732971191,14.899999618530273,8.760000228881836,6.480000019073486,7.460000038146973,7.699999809265137,15.839999198913574,11.369999885559082,8.229999542236328,8.710000038146973,8.720000267028809
1994/05/01,16.229999542236328,13.75999927520752,11.219999313354492,10.199999809265137,10.119999885559082,16.459999084472656,12.84000015258789,11.489999771118164,11.029999732971191,10.819999694824219,16.850000381469727,12.880000114440918,11.639999389648438,11.609999656677246,11.460000038146973,17.479999542236328,13.380000114440918,11.809999465942383,12.269999504089355,12.199999809265137,18.350000381469727,15.4399995803833,13.1899995803833,13.420000076293945,13.139999389648438
1994/06/01,18.309999465942383,18.65999984741211,19.029998779296875,18.8799991607666,18.809999465942383,18.850000381469727,19.209999084472656,19.40999984741211,19.35999870300293,19.18000030517578,19.31999969482422,19.34000015258789,19.35999870300293,19.619998931884766,19.44999885559082,19.779998779296875,19.44999885559082,19.239999771118164,19.78999900817871,19.65999984741211,20.34000015258789,20.100000381469727,19.959999084472656,20.28999900817871,19.94999885559082
1994/07/01,20.25,21.93000030517578,23.34000015258789,22.989999771118164,22.889999389648438,20.94999885559082,23.31999969482422,24.299999237060547,23.850000381469727,23.729999542236328,21.469999313354492,23.51999855041504,24.15999984741211,24.15999984741211,24.119998931884766,21.85999870300293,23.5,24.0,24.43000030517578,24.489999771118164,22.28999900817871,23.60999870300293,24.65999984741211,25.139999389648438,25.100000381469727
1994/08/01,20.219999313354492,23.170000076293945,26.01999855041504,26.189998626708984,26.059999465942383,21.06999969482422,25.260000228881836,26.969999313354492,26.439998626708984,26.19999885559082,21.619998931884766,25.5,26.729999542236328,26.420000076293945,26.299999237060547,21.920000076293945,25.279998779296875,26.44999885559082,26.389999389648438,26.40999984741211,22.15999984741211,24.549999237060547,26.389999389648438,26.65999984741211,26.69999885559082
1994/09/01,19.469999313354492,21.309999465942383,23.119998931884766,23.239999771118164,23.15999984741211,20.170000076293945,22.739999771118164,23.760000228881836,23.350000381469727,23.06999969482422,20.689998626708984,23.079999923706055,23.84000015258789,23.5,23.229999542236328,21.06999969482422,23.15999984741211,23.920000076293945,23.739999771118164,23.579999923706055,21.43000030517578,22.94999885559082,24.029998779296875,24.189998626708984,24.119998931884766
1994/10/01,17.270000457763672,17.619998931884766,18.03999900817871,17.979999542236328,18.029998779296875,17.799999237060547,18.190000534057617,18.35999870300293,18.229999542236328,18.239999771118164,18.270000457763672,18.469999313354492,18.53999900817871,18.559999465942383,18.559999465942383,18.729999542236328,18.729999542236328,18.75,18.979999542236328,19.010000228881836,19.229999542236328,19.209999084472656,19.270000457763672,19.579999923706055,19.56999969482422
1994/11/01,14.59999942779541,13.619999885559082,12.75,12.489999771118164,12.59999942779541,14.969999313354492,13.429999351501465,12.799999237060547,12.84999942779541,13.039999961853027,15.40999984741211,13.779999732971191,13.269999504089355,13.549999237060547,13.75999927520752,15.949999809265137,14.34999942779541,13.829999923706055,14.399999618530273,14.609999656677246,16.579999923706055,15.460000038146973,14.829999923706055,15.359999656677246,15.460000038146973
1994/12/01,13.059999465942383,10.119999885559082,7.399999618530273,6.920000076293945,7.089999675750732,13.179999351501465,8.779999732971191,6.989999771118164,7.429999828338623,7.859999656677246,13.549999237060547,9.130000114440918,7.739999771118164,8.449999809265137,8.929999351501465,14.1899995803833,10.050000190734863,8.619999885559082,9.710000038146973,10.210000038146973,15.019999504089355,12.130000114440918,10.34000015258789,11.170000076293945,11.4399995803833
1995/01/01,11.09000015258789,6.619999885559082,2.490000009536743,1.6799999475479126,1.8799999952316284,11.029999732971191,4.509999752044678,1.9199999570846558,2.5,3.169999837875366,11.329999923706055,4.849999904632568,2.8299999237060547,3.8299999237060547,4.610000133514404,12.019999504089355,5.980000019073486,3.93999981880188,5.429999828338623,6.21999979019165,12.929999351501465,8.59000015258789,6.039999961853027,7.139999866485596,7.579999923706055
1995/02/01,10.5,5.849999904632568,1.5099999904632568,0.5099999904632568,0.699999988079071,10.399999618530273,3.6999998092651367,1.059999942779541,1.4199999570846558,2.129999876022339,10.679999351501465,3.9800000190734863,1.899999976158142,2.7899999618530273,3.629999876022339,11.34999942779541,5.049999713897705,2.9099998474121094,4.380000114440918,5.230000019073486,12.239999771118164,7.699999809265137,5.0,6.059999942779541,6.529999732971191
1995/03/01,11.039999961853027,6.920000076293945,3.009999990463257,1.9299999475479126,2.0399999618530273,11.010000228881836,5.099999904632568,2.8399999141693115,2.879999876022339,3.369999885559082,11.289999961853027,5.279999732971191,3.429999828338623,4.099999904632568,4.730000019073486,11.920000076293945,6.139999866485596,4.130000114440918,5.429999828338623,6.099999904632568,12.769999504089355,8.59000015258789,6.059999942779541,6.929999828338623,7.25
1995/04/01,13.389999389648438,9.6899995803833,6.089999675750732,5.009999752044678,5.049999713897705,13.429999351501465,8.069999694824219,6.049999713897705,5.829999923706055,6.019999980926514,13.739999771118164,8.09999942779541,6.349999904632568,6.609999656677246,6.869999885559082,14.369999885559082,8.75,6.679999828338623,7.449999809265137,7.739999771118164,15.25999927520752,11.15999984741211,8.260000228881836,8.630000114440918,8.65999984741211
1995/05/01,15.649999618530273,13.489999771118164,11.479999542236328,10.90999984741211,10.869999885559082,15.880000114440918,12.630000114440918,11.479999542236328,11.369999885559082,11.359999656677246,16.229999542236328,12.550000190734863,11.40999984741211,11.65999984741211,11.710000038146973,16.799999237060547,12.899999618530273,11.380000114440918,12.00999927520752,12.09999942779541,17.600000381469727,14.75,12.619999885559082,12.84999942779541,12.710000038146973
1995/06/01,18.389999389648438,18.170000076293945,18.170000076293945,18.18000030517578,18.139999389648438,18.850000381469727,18.3799991607666,18.279998779296875,18.18000030517578,18.139999389648438,19.270000457763672,18.459999084472656,18.209999084472656,18.279998779296875,18.28999900817871,19.75,18.6299991607666,18.149999618530273,18.5,18.53999900817871,20.329999923706055,19.489999771118164,18.90999984741211,19.15999984741211,19.049999237060547
1995/07/01,20.170000076293945,21.03999900817871,22.139999389648438,22.5,22.469999313354492,20.739999771118164,21.809999465942383,22.239999771118164,22.420000076293945,22.329999923706055,21.219999313354492,22.06999969482422,22.329999923706055,22.53999900817871,22.489999771118164,21.649999618530273,22.26999855041504,22.5,22.869998931884766,22.869998931884766,22.10999870300293,22.6299991607666,23.139999389648438,23.56999969482422,23.51999855041504
1995/08/01,20.43000030517578,22.31999969482422,24.209999084472656,24.549999237060547,24.510000228881836,21.100000381469727,23.649999618530273,24.59000015258789,24.75,24.639999389648438,21.619998931884766,24.10999870300293,24.869998931884766,25.09000015258789,24.989999771118164,22.0,24.329999923706055,25.189998626708984,25.59000015258789,25.53999900817871,22.35999870300293,24.28999900817871,25.779998779296875,26.329999923706055,26.219999313354492
1995/09/01,20.149999618530273,21.219999313354492,22.219999313354492,22.1299991607666,22.020000457763672,20.719999313354492,22.18000030517578,22.760000228881836,22.619998931884766,22.439998626708984,21.170000076293945,22.420000076293945,22.809999465942383,22.90999984741211,22.760000228881836,21.559999465942383,22.549999237060547,22.869998931884766,23.18000030517578,23.079999923706055,21.979999542236328,22.78999900817871,23.34000015258789,23.6299991607666,23.459999084472656
1995/10/01,17.60999870300293,17.619998931884766,17.639999389648438,17.35999870300293,17.35999870300293,18.079999923706055,18.03999900817871,18.020000457763672,17.90999984741211,17.869998931884766,18.529998779296875,18.369998931884766,18.329999923706055,18.489999771118164,18.44999885559082,18.989999771118164,18.719999313354492,18.649999618530273,19.06999969482422,19.049999237060547,19.5,19.3799991607666,19.399999618530273,19.829999923706055,19.689998626708984
1995/11/01,14.559999465942383,13.529999732971191,12.710000038146973,12.50999927520752,12.619999885559082,14.90999984741211,13.319999694824219,12.719999313354492,12.789999961853027,12.960000038146973,15.329999923706055,13.549999237060547,12.989999771118164,13.319999694824219,13.489999771118164,15.839999198913574,14.0,13.359999656677246,13.979999542236328,14.119999885559082,16.459999084472656,15.09999942779541,14.329999923706055,14.829999923706055,14.789999961853027
1995/12/01,12.5,9.789999961853027,7.329999923706055,6.809999942779541,6.989999771118164,12.639999389648438,8.649999618530273,7.069999694824219,7.259999752044678,7.589999675750732,12.989999771118164,8.90999984741211,7.649999618530273,8.079999923706055,8.420000076293945,13.569999694824219,9.679999351501465,8.369999885559082,9.119999885559082,9.420000076293945,14.299999237060547,11.399999618530273,9.639999389648438,10.269999504089355,10.389999389648438
1996/01/01,11.279999732971191,6.659999847412109,2.429999828338623,1.5499999523162842,1.809999942779541,11.210000038146973,4.529999732971191,1.9299999475479126,2.2699999809265137,2.93999981880188,11.50999927520752,4.779999732971191,2.700000047683716,3.3999998569488525,4.150000095367432,12.1899995803833,5.829999923706055,3.6599998474121094,4.839999675750732,5.589999675750732,13.109999656677246,8.470000267028809,5.569999694824219,6.399999618530273,6.899999618530273
1996/02/01,10.229999542236328,5.440000057220459,0.9799999594688416,-0.1599999964237213,-0.05999999865889549,10.109999656677246,3.259999990463257,0.6699999570846558,0.7199999690055847,1.350000023841858,10.34000015258789,3.3399999141693115,1.1899999380111694,1.8399999141693115,2.6599998474121094,10.969999313354492,4.21999979019165,1.8499999046325684,3.18999981880188,4.099999904632568,11.869999885559082,6.980000019073486,3.93999981880188,4.829999923706055,5.420000076293945
1996/03/01,11.300000190734863,6.559999942779541,2.009999990463257,0.699999988079071,0.6399999856948853,11.1899995803833,4.400000095367432,1.8600000143051147,1.6899999380111694,1.9499999284744263,11.40999984741211,4.339999675750732,2.169999837875366,2.6599998474121094,3.109999895095825,12.050000190734863,5.079999923706055,2.549999952316284,3.7099997997283936,4.289999961853027,12.969999313354492,7.87999963760376,4.489999771118164,5.130000114440918,5.429999828338623
1996/04/01,12.9399995803833,9.420000076293945,6.279999732971191,5.339999675750732,5.230000019073486,13.019999504089355,8.029999732971191,6.279999732971191,6.069999694824219,5.989999771118164,13.299999237060547,7.940000057220459,6.349999904632568,6.589999675750732,6.619999885559082,13.859999656677246,8.380000114440918,6.409999847412109,7.089999675750732,7.199999809265137,14.65999984741211,10.510000228881836,7.710000038146973,7.949999809265137,7.87999963760376
1996/05/01,14.799999237060547,13.619999885559082,12.710000038146973,12.429999351501465,12.289999961853027,15.139999389648438,13.359999656677246,12.779999732971191,12.729999542236328,12.639999389648438,15.50999927520752,13.359999656677246,12.719999313354492,12.929999351501465,12.920000076293945,16.0,13.559999465942383,12.630000114440918,13.109999656677246,13.15999984741211,16.6299991607666,14.769999504089355,13.469999313354492,13.65999984741211,13.569999694824219
1996/06/01,17.760000228881836,18.010000228881836,18.549999237060547,18.729999542236328,18.739999771118164,18.31999969482422,18.510000228881836,18.65999984741211,18.81999969482422,18.8799991607666,18.81999969482422,18.670000076293945,18.6299991607666,19.0,19.149999618530273,19.309999465942383,18.850000381469727,18.649999618530273,19.239999771118164,19.44999885559082,19.8799991607666,19.53999900817871,19.439998626708984,19.85999870300293,19.889999389648438
1996/07/01,19.399999618530273,20.719999313354492,22.219999313354492,22.479999542236328,22.299999237060547,20.09000015258789,21.869998931884766,22.649999618530273,22.329999923706055,21.959999084472656,20.619998931884766,22.049999237060547,22.51999855041504,22.219999313354492,21.869998931884766,21.059999465942383,22.059999465942383,22.399999618530273,22.229999542236328,21.920000076293945,21.5,22.100000381469727,22.459999084472656,22.479999542236328,22.18000030517578
1996/08/01,19.809999465942383,21.579999923706055,23.260000228881836,23.25,23.28999900817871,20.59000015258789,23.06999969482422,23.989999771118164,23.84000015258789,23.670000076293945,21.19999885559082,23.65999984741211,24.44999885559082,24.510000228881836,24.35999870300293,21.65999984741211,23.969999313354492,24.889999389648438,25.209999084472656,25.170000076293945,22.079999923706055,23.869998931884766,25.40999984741211,25.959999084472656,25.989999771118164
1996/09/01,19.219999313354492,20.34000015258789,21.369998931884766,21.219999313354492,21.119998931884766,19.8799991607666,21.40999984741211,21.989999771118164,21.809999465942383,21.619998931884766,20.420000076293945,21.809999465942383,22.25,22.420000076293945,22.279998779296875,20.889999389648438,22.06999969482422,22.5,23.049999237060547,23.029998779296875,21.35999870300293,22.34000015258789,23.260000228881836,23.899999618530273,23.829999923706055
1996/10/01,17.049999237060547,17.389999389648438,17.68000030517578,17.43000030517578,17.239999771118164,17.619998931884766,18.029998779296875,18.170000076293945,17.81999969482422,17.600000381469727,18.139999389648438,18.440000534057617,18.529998779296875,18.520000457763672,18.369998931884766,18.649999618530273,18.84000015258789,18.939998626708984,19.35999870300293,19.299999237060547,19.189998626708984,19.40999984741211,19.779998779296875,20.40999984741211,20.25
1996/11/01,14.699999809265137,13.25,11.90999984741211,11.569999694824219,11.489999771118164,15.0,12.769999504089355,11.880000114440918,11.75999927520752,11.65999984741211,15.40999984741211,13.00999927520752,12.239999771118164,12.34000015258789,12.289999961853027,15.979999542236328,13.59000015258789,12.719999313354492,13.199999809265137,13.229999542236328,16.690000534057617,15.019999504089355,13.869999885559082,14.329999923706055,14.289999961853027
1996/12/01,11.859999656677246,8.960000038146973,6.509999752044678,6.279999732971191,6.399999618530273,11.949999809265137,7.62999963760376,5.949999809265137,6.389999866485596,6.639999866485596,12.269999504089355,7.839999675750732,6.449999809265137,7.029999732971191,7.289999961853027,12.859999656677246,8.619999885559082,7.159999847412109,8.059999465942383,8.329999923706055,13.630000114440918,10.59000015258789,8.699999809265137,9.399999618530273,9.519999504089355
1997/01/01,10.199999809265137,5.87999963760376,2.0199999809265137,1.3199999332427979,1.5399999618530273,10.139999389648438,3.8899998664855957,1.4299999475479126,2.0399999618530273,2.6599998474121094,10.429999351501465,4.239999771118164,2.319999933242798,3.2200000286102295,3.9099998474121094,11.09000015258789,5.339999675750732,3.429999828338623,4.75,5.440000057220459,11.949999809265137,7.849999904632568,5.440000057220459,6.449999809265137,6.869999885559082
1997/02/01,10.109999656677246,5.230000019073486,0.6800000071525574,-0.4099999964237213,-0.3100000023841858,9.979999542236328,2.9800000190734863,0.2800000011920929,0.5199999809265137,1.059999942779541,10.239999771118164,3.2100000381469727,1.0299999713897705,1.8299999237060547,2.5199999809265137,10.899999618530273,4.269999980926514,1.9799998998641968,3.43999981880188,4.170000076293945,11.829999923706055,7.069999694824219,4.210000038146973,5.269999980926514,5.699999809265137
1997/03/01,11.550000190734863,7.079999923706055,2.669999837875366,1.3399999141693115,1.309999942779541,11.479999542236328,5.049999713897705,2.559999942779541,2.509999990463257,2.7300000190734863,11.75,5.179999828338623,3.1399998664855957,3.75,4.079999923706055,12.40999984741211,6.079999923706055,3.809999942779541,5.109999656677246,5.5,13.34000015258789,8.809999465942383,5.869999885559082,6.71999979019165,6.829999923706055
1997/04/01,13.309999465942383,10.019999504089355,6.730000019073486,5.639999866485596,5.529999732971191,13.389999389648438,8.609999656677246,6.789999961853027,6.549999713897705,6.509999752044678,13.699999809265137,8.720000267028809,7.179999828338623,7.5,7.509999752044678,14.319999694824219,9.380000114440918,7.569999694824219,8.460000038146973,8.519999504089355,15.170000076293945,11.630000114440918,9.1899995803833,9.710000038146973,9.539999961853027
1997/05/01,15.559999465942383,13.779999732971191,11.929999351501465,11.119999885559082,10.889999389648438,15.869999885559082,13.239999771118164,12.229999542236328,11.809999465942383,11.50999927520752,16.279998779296875,13.4399995803833,12.550000190734863,12.559999465942383,12.309999465942383,16.869998931884766,13.949999809265137,12.859999656677246,13.389999389648438,13.210000038146973,17.639999389648438,15.59999942779541,14.149999618530273,14.559999465942383,14.219999313354492
1997/06/01,17.739999771118164,18.309999465942383,18.829999923706055,18.5,18.420000076293945,18.329999923706055,19.100000381469727,19.44999885559082,19.260000228881836,19.06999969482422,18.829999923706055,19.369998931884766,19.56999969482422,19.719999313354492,19.549999237060547,19.28999900817871,19.53999900817871,19.60999870300293,20.06999969482422,19.939998626708984,19.78999900817871,19.979999542236328,20.239999771118164,20.649999618530273,20.3799991607666
1997/07/01,20.279998779296875,22.53999900817871,24.69999885559082,24.829999923706055,24.719999313354492,21.049999237060547,24.209999084472656,25.439998626708984,25.25,25.079999923706055,21.60999870300293,24.60999870300293,25.56999969482422,25.59000015258789,25.439998626708984,21.979999542236328,24.639999389648438,25.6299991607666,25.81999969482422,25.68000030517578,22.26999855041504,24.119998931884766,25.65999984741211,26.03999900817871,25.84000015258789
1997/08/01,20.459999084472656,23.149999618530273,25.760000228881836,26.049999237060547,25.959999084472656,21.270000457763672,25.03999900817871,26.489999771118164,26.219999313354492,26.079999923706055,21.81999969482422,25.479999542236328,26.6299991607666,26.529998779296875,26.43000030517578,22.170000076293945,25.529998779296875,26.76999855041504,26.85999870300293,26.829999923706055,22.40999984741211,24.84000015258789,26.78999900817871,27.18000030517578,27.170000076293945
1997/09/01,19.40999984741211,20.81999969482422,22.25,22.399999618530273,22.35999870300293,20.059999465942383,21.969999313354492,22.719999313354492,22.44999885559082,22.309999465942383,20.559999465942383,22.279998779296875,22.81999969482422,22.639999389648438,22.549999237060547,20.969999313354492,22.420000076293945,22.939998626708984,22.979999542236328,23.010000228881836,21.3799991607666,22.469999313354492,23.26999855041504,23.53999900817871,23.619998931884766
1997/10/01,17.270000457763672,17.3799991607666,17.53999900817871,17.489999771118164,17.440000534057617,17.779998779296875,17.779998779296875,17.760000228881836,17.65999984741211,17.520000457763672,18.25,18.079999923706055,18.020000457763672,18.010000228881836,17.869998931884766,18.75,18.440000534057617,18.34000015258789,18.549999237060547,18.44999885559082,19.299999237060547,19.10999870300293,19.0,19.329999923706055,19.209999084472656
1997/11/01,14.769999504089355,13.50999927520752,12.4399995803833,12.319999694824219,12.34999942779541,15.09999942779541,13.09999942779541,12.279999732971191,12.429999351501465,12.460000038146973,15.529999732971191,13.40999984741211,12.739999771118164,12.979999542236328,12.989999771118164,16.100000381469727,14.019999504089355,13.289999961853027,13.779999732971191,13.799999237060547,16.779998779296875,15.339999198913574,14.34999942779541,14.789999961853027,14.739999771118164
1997/12/01,12.460000038146973,9.359999656677246,6.509999752044678,6.0,6.230000019073486,12.559999465942383,7.949999809265137,6.079999923706055,6.509999752044678,6.920000076293945,12.929999351501465,8.329999923706055,6.889999866485596,7.489999771118164,7.909999847412109,13.569999694824219,9.289999961853027,7.839999675750732,8.729999542236328,9.130000114440918,14.399999618530273,11.359999656677246,9.399999618530273,10.079999923706055,10.300000190734863
1998/01/01,11.649999618530273,6.849999904632568,2.2899999618530273,1.2899999618530273,1.649999976158142,11.559999465942383,4.569999694824219,1.7599999904632568,2.2699999809265137,3.0999999046325684,11.880000114440918,4.929999828338623,2.7699999809265137,3.6599998474121094,4.579999923706055,12.609999656677246,6.12999963760376,3.9099998474121094,5.25,6.159999847412109,13.59000015258789,8.970000267028809,5.989999771118164,6.869999885559082,7.449999809265137
1998/02/01,11.069999694824219,5.87999963760376,0.75,-0.5299999713897705,-0.32999998331069946,10.90999984741211,3.3499999046325684,0.3199999928474426,0.5899999737739563,1.350000023841858,11.1899995803833,3.6499998569488525,1.2699999809265137,2.180000066757202,3.0999999046325684,11.929999351501465,4.859999656677246,2.379999876022339,3.990000009536743,4.929999828338623,12.9399995803833,7.949999809265137,4.789999961853027,5.929999828338623,6.480000019073486
1998/03/01,11.859999656677246,7.179999828338623,2.619999885559082,1.2699999809265137,1.3600000143051147,11.779999732971191,5.049999713897705,2.4800000190734863,2.419999837875366,2.8299999237060547,12.050000190734863,5.119999885559082,2.9800000190734863,3.5999999046325684,4.159999847412109,12.710000038146973,5.989999771118164,3.569999933242798,4.909999847412109,5.519999980926514,13.670000076293945,8.84000015258789,5.710000038146973,6.549999713897705,6.809999942779541
1998/04/01,14.329999923706055,10.769999504089355,7.299999713897705,6.339999675750732,6.369999885559082,14.389999389648438,9.139999389648438,7.159999847412109,7.099999904632568,7.25,14.699999809265137,9.109999656677246,7.369999885559082,7.799999713897705,8.029999732971191,15.34999942779541,9.729999542236328,7.609999656677246,8.559999465942383,8.859999656677246,16.279998779296875,12.229999542236328,9.319999694824219,9.779999732971191,9.84000015258789
1998/05/01,16.3799991607666,14.619999885559082,12.929999351501465,12.4399995803833,12.420000076293945,16.68000030517578,13.969999313354492,12.920000076293945,12.899999618530273,12.960000038146973,17.100000381469727,14.119999885559082,13.170000076293945,13.359999656677246,13.460000038146973,17.709999084472656,14.619999885559082,13.4399995803833,13.920000076293945,14.029999732971191,18.5,16.260000228881836,14.569999694824219,14.880000114440918,14.75999927520752
1998/06/01,17.779998779296875,17.969999313354492,18.10999870300293,17.799999237060547,17.670000076293945,18.329999923706055,18.5,18.59000015258789,18.270000457763672,18.029998779296875,18.829999923706055,18.75,18.729999542236328,18.600000381469727,18.369998931884766,19.31999969482422,18.989999771118164,18.84000015258789,18.920000076293945,18.709999084472656,19.869998931884766,19.520000457763672,19.209999084472656,19.31999969482422,19.049999237060547
1998/07/01,19.709999084472656,21.35999870300293,22.90999984741211,22.939998626708984,22.850000381469727,20.44999885559082,22.729999542236328,23.53999900817871,23.309999465942383,23.10999870300293,21.029998779296875,23.28999900817871,24.010000228881836,23.889999389648438,23.6299991607666,21.479999542236328,23.600000381469727,24.44999885559082,24.389999389648438,24.119998931884766,21.869998931884766,23.3799991607666,24.53999900817871,24.779998779296875,24.51999855041504
1998/08/01,20.60999870300293,22.829999923706055,25.0,25.119998931884766,24.979999542236328,21.40999984741211,24.56999969482422,25.809999465942383,25.260000228881836,24.920000076293945,21.979999542236328,25.01999855041504,26.0,25.56999969482422,25.229999542236328,22.369998931884766,25.10999870300293,26.149999618530273,25.979999542236328,25.729999542236328,22.709999084472656,24.719999313354492,26.219999313354492,26.40999984741211,26.26999855041504
1998/09/01,19.81999969482422,21.600000381469727,23.26999855041504,23.19999885559082,23.049999237060547,20.529998779296875,23.049999237060547,24.059999465942383,23.6299991607666,23.28999900817871,21.049999237060547,23.35999870300293,24.100000381469727,23.85999870300293,23.549999237060547,21.43000030517578,23.3799991607666,24.079999923706055,24.049999237060547,23.869998931884766,21.779998779296875,23.19999885559082,24.229999542236328,24.399999618530273,24.309999465942383
1998/10/01,17.34000015258789,18.469999313354492,19.56999969482422,19.43000030517578,19.309999465942383,18.010000228881836,19.579999923706055,20.209999084472656,19.979999542236328,19.69999885559082,18.53999900817871,19.969999313354492,20.439998626708984,20.459999084472656,20.170000076293945,18.989999771118164,20.170000076293945,20.6299991607666,20.8799991607666,20.649999618530273,19.43000030517578,20.260000228881836,21.029998779296875,21.40999984741211,21.15999984741211
1998/11/01,14.679999351501465,14.15999984741211,13.719999313354492,13.5,13.559999465942383,15.109999656677246,14.25,13.869999885559082,13.949999809265137,14.00999927520752,15.569999694824219,14.65999984741211,14.369999885559082,14.729999542236328,14.809999465942383,16.09000015258789,15.199999809265137,14.929999351501465,15.639999389648438,15.75,16.68000030517578,16.1299991607666,16.020000457763672,16.690000534057617,16.670000076293945
1998/12/01,12.1899995803833,9.630000114440918,7.25,6.710000038146973,6.909999847412109,12.34999942779541,8.559999465942383,7.019999980926514,7.399999618530273,7.819999694824219,12.719999313354492,8.979999542236328,7.799999713897705,8.550000190734863,9.010000228881836,13.329999923706055,9.859999656677246,8.710000038146973,9.949999809265137,10.399999618530273,14.079999923706055,11.719999313354492,10.529999732971191,11.59000015258789,11.75
1999/01/01,11.149999618530273,7.119999885559082,3.3299999237060547,2.3399999141693115,2.5299999713897705,11.15999984741211,5.380000114440918,3.0799999237060547,3.419999837875366,4.009999752044678,11.489999771118164,5.789999961853027,4.029999732971191,4.949999809265137,5.639999866485596,12.15999984741211,6.87999963760376,5.139999866485596,6.699999809265137,7.389999866485596,13.00999927520752,9.269999504089355,7.309999942779541,8.59999942779541,8.880000114440918
1999/02/01,11.529999732971191,6.639999866485596,2.049999952316284,0.9199999570846558,1.0299999713897705,11.449999809265137,4.420000076293945,1.6899999380111694,1.9399999380111694,2.549999952316284,11.75,4.679999828338623,2.5,3.4499998092651367,4.199999809265137,12.460000038146973,5.789999961853027,3.509999990463257,5.21999979019165,5.96999979019165,13.40999984741211,8.630000114440918,5.920000076293945,7.190000057220459,7.489999771118164
1999/03/01,12.219999313354492,7.349999904632568,2.6599998474121094,1.3199999332427979,1.399999976158142,12.149999618530273,5.170000076293945,2.4600000381469727,2.569999933242798,3.049999952316284,12.460000038146973,5.389999866485596,3.2100000381469727,4.059999942779541,4.690000057220459,13.170000076293945,6.429999828338623,4.079999923706055,5.679999828338623,6.319999694824219,14.15999984741211,9.329999923706055,6.409999847412109,7.509999752044678,7.71999979019165
1999/04/01,13.59000015258789,9.679999351501465,5.839999675750732,4.559999942779541,4.529999732971191,13.649999618530273,8.019999504089355,5.869999885559082,5.920000076293945,6.079999923706055,13.979999542236328,8.179999351501465,6.399999618530273,7.079999923706055,7.339999675750732,14.65999984741211,9.0,6.96999979019165,8.25,8.539999961853027,15.579999923706055,11.539999961853027,8.949999809265137,9.729999542236328,9.670000076293945
1999/05/01,15.359999656677246,12.989999771118164,10.4399995803833,9.170000076293945,9.210000038146973,15.630000114440918,12.239999771118164,10.920000076293945,10.739999771118164,10.84999942779541,16.049999237060547,12.50999927520752,11.429999351501465,11.929999351501465,12.119999885559082,16.690000534057617,13.199999809265137,11.929999351501465,13.069999694824219,13.299999237060547,17.53999900817871,15.229999542236328,13.819999694824219,14.670000076293945,14.50999927520752
1999/06/01,18.25,17.850000381469727,17.06999969482422,15.960000038146973,15.979999542236328,18.739999771118164,18.209999084472656,18.03999900817871,17.40999984741211,17.5,19.19999885559082,18.489999771118164,18.28999900817871,18.3799991607666,18.549999237060547,19.719999313354492,18.809999465942383,18.440000534057617,19.139999389648438,19.3799991607666,20.31999969482422,19.739999771118164,19.53999900817871,20.189998626708984,20.139999389648438
1999/07/01,20.309999465942383,22.43000030517578,24.329999923706055,24.10999870300293,23.8799991607666,21.059999465942383,24.10999870300293,25.3799991607666,24.579999923706055,24.260000228881836,21.559999465942383,24.31999969482422,25.229999542236328,24.760000228881836,24.5,21.869998931884766,24.149999618530273,24.94999885559082,24.719999313354492,24.529998779296875,22.10999870300293,23.5,24.60999870300293,24.670000076293945,24.459999084472656
1999/08/01,20.309999465942383,22.44999885559082,24.53999900817871,24.729999542236328,24.920000076293945,21.06999969482422,24.059999465942383,25.170000076293945,25.239999771118164,25.260000228881836,21.6299991607666,24.6299991607666,25.579999923706055,25.719999313354492,25.65999984741211,22.010000228881836,24.84000015258789,25.959999084472656,26.06999969482422,25.969999313354492,22.299999237060547,24.34000015258789,26.010000228881836,26.309999465942383,26.209999084472656
1999/09/01,19.799999237060547,21.299999237060547,22.6299991607666,22.459999084472656,22.350000381469727,20.489999771118164,22.600000381469727,23.369998931884766,23.0,22.84000015258789,21.03999900817871,23.1299991607666,23.779998779296875,23.689998626708984,23.529998779296875,21.459999084472656,23.399999618530273,24.170000076293945,24.329999923706055,24.209999084472656,21.84000015258789,23.26999855041504,24.479999542236328,24.939998626708984,24.78999900817871
1999/10/01,17.03999900817871,17.229999542236328,17.35999870300293,17.09000015258789,17.0,17.579999923706055,17.770000457763672,17.799999237060547,17.56999969482422,17.399999618530273,18.09000015258789,18.219999313354492,18.260000228881836,18.28999900817871,18.10999870300293,18.600000381469727,18.670000076293945,18.75,19.10999870300293,18.969999313354492,19.139999389648438,19.219999313354492,19.469999313354492,19.979999542236328,19.809999465942383
1999/11/01,14.329999923706055,13.34999942779541,12.4399995803833,12.119999885559082,12.199999809265137,14.710000038146973,13.210000038146973,12.539999961853027,12.65999984741211,12.799999237060547,15.170000076293945,13.6899995803833,13.219999313354492,13.630000114440918,13.75999927520752,15.719999313354492,14.369999885559082,13.969999313354492,14.739999771118164,14.859999656677246,16.350000381469727,15.449999809265137,15.149999618530273,15.90999984741211,15.84999942779541
1999/12/01,11.819999694824219,9.130000114440918,6.649999618530273,6.170000076293945,6.409999847412109,11.949999809265137,7.949999809265137,6.309999942779541,6.779999732971191,7.279999732971191,12.309999465942383,8.359999656677246,7.119999885559082,7.87999963760376,8.380000114440918,12.90999984741211,9.279999732971191,8.079999923706055,9.1899995803833,9.639999389648438,13.65999984741211,11.109999656677246,9.710000038146973,10.609999656677246,10.729999542236328
2000/01/01,10.630000114440918,6.21999979019165,2.180000066757202,1.4499999284744263,1.8399999141693115,10.559999465942383,4.119999885559082,1.5399999618530273,2.2899999618530273,3.2200000286102295,10.859999656677246,4.480000019073486,2.490000009536743,3.609999895095825,4.630000114440918,11.539999961853027,5.62999963760376,3.6399998664855957,5.179999828338623,6.109999656677246,12.460000038146973,8.300000190734863,5.819999694824219,6.899999618530273,7.369999885559082
2000/02/01,9.25,4.619999885559082,0.41999998688697815,-0.429999977350235,-0.17000000178813934,9.109999656677246,2.450000047683716,-0.10999999940395355,0.35999998450279236,1.309999942779541,9.34000015258789,2.609999895095825,0.5299999713897705,1.5999999046325684,2.7100000381469727,9.969999313354492,3.5899999141693115,1.3899999856948853,3.0999999046325684,4.159999847412109,10.84999942779541,6.349999904632568,3.7099997997283936,4.859999656677246,5.409999847412109
2000/03/01,11.059999465942383,6.289999961853027,1.6899999380111694,0.5099999904632568,0.5299999713897705,10.929999351501465,4.029999732971191,1.350000023841858,1.4299999475479126,1.899999976158142,11.179999351501465,4.130000114440918,1.9299999475479126,2.6499998569488525,3.259999990463257,11.84999942779541,5.069999694824219,2.629999876022339,4.039999961853027,4.659999847412109,12.829999923706055,8.039999961853027,4.900000095367432,5.799999713897705,5.960000038146973
2000/04/01,13.199999809265137,9.529999732971191,5.75,4.440000057220459,4.409999847412109,13.239999771118164,7.919999599456787,5.859999656677246,5.5,5.549999713897705,13.549999237060547,8.010000228881836,6.279999732971191,6.449999809265137,6.569999694824219,14.199999809265137,8.729999542236328,6.699999809265137,7.440000057220459,7.579999923706055,15.09999942779541,11.210000038146973,8.399999618530273,8.800000190734863,8.639999389648438
2000/05/01,15.219999313354492,13.539999961853027,11.789999961853027,11.0,10.84999942779541,15.50999927520752,13.029999732971191,12.09999942779541,11.550000190734863,11.289999961853027,15.899999618530273,13.149999618530273,12.300000190734863,12.09000015258789,11.84999942779541,16.459999084472656,13.569999694824219,12.460000038146973,12.679999351501465,12.469999313354492,17.209999084472656,15.210000038146973,13.579999923706055,13.719999313354492,13.34000015258789
2000/06/01,18.53999900817871,18.939998626708984,19.459999084472656,19.420000076293945,19.279998779296875,19.079999923706055,19.53999900817871,19.78999900817871,19.59000015258789,19.329999923706055,19.53999900817871,19.68000030517578,19.75,19.729999542236328,19.5,19.979999542236328,19.760000228881836,19.619998931884766,19.829999923706055,19.670000076293945,20.479999542236328,20.239999771118164,20.029998779296875,20.18000030517578,19.959999084472656
2000/07/01,20.329999923706055,22.5,24.75,25.059999465942383,24.799999237060547,21.100000381469727,24.1299991607666,25.35999870300293,25.059999465942383,24.59000015258789,21.639999389648438,24.459999084472656,25.35999870300293,25.100000381469727,24.6299991607666,22.010000228881836,24.439998626708984,25.34000015258789,25.100000381469727,24.68000030517578,22.309999465942383,23.93000030517578,25.10999870300293,25.10999870300293,24.76999855041504
2000/08/01,20.420000076293945,23.079999923706055,25.760000228881836,26.10999870300293,25.93000030517578,21.260000228881836,25.010000228881836,26.489999771118164,26.239999771118164,25.869998931884766,21.84000015258789,25.469999313354492,26.639999389648438,26.510000228881836,26.149999618530273,22.19999885559082,25.510000228881836,26.760000228881836,26.829999923706055,26.559999465942383,22.469999313354492,24.8799991607666,26.81999969482422,27.18000030517578,27.029998779296875
2000/09/01,19.389999389648438,21.479999542236328,23.579999923706055,23.78999900817871,23.619998931884766,20.1299991607666,23.049999237060547,24.229999542236328,24.049999237060547,23.579999923706055,20.639999389648438,23.329999923706055,24.19999885559082,24.06999969482422,23.529998779296875,20.979999542236328,23.28999900817871,24.1299991607666,24.049999237060547,23.53999900817871,21.279998779296875,22.85999870300293,24.029998779296875,24.119998931884766,23.639999389648438
2000/10/01,17.690000534057617,18.279998779296875,18.94999885559082,19.0,18.94999885559082,18.270000457763672,18.969999313354492,19.229999542236328,19.18000030517578,19.020000457763672,18.779998779296875,19.329999923706055,19.489999771118164,19.619998931884766,19.40999984741211,19.260000228881836,19.639999389648438,19.78999900817871,20.100000381469727,19.8799991607666,19.770000457763672,20.049999237060547,20.31999969482422,20.649999618530273,20.399999618530273
2000/11/01,14.34000015258789,13.210000038146973,12.269999504089355,12.130000114440918,12.210000038146973,14.679999351501465,12.90999984741211,12.15999984741211,12.4399995803833,12.550000190734863,15.119999885559082,13.299999237060547,12.710000038146973,13.179999351501465,13.279999732971191,15.679999351501465,13.9399995803833,13.369999885559082,14.109999656677246,14.199999809265137,16.350000381469727,15.199999809265137,14.579999923706055,15.229999542236328,15.139999389648438
2000/12/01,11.969999313354492,9.420000076293945,7.049999713897705,6.579999923706055,6.789999961853027,12.119999885559082,8.329999923706055,6.739999771118164,7.289999961853027,7.710000038146973,12.5,8.789999961853027,7.62999963760376,8.489999771118164,8.929999351501465,13.109999656677246,9.75,8.639999389648438,9.889999389648438,10.269999504089355,13.880000114440918,11.649999618530273,10.420000076293945,11.40999984741211,11.4399995803833
2001/01/01,10.739999771118164,6.339999675750732,2.129999876022339,1.1399999856948853,1.5299999713897705,10.679999351501465,4.289999961853027,1.6699999570846558,2.299999952316284,3.0799999237060547,11.010000228881836,4.769999980926514,2.809999942779541,3.9800000190734863,4.809999942779541,11.710000038146973,6.009999752044678,4.099999904632568,5.779999732971191,6.549999713897705,12.639999389648438,8.670000076293945,6.359999656677246,7.559999942779541,7.869999885559082
2001/02/01,11.019999504089355,5.589999675750732,0.5199999809265137,-0.429999977350235,-0.019999999552965164,10.819999694824219,2.879999876022339,-0.2199999988079071,0.29999998211860657,1.2699999809265137,11.059999465942383,3.0,0.4699999988079071,1.6399999856948853,2.7300000190734863,11.789999961853027,4.110000133514404,1.3600000143051147,3.259999990463257,4.299999713897705,12.84999942779541,7.489999771118164,4.099999904632568,5.279999732971191,5.690000057220459
2001/03/01,12.079999923706055,6.899999618530273,1.8199999332427979,0.5899999737739563,0.6200000047683716,11.90999984741211,4.329999923706055,1.3600000143051147,1.5,1.9399999380111694,12.15999984741211,4.389999866485596,1.9399999380111694,2.7100000381469727,3.2799999713897705,12.899999618530273,5.409999847412109,2.669999837875366,4.210000038146973,4.779999732971191,13.989999771118164,8.769999504089355,5.25,6.269999980926514,6.319999694824219
2001/04/01,13.279999732971191,9.699999809265137,6.069999694824219,4.96999979019165,4.96999979019165,13.299999237060547,8.029999732971191,5.989999771118164,5.889999866485596,5.980000019073486,13.59999942779541,8.069999694824219,6.319999694824219,6.779999732971191,6.929999828338623,14.25,8.779999732971191,6.690000057220459,7.789999961853027,7.940000057220459,15.1899995803833,11.420000076293945,8.6899995803833,9.289999961853027,9.069999694824219
2001/05/01,15.609999656677246,14.09999942779541,12.539999961853027,11.84000015258789,11.699999809265137,15.929999351501465,13.65999984741211,12.829999923706055,12.460000038146973,12.359999656677246,16.329999923706055,13.739999771118164,12.929999351501465,13.09999942779541,13.079999923706055,16.889999389648438,14.119999885559082,13.019999504089355,13.829999923706055,13.880000114440918,17.649999618530273,15.799999237060547,14.559999465942383,15.179999351501465,14.920000076293945
2001/06/01,17.920000076293945,18.719999313354492,19.40999984741211,19.059999465942383,19.09000015258789,18.53999900817871,19.60999870300293,20.119998931884766,19.81999969482422,19.709999084472656,19.03999900817871,19.75,19.979999542236328,20.049999237060547,20.0,19.479999542236328,19.760000228881836,19.78999900817871,20.209999084472656,20.229999542236328,19.969999313354492,20.10999870300293,20.350000381469727,20.75,20.600000381469727
2001/07/01,19.719999313354492,21.850000381469727,23.850000381469727,23.899999618530273,23.799999237060547,20.479999542236328,23.44999885559082,24.6299991607666,24.19999885559082,23.94999885559082,21.020000457763672,23.76999855041504,24.6299991607666,24.40999984741211,24.189998626708984,21.399999618530273,23.75,24.59000015258789,24.579999923706055,24.43000030517578,21.719999313354492,23.34000015258789,24.6299991607666,24.920000076293945,24.78999900817871
2001/08/01,20.520000457763672,22.670000076293945,24.809999465942383,25.079999923706055,24.979999542236328,21.270000457763672,24.219999313354492,25.399999618530273,25.10999870300293,24.93000030517578,21.799999237060547,24.489999771118164,25.31999969482422,25.100000381469727,24.979999542236328,22.18000030517578,24.469999313354492,25.25,25.219999313354492,25.229999542236328,22.529998779296875,24.189998626708984,25.369998931884766,25.56999969482422,25.689998626708984
2001/09/01,19.399999618530273,21.3799991607666,23.399999618530273,23.670000076293945,23.600000381469727,20.119998931884766,22.84000015258789,23.939998626708984,23.81999969482422,23.649999618530273,20.649999618530273,23.1299991607666,23.90999984741211,23.920000076293945,23.78999900817871,21.029998779296875,23.139999389648438,23.8799991607666,24.059999465942383,24.059999465942383,21.3799991607666,22.920000076293945,24.1299991607666,24.459999084472656,24.5
2001/10/01,16.940000534057617,17.549999237060547,18.18000030517578,18.049999237060547,17.94999885559082,17.520000457763672,18.329999923706055,18.639999389648438,18.510000228881836,18.260000228881836,18.029998779296875,18.729999542236328,18.959999084472656,18.939998626708984,18.68000030517578,18.5,19.03999900817871,19.279998779296875,19.439998626708984,19.239999771118164,18.979999542236328,19.34000015258789,19.75,20.10999870300293,19.899999618530273
2001/11/01,14.389999389648438,13.679999351501465,13.039999961853027,12.75999927520752,12.769999504089355,14.799999237060547,13.699999809265137,13.199999809265137,13.210000038146973,13.15999984741211,15.269999504089355,14.179999351501465,13.84000015258789,14.069999694824219,13.989999771118164,15.799999237060547,14.799999237060547,14.539999961853027,15.029999732971191,14.960000038146973,16.3799991607666,15.679999351501465,15.449999809265137,16.029998779296875,15.889999389648438
2001/12/01,11.869999885559082,9.239999771118164,6.859999656677246,6.460000038146973,6.670000076293945,12.0,8.079999923706055,6.489999771118164,6.899999618530273,7.289999961853027,12.34999942779541,8.449999809265137,7.230000019073486,7.87999963760376,8.300000190734863,12.949999809265137,9.319999694824219,8.109999656677246,9.130000114440918,9.559999465942383,13.6899995803833,11.119999885559082,9.639999389648438,10.489999771118164,10.710000038146973
2002/01/01,10.769999504089355,6.949999809265137,3.419999837875366,2.759999990463257,2.929999828338623,10.760000228881836,5.159999847412109,2.919999837875366,3.3499999046325684,3.879999876022339,11.059999465942383,5.509999752044678,3.7699999809265137,4.579999923706055,5.190000057220459,11.699999809265137,6.539999961853027,4.809999942779541,6.109999656677246,6.71999979019165,12.50999927520752,8.760000228881836,6.599999904632568,7.639999866485596,7.940000057220459
2002/02/01,10.5,6.409999847412109,2.450000047683716,1.459999918937683,1.5699999332427979,10.4399995803833,4.5,2.119999885559082,2.319999933242798,2.7699999809265137,10.719999313354492,4.769999980926514,2.8899998664855957,3.619999885559082,4.210000038146973,11.359999656677246,5.769999980926514,3.8299999237060547,5.170000076293945,5.799999713897705,12.199999809265137,8.179999351501465,5.739999771118164,6.739999771118164,7.049999713897705
2002/03/01,11.579999923706055,7.710000038146973,3.759999990463257,2.559999942779541,2.609999895095825,11.559999465942383,5.909999847412109,3.679999828338623,3.5899999141693115,3.8499999046325684,11.84999942779541,6.089999675750732,4.269999980926514,4.779999732971191,5.139999866485596,12.479999542236328,6.940000057220459,4.949999809265137,6.049999713897705,6.460000038146973,13.34000015258789,9.359999656677246,6.730000019073486,7.460000038146973,7.559999942779541
2002/04/01,13.559999465942383,10.429999351501465,7.230000019073486,6.279999732971191,6.319999694824219,13.639999389648438,9.0,7.170000076293945,6.929999828338623,7.019999980926514,13.969999313354492,9.119999885559082,7.579999923706055,7.789999961853027,7.949999809265137,14.609999656677246,9.829999923706055,8.029999732971191,8.769999504089355,8.960000038146973,15.489999771118164,12.139999389648438,9.649999618530273,10.069999694824219,10.019999504089355
2002/05/01,15.880000114440918,14.6899995803833,13.369999885559082,12.59999942779541,12.519999504089355,16.239999771118164,14.449999809265137,13.809999465942383,13.399999618530273,13.170000076293945,16.649999618530273,14.559999465942383,13.90999984741211,13.84999942779541,13.649999618530273,17.190000534057617,14.869999885559082,13.960000038146973,14.299999237060547,14.139999389648438,17.85999870300293,16.100000381469727,14.809999465942383,15.019999504089355,14.719999313354492
2002/06/01,18.06999969482422,18.299999237060547,18.65999984741211,18.690000534057617,18.779998779296875,18.579999923706055,18.719999313354492,18.85999870300293,18.670000076293945,18.729999542236328,19.020000457763672,18.729999542236328,18.6299991607666,18.6299991607666,18.760000228881836,19.479999542236328,18.770000457763672,18.399999618530273,18.649999618530273,18.85999870300293,20.03999900817871,19.489999771118164,19.020000457763672,19.149999618530273,19.239999771118164
2002/07/01,20.029998779296875,21.689998626708984,23.510000228881836,23.959999084472656,23.94999885559082,20.739999771118164,22.920000076293945,23.78999900817871,23.90999984741211,23.799999237060547,21.279998779296875,23.189998626708984,23.78999900817871,23.850000381469727,23.69999885559082,21.69999885559082,23.260000228881836,23.809999465942383,23.809999465942383,23.6299991607666,22.119998931884766,23.18000030517578,23.920000076293945,24.03999900817871,23.760000228881836
2002/08/01,20.079999923706055,22.100000381469727,24.229999542236328,24.729999542236328,24.68000030517578,20.809999465942383,23.51999855041504,24.559999465942383,24.59000015258789,24.40999984741211,21.34000015258789,23.85999870300293,24.639999389648438,24.6299991607666,24.44999885559082,21.75,23.969999313354492,24.760000228881836,24.84000015258789,24.689998626708984,22.1299991607666,23.81999969482422,25.01999855041504,25.26999855041504,25.149999618530273
2002/09/01,19.439998626708984,20.989999771118164,22.510000228881836,22.639999389648438,22.56999969482422,20.10999870300293,22.209999084472656,23.010000228881836,22.889999389648438,22.670000076293945,20.639999389648438,22.579999923706055,23.18000030517578,23.149999618530273,22.899999618530273,21.059999465942383,22.739999771118164,23.350000381469727,23.459999084472656,23.239999771118164,21.469999313354492,22.709999084472656,23.639999389648438,23.939998626708984,23.719999313354492
2002/10/01,17.059999465942383,17.369998931884766,17.75,17.739999771118164,17.69999885559082,17.60999870300293,17.920000076293945,18.010000228881836,17.90999984741211,17.760000228881836,18.119998931884766,18.28999900817871,18.350000381469727,18.35999870300293,18.190000534057617,18.60999870300293,18.68000030517578,18.739999771118164,18.94999885559082,18.78999900817871,19.139999389648438,19.18000030517578,19.31999969482422,19.689998626708984,19.520000457763672
2002/11/01,14.269999504089355,12.469999313354492,10.859999656677246,10.619999885559082,10.769999504089355,14.549999237060547,11.789999961853027,10.619999885559082,10.969999313354492,11.149999618530273,14.979999542236328,12.219999313354492,11.34000015258789,11.84999942779541,11.979999542236328,15.589999198913574,13.029999732971191,12.1899995803833,12.960000038146973,13.039999961853027,16.31999969482422,14.529999732971191,13.479999542236328,14.170000076293945,14.09999942779541
2002/12/01,12.219999313354492,8.970000267028809,5.87999963760376,5.259999752044678,5.489999771118164,12.300000190734863,7.46999979019165,5.480000019073486,6.039999961853027,6.519999980926514,12.65999984741211,7.889999866485596,6.389999866485596,7.269999980926514,7.75,13.319999694824219,8.920000076293945,7.429999828338623,8.679999351501465,9.130000114440918,14.149999618530273,11.069999694824219,9.229999542236328,10.149999618530273,10.319999694824219
2003/01/01,10.539999961853027,5.839999675750732,1.409999966621399,0.5099999904632568,0.75,10.40999984741211,3.5399999618530273,0.8199999928474426,1.2799999713897705,2.0299999713897705,10.670000076293945,3.7300000190734863,1.5499999523162842,2.559999942779541,3.4600000381469727,11.34000015258789,4.779999732971191,2.4700000286102295,4.099999904632568,5.009999752044678,12.279999732971191,7.599999904632568,4.710000038146973,5.809999942779541,6.319999694824219
2003/02/01,10.760000228881836,5.619999885559082,0.6299999952316284,-0.6100000143051147,-0.550000011920929,10.579999923706055,3.129999876022339,0.23999999463558197,0.3400000035762787,0.8999999761581421,10.809999465942383,3.1999998092651367,0.8100000023841858,1.6100000143051147,2.369999885559082,11.489999771118164,4.170000076293945,1.5399999618530273,3.109999895095825,3.9499998092651367,12.460000038146973,7.199999809265137,3.8499999046325684,4.880000114440918,5.329999923706055
2003/03/01,11.949999809265137,7.059999942779541,2.119999885559082,0.6100000143051147,0.6399999856948853,11.819999694824219,4.75,2.009999990463257,1.8700000047683716,2.200000047683716,12.069999694824219,4.769999980926514,2.490000009536743,3.059999942779541,3.569999933242798,12.75999927520752,5.639999866485596,3.0299999713897705,4.319999694824219,4.929999828338623,13.739999771118164,8.609999656677246,5.139999866485596,5.87999963760376,6.159999847412109
2003/04/01,13.639999389648438,9.829999923706055,5.920000076293945,4.630000114440918,4.619999885559082,13.639999389648438,8.069999694824219,5.949999809265137,5.650000095367432,5.730000019073486,13.929999351501465,8.010000228881836,6.150000095367432,6.460000038146973,6.659999847412109,14.579999923706055,8.619999885559082,6.339999675750732,7.269999980926514,7.569999694824219,15.519999504089355,11.25999927520752,8.139999389648438,8.559999465942383,8.59000015258789
2003/05/01,15.489999771118164,14.039999961853027,12.729999542236328,12.34000015258789,12.289999961853027,15.779999732971191,13.529999732971191,12.769999504089355,12.719999313354492,12.829999923706055,16.1299991607666,13.420000076293945,12.579999923706055,12.9399995803833,13.179999351501465,16.639999389648438,13.59999942779541,12.359999656677246,13.1899995803833,13.529999732971191,17.350000381469727,15.139999389648438,13.59000015258789,14.00999927520752,14.09999942779541
2003/06/01,17.709999084472656,18.139999389648438,18.60999870300293,18.489999771118164,18.489999771118164,18.229999542236328,18.719999313354492,18.989999771118164,18.85999870300293,18.78999900817871,18.65999984741211,18.81999969482422,18.889999389648438,18.959999084472656,18.94999885559082,19.079999923706055,18.889999389648438,18.760000228881836,19.020000457763672,19.049999237060547,19.549999237060547,19.329999923706055,19.19999885559082,19.399999618530273,19.260000228881836
2003/07/01,20.119998931884766,21.329999923706055,22.579999923706055,22.649999618530273,22.469999313354492,20.760000228881836,22.389999389648438,23.09000015258789,22.69999885559082,22.260000228881836,21.25,22.549999237060547,22.969999313354492,22.53999900817871,22.059999465942383,21.639999389648438,22.51999855041504,22.799999237060547,22.350000381469727,21.899999618530273,22.03999900817871,22.469999313354492,22.600000381469727,22.329999923706055,21.94999885559082
2003/08/01,20.399999618530273,22.299999237060547,24.19999885559082,24.439998626708984,24.40999984741211,21.1299991607666,23.739999771118164,24.760000228881836,24.51999855041504,24.149999618530273,21.68000030517578,24.10999870300293,24.889999389648438,24.579999923706055,24.1299991607666,22.06999969482422,24.189998626708984,24.969999313354492,24.649999618530273,24.219999313354492,22.43000030517578,23.889999389648438,24.84000015258789,24.760000228881836,24.5
2003/09/01,19.709999084472656,20.869998931884766,21.989999771118164,22.03999900817871,22.0,20.329999923706055,21.84000015258789,22.439998626708984,22.170000076293945,21.889999389648438,20.809999465942383,22.079999923706055,22.479999542236328,22.26999855041504,21.939998626708984,21.229999542236328,22.18000030517578,22.479999542236328,22.3799991607666,22.10999870300293,21.65999984741211,22.31999969482422,22.649999618530273,22.65999984741211,22.5
2003/10/01,17.309999465942383,17.31999969482422,17.440000534057617,17.440000534057617,17.469999313354492,17.799999237060547,17.65999984741211,17.59000015258789,17.6299991607666,17.579999923706055,18.270000457763672,17.969999313354492,17.869998931884766,18.029998779296875,17.959999084472656,18.760000228881836,18.34000015258789,18.190000534057617,18.549999237060547,18.510000228881836,19.309999465942383,19.029998779296875,18.90999984741211,19.309999465942383,19.239999771118164
2003/11/01,14.34000015258789,12.989999771118164,11.84999942779541,11.699999809265137,11.929999351501465,14.670000076293945,12.550000190734863,11.65999984741211,12.09999942779541,12.40999984741211,15.109999656677246,12.949999809265137,12.279999732971191,12.889999389648438,13.15999984741211,15.679999351501465,13.65999984741211,13.0,13.84999942779541,14.069999694824219,16.35999870300293,14.969999313354492,14.25999927520752,14.979999542236328,15.0
2003/12/01,11.5,8.710000038146973,6.170000076293945,5.730000019073486,6.019999980926514,11.609999656677246,7.46999979019165,5.769999980926514,6.409999847412109,7.009999752044678,11.969999313354492,7.889999866485596,6.609999656677246,7.529999732971191,8.139999389648438,12.569999694824219,8.819999694824219,7.579999923706055,8.84999942779541,9.380000114440918,13.309999465942383,10.65999984741211,9.239999771118164,10.25,10.460000038146973
2004/01/01,10.109999656677246,6.199999809265137,2.5299999713897705,1.7300000190734863,2.0299999713897705,10.079999923706055,4.369999885559082,2.0799999237060547,2.6499998569488525,3.359999895095825,10.380000114440918,4.739999771118164,2.9800000190734863,3.9800000190734863,4.75,11.0,5.789999961853027,4.039999961853027,5.489999771118164,6.170000076293945,11.819999694824219,8.09000015258789,5.940000057220459,6.989999771118164,7.279999732971191
2004/02/01,9.829999923706055,5.21999979019165,0.9300000071525574,0.019999999552965164,0.29999998211860657,9.699999809265137,3.0199999809265137,0.3999999761581421,0.85999995470047,1.709999918937683,9.949999809265137,3.2300000190734863,1.1399999856948853,2.180000066757202,3.1399998664855957,10.59999942779541,4.25,2.059999942779541,3.68999981880188,4.619999885559082,11.479999542236328,6.940000057220459,4.239999771118164,5.349999904632568,5.829999923706055
2004/03/01,11.010000228881836,6.639999866485596,2.3899998664855957,1.1299999952316284,1.1999999284744263,10.960000038146973,4.690000057220459,2.259999990463257,2.2300000190734863,2.6499998569488525,11.229999542236328,4.869999885559082,2.8999998569488525,3.509999990463257,4.059999942779541,11.869999885559082,5.779999732971191,3.6399998664855957,4.889999866485596,5.440000057220459,12.769999504089355,8.389999389648438,5.619999885559082,6.449999809265137,6.609999656677246
2004/04/01,13.34000015258789,9.989999771118164,6.75,5.849999904632568,5.949999809265137,13.40999984741211,8.5,6.639999866485596,6.519999980926514,6.769999980926514,13.719999313354492,8.559999465942383,6.949999809265137,7.269999980926514,7.569999694824219,14.34000015258789,9.1899995803833,7.289999961853027,8.09000015258789,8.389999389648438,15.219999313354492,11.539999961853027,8.889999389648438,9.279999732971191,9.269999504089355
2004/05/01,15.869999885559082,14.40999984741211,12.949999809265137,12.429999351501465,12.380000114440918,16.190000534057617,13.929999351501465,13.109999656677246,12.769999504089355,12.699999809265137,16.56999969482422,13.9399995803833,13.119999885559082,13.019999504089355,12.960000038146973,17.1299991607666,14.25999927520752,13.09999942779541,13.34000015258789,13.279999732971191,17.8799991607666,15.829999923706055,14.09000015258789,14.119999885559082,13.84000015258789
2004/06/01,17.94999885559082,18.329999923706055,18.770000457763672,18.60999870300293,18.68000030517578,18.520000457763672,18.939998626708984,19.19999885559082,19.049999237060547,18.969999313354492,19.0,19.020000457763672,19.049999237060547,19.049999237060547,18.989999771118164,19.469999313354492,19.06999969482422,18.84000015258789,18.979999542236328,18.920000076293945,20.03999900817871,19.69999885559082,19.309999465942383,19.31999969482422,19.10999870300293
2004/07/01,19.439998626708984,21.469999313354492,23.389999389648438,23.389999389648438,23.209999084472656,20.219999313354492,23.059999465942383,24.19999885559082,23.799999237060547,23.350000381469727,20.78999900817871,23.369998931884766,24.189998626708984,23.889999389648438,23.369998931884766,21.189998626708984,23.34000015258789,24.09000015258789,23.809999465942383,23.26999855041504,21.559999465942383,23.0,23.93000030517578,23.850000381469727,23.34000015258789
2004/08/01,20.049999237060547,21.84000015258789,23.709999084472656,24.049999237060547,24.10999870300293,20.770000457763672,23.18000030517578,24.119998931884766,24.18000030517578,24.239999771118164,21.309999465942383,23.5,24.189998626708984,24.510000228881836,24.6299991607666,21.729999542236328,23.619998931884766,24.26999855041504,24.869998931884766,25.079999923706055,22.149999618530273,23.649999618530273,24.90999984741211,25.469999313354492,25.670000076293945
2004/09/01,20.0,21.260000228881836,22.5,22.529998779296875,22.329999923706055,20.639999389648438,22.31999969482422,23.01999855041504,22.76999855041504,22.439998626708984,21.1299991607666,22.510000228881836,22.939998626708984,22.889999389648438,22.639999389648438,21.529998779296875,22.51999855041504,22.81999969482422,23.029998779296875,22.899999618530273,21.959999084472656,22.670000076293945,23.209999084472656,23.479999542236328,23.350000381469727
2004/10/01,17.079999923706055,17.770000457763672,18.520000457763672,18.520000457763672,18.3799991607666,17.65999984741211,18.549999237060547,18.90999984741211,18.760000228881836,18.489999771118164,18.149999618530273,18.84000015258789,19.06999969482422,19.100000381469727,18.829999923706055,18.579999923706055,19.059999465942383,19.25,19.489999771118164,19.260000228881836,19.03999900817871,19.329999923706055,19.689998626708984,20.03999900817871,19.799999237060547
2004/11/01,14.469999313354492,13.719999313354492,13.019999504089355,12.779999732971191,12.739999771118164,14.869999885559082,13.679999351501465,13.119999885559082,13.139999389648438,13.019999504089355,15.339999198913574,14.170000076293945,13.799999237060547,14.019999504089355,13.869999885559082,15.880000114440918,14.839999198913574,14.559999465942383,15.059999465942383,14.90999984741211,16.469999313354492,15.789999961853027,15.539999961853027,16.149999618530273,15.9399995803833
2004/12/01,12.199999809265137,10.019999504089355,8.039999961853027,7.759999752044678,7.909999847412109,12.380000114440918,9.079999923706055,7.679999828338623,8.09000015258789,8.34999942779541,12.75999927520752,9.519999504089355,8.489999771118164,9.109999656677246,9.359999656677246,13.34000015258789,10.40999984741211,9.460000038146973,10.429999351501465,10.65999984741211,14.049999237060547,12.019999504089355,10.9399995803833,11.819999694824219,11.880000114440918
2005/01/01,9.889999389648438,6.12999963760376,2.569999933242798,1.8199999332427979,1.9299999475479126,9.84999942779541,4.369999885559082,2.1499998569488525,2.4700000286102295,2.8999998569488525,10.130000114440918,4.71999979019165,3.009999990463257,3.7200000286102295,4.259999752044678,10.75,5.759999752044678,4.079999923706055,5.349999904632568,5.929999828338623,11.539999961853027,8.0,6.0,7.099999904632568,7.449999809265137
2005/02/01,10.510000228881836,5.480000019073486,0.8199999928474426,-0.14000000059604645,-0.1899999976158142,10.34000015258789,3.0299999713897705,0.23999999463558197,0.3999999761581421,0.6899999976158142,10.550000190734863,3.0199999809265137,0.6599999666213989,1.3399999141693115,1.7799999713897705,11.199999809265137,3.919999837875366,1.309999942779541,2.619999885559082,3.1499998569488525,12.149999618530273,6.839999675750732,3.3299999237060547,4.099999904632568,4.400000095367432
2005/03/01,10.420000076293945,5.71999979019165,1.459999918937683,0.5699999928474426,0.5600000023841858,10.279999732971191,3.490000009536743,0.9599999785423279,1.159999966621399,1.4299999475479126,10.479999542236328,3.429999828338623,1.25,2.0,2.440000057220459,11.09999942779541,4.190000057220459,1.6999999284744263,3.109999895095825,3.669999837875366,12.00999927520752,7.059999942779541,3.859999895095825,4.659999847412109,4.940000057220459
2005/04/01,13.299999237060547,9.5,5.87999963760376,4.96999979019165,4.960000038146973,13.299999237060547,7.71999979019165,5.639999866485596,5.579999923706055,5.659999847412109,13.549999237060547,7.589999675750732,5.71999979019165,6.119999885559082,6.279999732971191,14.170000076293945,8.130000114440918,5.839999675750732,6.769999980926514,7.019999980926514,15.089999198913574,10.739999771118164,7.62999963760376,8.019999504089355,8.010000228881836
2005/05/01,15.460000038146973,13.139999389648438,10.979999542236328,10.479999542236328,10.389999389648438,15.65999984741211,12.139999389648438,10.84000015258789,10.739999771118164,10.699999809265137,16.010000228881836,12.139999389648438,10.929999351501465,11.050000190734863,11.079999923706055,16.600000381469727,12.579999923706055,11.019999504089355,11.50999927520752,11.59999942779541,17.440000534057617,14.59999942779541,12.40999984741211,12.639999389648438,12.529999732971191
2005/06/01,17.469999313354492,18.420000076293945,19.35999870300293,19.209999084472656,19.06999969482422,18.079999923706055,19.389999389648438,19.969999313354492,19.53999900817871,19.170000076293945,18.549999237060547,19.559999465942383,19.889999389648438,19.639999389648438,19.309999465942383,18.959999084472656,19.579999923706055,19.739999771118164,19.78999900817871,19.520000457763672,19.40999984741211,19.85999870300293,20.189998626708984,20.3799991607666,20.059999465942383
2005/07/01,19.760000228881836,21.8799991607666,24.010000228881836,24.18000030517578,24.049999237060547,20.489999771118164,23.44999885559082,24.709999084472656,24.350000381469727,23.969999313354492,20.969999313354492,23.559999465942383,24.389999389648438,24.19999885559082,23.850000381469727,21.299999237060547,23.350000381469727,24.01999855041504,24.049999237060547,23.829999923706055,21.600000381469727,23.010000228881836,24.100000381469727,24.26999855041504,24.100000381469727
2005/08/01,19.549999237060547,21.779998779296875,23.989999771118164,24.26999855041504,24.170000076293945,20.279998779296875,23.3799991607666,24.60999870300293,24.19999885559082,23.93000030517578,20.799999237060547,23.68000030517578,24.56999969482422,24.219999313354492,23.989999771118164,21.149999618530273,23.65999984741211,24.53999900817871,24.350000381469727,24.260000228881836,21.469999313354492,23.31999969482422,24.619998931884766,24.779998779296875,24.799999237060547
2005/09/01,19.350000381469727,21.049999237060547,22.689998626708984,22.729999542236328,22.649999618530273,20.020000457763672,22.350000381469727,23.329999923706055,23.059999465942383,22.719999313354492,20.489999771118164,22.479999542236328,23.119998931884766,22.920000076293945,22.600000381469727,20.84000015258789,22.350000381469727,22.81999969482422,22.68000030517578,22.489999771118164,21.189998626708984,22.170000076293945,22.719999313354492,22.619998931884766,22.53999900817871
2005/10/01,17.40999984741211,18.09000015258789,18.770000457763672,18.69999885559082,18.56999969482422,17.989999771118164,18.850000381469727,19.19999885559082,19.0,18.69999885559082,18.469999313354492,19.139999389648438,19.35999870300293,19.270000457763672,18.939998626708984,18.90999984741211,19.329999923706055,19.489999771118164,19.439998626708984,19.149999618530273,19.350000381469727,19.510000228881836,19.600000381469727,19.649999618530273,19.40999984741211
2005/11/01,14.769999504089355,14.139999389648438,13.729999542236328,13.75999927520752,13.75999927520752,15.15999984741211,14.09000015258789,13.639999389648438,13.789999961853027,13.699999809265137,15.59999942779541,14.429999351501465,14.059999465942383,14.269999504089355,14.130000114440918,16.10999870300293,14.929999351501465,14.559999465942383,14.899999618530273,14.719999313354492,16.670000076293945,15.75999927520752,15.229999542236328,15.559999465942383,15.339999198913574
2005/12/01,11.710000038146973,9.1899995803833,6.949999809265137,6.659999847412109,6.809999942779541,11.84000015258789,8.059999465942383,6.519999980926514,6.929999828338623,7.210000038146973,12.179999351501465,8.389999389648438,7.190000057220459,7.710000038146973,7.980000019073486,12.75,9.199999809265137,8.019999504089355,8.769999504089355,9.019999504089355,13.4399995803833,10.819999694824219,9.229999542236328,9.869999885559082,9.989999771118164
2006/01/01,9.869999885559082,5.62999963760376,1.7899999618530273,1.1100000143051147,1.3600000143051147,9.779999732971191,3.619999885559082,1.1999999284744263,1.5999999046325684,2.2100000381469727,10.039999961853027,3.879999876022339,1.96999990940094,2.679999828338623,3.369999885559082,10.65999984741211,4.880000114440918,2.919999837875366,4.079999923706055,4.799999713897705,11.489999771118164,7.289999961853027,4.699999809265137,5.539999961853027,6.059999942779541
2006/02/01,10.079999923706055,5.289999961853027,0.7899999618530273,-0.35999998450279236,-0.3700000047683716,9.949999809265137,3.0999999046325684,0.47999998927116394,0.6100000143051147,1.0,10.179999351501465,3.2200000286102295,1.0799999237060547,1.8299999237060547,2.419999837875366,10.809999465942383,4.139999866485596,1.809999942779541,3.2899999618530273,3.990000009536743,11.699999809265137,6.849999904632568,3.929999828338623,4.940000057220459,5.389999866485596
2006/03/01,11.559999465942383,6.649999618530273,1.7899999618530273,0.23999999463558197,0.17000000178813934,11.4399995803833,4.420000076293945,1.75,1.5899999141693115,1.709999918937683,11.6899995803833,4.449999809265137,2.2300000190734863,2.8299999237060547,3.129999876022339,12.34999942779541,5.289999961853027,2.75,4.079999923706055,4.519999980926514,13.299999237060547,8.15999984741211,4.799999713897705,5.579999923706055,5.759999752044678
2006/04/01,13.4399995803833,9.25,4.940000057220459,3.3999998569488525,3.3299999237060547,13.449999809265137,7.419999599456787,5.089999675750732,4.699999809265137,4.610000133514404,13.75999927520752,7.529999732971191,5.609999656677246,5.779999732971191,5.730000019073486,14.4399995803833,8.34000015258789,6.099999904632568,6.789999961853027,6.809999942779541,15.40999984741211,11.029999732971191,7.809999942779541,8.109999656677246,7.899999618530273
2006/05/01,15.469999313354492,13.09000015258789,10.510000228881836,9.34000015258789,9.229999542236328,15.699999809265137,12.219999313354492,10.880000114440918,10.779999732971191,10.59999942779541,16.079999923706055,12.359999656677246,11.199999809265137,11.670000076293945,11.50999927520752,16.69999885559082,12.889999389648438,11.429999351501465,12.359999656677246,12.25,17.529998779296875,14.880000114440918,12.960000038146973,13.389999389648438,13.059999465942383
2006/06/01,18.06999969482422,18.209999084472656,18.25,17.69999885559082,17.479999542236328,18.600000381469727,18.78999900817871,18.94999885559082,18.420000076293945,18.19999885559082,19.049999237060547,18.90999984741211,18.899999618530273,18.809999465942383,18.65999984741211,19.510000228881836,19.0,18.739999771118164,19.079999923706055,18.969999313354492,20.049999237060547,19.670000076293945,19.459999084472656,19.760000228881836,19.43000030517578
2006/07/01,19.869998931884766,21.329999923706055,22.81999969482422,22.81999969482422,22.689998626708984,20.53999900817871,22.56999969482422,23.489999771118164,22.920000076293945,22.549999237060547,21.029998779296875,22.649999618530273,23.189998626708984,22.920000076293945,22.60999870300293,21.399999618530273,22.529998779296875,22.850000381469727,22.920000076293945,22.69999885559082,21.799999237060547,22.549999237060547,23.100000381469727,23.239999771118164,23.03999900817871
2006/08/01,20.119998931884766,22.049999237060547,24.0,24.239999771118164,24.25,20.85999870300293,23.510000228881836,24.549999237060547,24.479999542236328,24.31999969482422,21.420000076293945,23.90999984741211,24.69999885559082,24.829999923706055,24.719999313354492,21.81999969482422,24.03999900817871,24.850000381469727,25.309999465942383,25.350000381469727,22.219999313354492,23.959999084472656,25.489999771118164,26.149999618530273,26.18000030517578
2006/09/01,19.469999313354492,20.779998779296875,22.06999969482422,22.100000381469727,22.010000228881836,20.100000381469727,21.85999870300293,22.600000381469727,22.5,22.260000228881836,20.59000015258789,22.059999465942383,22.51999855041504,22.689998626708984,22.5,20.989999771118164,22.10999870300293,22.459999084472656,22.939998626708984,22.85999870300293,21.420000076293945,22.279998779296875,23.03999900817871,23.51999855041504,23.3799991607666
2006/10/01,17.3799991607666,18.229999542236328,19.049999237060547,18.939998626708984,18.84000015258789,17.989999771118164,19.1299991607666,19.549999237060547,19.40999984741211,19.239999771118164,18.520000457763672,19.559999465942383,19.889999389648438,20.029998779296875,19.889999389648438,18.979999542236328,19.8799991607666,20.25,20.709999084472656,20.6299991607666,19.44999885559082,20.15999984741211,20.959999084472656,21.600000381469727,21.43000030517578
2006/11/01,15.049999237060547,13.979999542236328,12.920000076293945,12.539999961853027,12.559999465942383,15.429999351501465,13.75999927520752,13.029999732971191,13.079999923706055,13.069999694824219,15.899999618530273,14.199999809265137,13.649999618530273,13.929999351501465,13.920000076293945,16.469999313354492,14.869999885559082,14.34999942779541,14.960000038146973,14.9399995803833,17.139999389648438,16.06999969482422,15.479999542236328,16.09000015258789,15.9399995803833
2006/12/01,12.559999465942383,9.34999942779541,6.299999713897705,5.639999866485596,5.920000076293945,12.65999984741211,7.909999847412109,5.960000038146973,6.37999963760376,6.839999675750732,13.029999732971191,8.34999942779541,6.869999885559082,7.539999961853027,7.980000019073486,13.6899995803833,9.369999885559082,7.929999828338623,8.889999389648438,9.269999504089355,14.529999732971191,11.460000038146973,9.539999961853027,10.309999465942383,10.460000038146973
2007/01/01,9.979999542236328,5.519999980926514,1.1999999284744263,0.08999999612569809,0.05999999865889549,9.869999885559082,3.419999837875366,0.8799999952316284,0.9199999570846558,1.3600000143051147,10.119999885559082,3.629999876022339,1.5999999046325684,2.240000009536743,2.799999952316284,10.760000228881836,4.639999866485596,2.5,3.809999942779541,4.420000076293945,11.639999389648438,7.25,4.489999771118164,5.449999809265137,5.829999923706055
2007/02/01,10.479999542236328,5.739999771118164,1.2599999904632568,0.17000000178813934,0.08999999612569809,10.34999942779541,3.490000009536743,0.8700000047683716,1.0499999523162842,1.3600000143051147,10.569999694824219,3.5399999618530273,1.3399999141693115,2.1399998664855957,2.6399998664855957,11.210000038146973,4.409999847412109,2.0,3.4600000381469727,4.049999713897705,12.109999656677246,7.170000076293945,4.069999694824219,5.0,5.339999675750732
2007/03/01,11.699999809265137,6.960000038146973,2.259999990463257,1.0299999713897705,0.9599999785423279,11.569999694824219,4.630000114440918,1.9299999475479126,2.009999990463257,2.169999837875366,11.809999465942383,4.639999866485596,2.379999876022339,3.0399999618530273,3.3499999046325684,12.489999771118164,5.519999980926514,2.9600000381469727,4.230000019073486,4.650000095367432,13.469999313354492,8.460000038146973,5.049999713897705,5.809999942779541,5.960000038146973
2007/04/01,12.949999809265137,9.300000190734863,5.62999963760376,4.509999752044678,4.489999771118164,12.969999313354492,7.639999866485596,5.559999942779541,5.429999828338623,5.389999866485596,13.269999504089355,7.75,6.019999980926514,6.339999675750732,6.339999675750732,13.90999984741211,8.5,6.5,7.329999923706055,7.399999618530273,14.809999465942383,10.979999542236328,8.239999771118164,8.720000267028809,8.559999465942383
2007/05/01,15.50999927520752,13.969999313354492,12.34999942779541,11.699999809265137,11.779999732971191,15.789999961853027,13.4399995803833,12.529999732971191,12.40999984741211,12.359999656677246,16.15999984741211,13.559999465942383,12.729999542236328,12.920000076293945,12.869999885559082,16.709999084472656,13.969999313354492,12.889999389648438,13.399999618530273,13.359999656677246,17.440000534057617,15.539999961853027,14.00999927520752,14.25,14.0
2007/06/01,18.600000381469727,19.0,19.600000381469727,19.939998626708984,19.959999084472656,19.09000015258789,19.389999389648438,19.559999465942383,19.760000228881836,19.779998779296875,19.520000457763672,19.399999618530273,19.350000381469727,19.639999389648438,19.69999885559082,19.959999084472656,19.439998626708984,19.1299991607666,19.59000015258789,19.68000030517578,20.489999771118164,20.079999923706055,19.719999313354492,19.94999885559082,19.869998931884766
2007/07/01,20.239999771118164,21.56999969482422,23.079999923706055,23.51999855041504,23.439998626708984,20.889999389648438,22.619998931884766,23.279998779296875,23.309999465942383,23.219999313354492,21.399999618530273,22.969999313354492,23.459999084472656,23.439998626708984,23.369998931884766,21.829999923706055,23.15999984741211,23.670000076293945,23.709999084472656,23.65999984741211,22.229999542236328,23.1299991607666,23.850000381469727,24.09000015258789,23.979999542236328
2007/08/01,20.279998779296875,22.350000381469727,24.53999900817871,24.93000030517578,24.84000015258789,21.029998779296875,23.93000030517578,25.03999900817871,24.829999923706055,24.529998779296875,21.59000015258789,24.420000076293945,25.309999465942383,25.06999969482422,24.76999855041504,21.979999542236328,24.600000381469727,25.619998931884766,25.53999900817871,25.31999969482422,22.309999465942383,24.260000228881836,25.799999237060547,26.119998931884766,26.0
2007/09/01,19.44999885559082,21.329999923706055,23.28999900817871,23.529998779296875,23.389999389648438,20.170000076293945,22.76999855041504,23.829999923706055,23.78999900817871,23.420000076293945,20.689998626708984,23.079999923706055,23.84000015258789,23.889999389648438,23.5,21.049999237060547,23.10999870300293,23.850000381469727,24.03999900817871,23.719999313354492,21.399999618530273,22.869998931884766,24.03999900817871,24.31999969482422,24.059999465942383
2007/10/01,17.09000015258789,17.920000076293945,18.81999969482422,18.84000015258789,18.729999542236328,17.670000076293945,18.770000457763672,19.219999313354492,19.100000381469727,18.869998931884766,18.15999984741211,19.049999237060547,19.329999923706055,19.3799991607666,19.149999618530273,18.579999923706055,19.229999542236328,19.469999313354492,19.670000076293945,19.489999771118164,19.029998779296875,19.469999313354492,19.850000381469727,20.1299991607666,19.93000030517578
2007/11/01,13.670000076293945,12.9399995803833,12.329999923706055,12.199999809265137,12.319999694824219,14.049999237060547,12.869999885559082,12.319999694824219,12.59000015258789,12.699999809265137,14.5,13.34999942779541,12.989999771118164,13.399999618530273,13.479999542236328,15.019999504089355,14.00999927520752,13.75,14.359999656677246,14.420000076293945,15.59999942779541,14.949999809265137,14.75,15.40999984741211,15.329999923706055
2007/12/01,11.729999542236328,9.4399995803833,7.349999904632568,6.899999618530273,7.079999923706055,11.920000076293945,8.550000190734863,7.139999866485596,7.539999961853027,7.919999599456787,12.309999465942383,9.059999465942383,8.050000190734863,8.739999771118164,9.09999942779541,12.889999389648438,9.979999542236328,9.079999923706055,10.149999618530273,10.460000038146973,13.569999694824219,11.50999927520752,10.569999694824219,11.550000190734863,11.630000114440918
2008/01/01,10.829999923706055,6.519999980926514,2.5,1.6200000047683716,1.7999999523162842,10.779999732971191,4.519999980926514,2.049999952316284,2.4099998474121094,3.0199999809265137,11.069999694824219,4.799999713897705,2.8499999046325684,3.68999981880188,4.380000114440918,11.719999313354492,5.839999675750732,3.8499999046325684,5.21999979019165,5.87999963760376,12.579999923706055,8.309999465942383,5.759999752044678,6.759999752044678,7.109999656677246
2008/02/01,10.119999885559082,5.079999923706055,0.3700000047683716,-0.6499999761581421,-0.6899999976158142,9.929999351501465,2.629999876022339,-0.10999999940395355,-0.03999999910593033,0.3999999761581421,10.109999656677246,2.5399999618530273,0.1899999976158142,0.9300000071525574,1.5999999046325684,10.739999771118164,3.369999885559082,0.7199999690055847,2.2100000381469727,2.990000009536743,11.65999984741211,6.279999732971191,2.8399999141693115,3.75,4.230000019073486
2008/03/01,11.429999351501465,6.670000076293945,2.0299999713897705,0.7799999713897705,0.6299999952316284,11.300000190734863,4.389999866485596,1.7799999713897705,1.6399999856948853,1.7300000190734863,11.519999504089355,4.329999923706055,2.0899999141693115,2.569999933242798,2.8399999141693115,12.170000076293945,5.099999904632568,2.5,3.669999837875366,4.069999694824219,13.119999885559082,7.980000019073486,4.480000019073486,5.130000114440918,5.279999732971191
2008/04/01,13.579999923706055,10.469999313354492,7.319999694824219,6.279999732971191,6.279999732971191,13.65999984741211,9.059999465942383,7.319999694824219,7.359999656677246,7.349999904632568,13.949999809265137,9.010000228881836,7.460000038146973,7.940000057220459,8.0,14.539999961853027,9.510000228881836,7.579999923706055,8.4399995803833,8.569999694824219,15.380000114440918,11.729999542236328,9.019999504089355,9.319999694824219,9.229999542236328
2008/05/01,15.299999237060547,13.679999351501465,11.859999656677246,10.9399995803833,10.819999694824219,15.59999942779541,13.1899995803833,12.289999961853027,11.75,11.529999732971191,15.989999771118164,13.289999961853027,12.4399995803833,12.25999927520752,12.069999694824219,16.549999237060547,13.6899995803833,12.559999465942383,12.719999313354492,12.550000190734863,17.28999900817871,15.229999542236328,13.529999732971191,13.579999923706055,13.25
2008/06/01,17.670000076293945,17.94999885559082,18.10999870300293,17.649999618530273,17.670000076293945,18.239999771118164,18.559999465942383,18.75,18.479999542236328,18.270000457763672,18.709999084472656,18.739999771118164,18.770000457763672,18.779998779296875,18.549999237060547,19.189998626708984,18.869998931884766,18.690000534057617,18.90999984741211,18.709999084472656,19.729999542236328,19.439998626708984,19.19999885559082,19.34000015258789,19.029998779296875
2008/07/01,19.06999969482422,20.94999885559082,22.85999870300293,22.979999542236328,22.85999870300293,19.829999923706055,22.44999885559082,23.559999465942383,22.979999542236328,22.649999618530273,20.369998931884766,22.65999984741211,23.399999618530273,23.049999237060547,22.709999084472656,20.770000457763672,22.59000015258789,23.209999084472656,23.1299991607666,22.84000015258789,21.149999618530273,22.399999618530273,23.329999923706055,23.469999313354492,23.149999618530273
2008/08/01,19.719999313354492,22.15999984741211,24.729999542236328,25.25,25.25,20.5,23.85999870300293,25.209999084472656,25.26999855041504,25.059999465942383,21.03999900817871,24.170000076293945,25.149999618530273,25.209999084472656,24.979999542236328,21.399999618530273,24.1299991607666,25.119998931884766,25.25,25.100000381469727,21.709999084472656,23.709999084472656,25.279998779296875,25.59000015258789,25.489999771118164
2008/09/01,19.53999900817871,21.170000076293945,22.84000015258789,22.969999313354492,22.869998931884766,20.229999542236328,22.489999771118164,23.399999618530273,23.229999542236328,22.959999084472656,20.75,22.779998779296875,23.43000030517578,23.389999389648438,23.1299991607666,21.139999389648438,22.829999923706055,23.43000030517578,23.559999465942383,23.389999389648438,21.510000228881836,22.729999542236328,23.689998626708984,23.959999084472656,23.829999923706055
2008/10/01,17.34000015258789,17.81999969482422,18.309999465942383,18.18000030517578,18.029998779296875,17.90999984741211,18.5,18.729999542236328,18.520000457763672,18.239999771118164,18.40999984741211,18.84000015258789,18.969999313354492,19.0,18.719999313354492,18.889999389648438,19.139999389648438,19.25,19.579999923706055,19.35999870300293,19.40999984741211,19.619998931884766,19.899999618530273,20.350000381469727,20.100000381469727
2008/11/01,14.989999771118164,13.929999351501465,13.079999923706055,12.9399995803833,12.960000038146973,15.34999942779541,13.6899995803833,13.00999927520752,13.149999618530273,13.119999885559082,15.799999237060547,14.019999504089355,13.460000038146973,13.739999771118164,13.6899995803833,16.350000381469727,14.589999198913574,14.0,14.549999237060547,14.5,17.010000228881836,15.769999504089355,15.049999237060547,15.579999923706055,15.40999984741211
2008/12/01,12.069999694824219,9.329999923706055,6.819999694824219,6.420000076293945,6.639999866485596,12.1899995803833,8.079999923706055,6.399999618530273,6.899999618530273,7.279999732971191,12.539999961853027,8.449999809265137,7.149999618530273,7.849999904632568,8.210000038146973,13.149999618530273,9.34000015258789,8.059999465942383,9.029999732971191,9.359999656677246,13.90999984741211,11.199999809265137,9.539999961853027,10.300000190734863,10.420000076293945
2009/01/01,9.829999923706055,5.650000095367432,1.9299999475479126,1.5099999904632568,1.7999999523162842,9.729999542236328,3.549999952316284,1.0799999237060547,1.7899999618530273,2.549999952316284,9.989999771118164,3.819999933242798,1.8700000047683716,2.8299999237060547,3.679999828338623,10.619999885559082,4.889999866485596,2.929999828338623,4.299999713897705,5.130000114440918,11.469999313354492,7.399999618530273,4.920000076293945,5.920000076293945,6.440000057220459
2009/02/01,10.260000228881836,5.559999942779541,1.1799999475479126,0.35999998450279236,0.7299999594688416,10.130000114440918,3.2300000190734863,0.5,1.2300000190734863,2.049999952316284,10.380000114440918,3.4700000286102295,1.2999999523162842,2.3999998569488525,3.319999933242798,11.059999465942383,4.549999713897705,2.2699999809265137,3.8499999046325684,4.739999771118164,12.0,7.399999618530273,4.539999961853027,5.559999942779541,6.009999752044678
2009/03/01,11.369999885559082,6.730000019073486,2.119999885559082,0.7899999618530273,0.949999988079071,11.269999504089355,4.559999942779541,1.909999966621399,2.009999990463257,2.5,11.539999961853027,4.75,2.629999876022339,3.309999942779541,3.879999876022339,12.229999542236328,5.75,3.429999828338623,4.699999809265137,5.279999732971191,13.1899995803833,8.59000015258789,5.559999942779541,6.399999618530273,6.569999694824219
2009/04/01,12.989999771118164,9.619999885559082,6.269999980926514,5.210000038146973,5.259999752044678,13.059999465942383,8.170000076293945,6.279999732971191,6.039999961853027,6.159999847412109,13.380000114440918,8.300000190734863,6.730000019073486,6.949999809265137,7.089999675750732,14.0,9.010000228881836,7.190000057220459,7.949999809265137,8.069999694824219,14.859999656677246,11.329999923706055,8.84000015258789,9.300000190734863,9.130000114440918
2009/05/01,15.0,13.420000076293945,11.539999961853027,10.309999465942383,10.309999465942383,15.299999237060547,13.049999237060547,12.219999313354492,11.75,11.649999618530273,15.699999809265137,13.199999809265137,12.429999351501465,12.489999771118164,12.40999984741211,16.239999771118164,13.609999656677246,12.579999923706055,13.149999618530273,13.079999923706055,16.959999084472656,15.149999618530273,13.799999237060547,14.149999618530273,13.859999656677246
2009/06/01,17.760000228881836,18.279998779296875,18.559999465942383,17.94999885559082,17.829999923706055,18.329999923706055,19.059999465942383,19.40999984741211,18.779998779296875,18.600000381469727,18.809999465942383,19.25,19.420000076293945,19.270000457763672,19.139999389648438,19.239999771118164,19.329999923706055,19.28999900817871,19.510000228881836,19.420000076293945,19.729999542236328,19.770000457763672,19.799999237060547,20.0,19.739999771118164
2009/07/01,19.899999618530273,21.520000457763672,23.10999870300293,23.18000030517578,23.029998779296875,20.579999923706055,22.81999969482422,23.739999771118164,23.239999771118164,22.869998931884766,21.079999923706055,23.01999855041504,23.639999389648438,23.229999542236328,22.850000381469727,21.459999084472656,22.979999542236328,23.489999771118164,23.18000030517578,22.85999870300293,21.84000015258789,22.850000381469727,23.40999984741211,23.309999465942383,23.059999465942383
2009/08/01,20.31999969482422,22.729999542236328,25.25,25.760000228881836,25.78999900817871,21.100000381469727,24.399999618530273,25.719999313354492,25.670000076293945,25.6299991607666,21.639999389648438,24.709999084472656,25.68000030517578,25.68000030517578,25.6299991607666,21.989999771118164,24.65999984741211,25.619998931884766,25.639999389648438,25.649999618530273,22.279998779296875,24.139999389648438,25.5,25.639999389648438,25.709999084472656
2009/09/01,19.6299991607666,20.60999870300293,21.6299991607666,21.779998779296875,21.760000228881836,20.239999771118164,21.479999542236328,21.94999885559082,21.78999900817871,21.6299991607666,20.739999771118164,21.809999465942383,22.139999389648438,22.049999237060547,21.939998626708984,21.189998626708984,22.049999237060547,22.35999870300293,22.5,22.489999771118164,21.65999984741211,22.329999923706055,22.829999923706055,23.139999389648438,23.170000076293945
2009/10/01,17.299999237060547,17.93000030517578,18.600000381469727,18.559999465942383,18.559999465942383,17.8799991607666,18.690000534057617,18.989999771118164,18.84000015258789,18.719999313354492,18.3799991607666,19.079999923706055,19.309999465942383,19.299999237060547,19.170000076293945,18.84000015258789,19.40999984741211,19.65999984741211,19.889999389648438,19.81999969482422,19.309999465942383,19.75,20.239999771118164,20.68000030517578,20.56999969482422
2009/11/01,14.019999504089355,12.699999809265137,11.699999809265137,11.829999923706055,12.15999984741211,14.309999465942383,12.170000076293945,11.279999732971191,11.869999885559082,12.329999923706055,14.729999542236328,12.479999542236328,11.75,12.40999984741211,12.869999885559082,15.289999961853027,13.139999389648438,12.380000114440918,13.269999504089355,13.729999542236328,16.010000228881836,14.65999984741211,13.84999942779541,14.529999732971191,14.799999237060547
2009/12/01,11.279999732971191,8.170000076293945,5.369999885559082,4.96999979019165,5.319999694824219,11.34000015258789,6.710000038146973,4.829999923706055,5.519999980926514,6.279999732971191,11.670000076293945,7.049999713897705,5.589999675750732,6.489999771118164,7.309999942779541,12.279999732971191,7.96999979019165,6.509999752044678,7.779999732971191,8.550000190734863,13.069999694824219,10.069999694824219,8.34000015258789,9.369999885559082,9.769999504089355
2010/01/01,9.960000038146973,5.130000114440918,0.7299999594688416,0.08999999612569809,0.5099999904632568,9.800000190734863,2.700000047683716,-0.09999999403953552,0.5999999642372131,1.5299999713897705,10.050000190734863,2.929999828338623,0.6899999976158142,1.7300000190734863,2.7300000190734863,10.719999313354492,4.049999713897705,1.7400000095367432,3.1999998092651367,4.139999866485596,11.639999389648438,6.819999694824219,3.8299999237060547,4.819999694824219,5.349999904632568
2010/02/01,10.359999656677246,4.779999732971191,-0.23999999463558197,-0.8499999642372131,-0.429999977350235,10.109999656677246,1.8600000143051147,-1.350000023841858,-0.6699999570846558,0.3199999928474426,10.319999694824219,1.899999976158142,-0.7299999594688416,0.29999998211860657,1.4399999380111694,11.019999504089355,2.990000009536743,0.10999999940395355,1.7400000095367432,2.859999895095825,12.059999465942383,6.279999732971191,2.5299999713897705,3.5299999713897705,4.199999809265137
2010/03/01,11.559999465942383,6.089999675750732,0.8399999737739563,-0.1899999976158142,0.0,11.319999694824219,3.25,0.10999999940395355,0.4699999988079071,1.100000023841858,11.529999732971191,3.18999981880188,0.5399999618530273,1.3600000143051147,2.1399998664855957,12.25,4.139999866485596,1.1399999856948853,2.559999942779541,3.369999885559082,13.329999923706055,7.519999980926514,3.4700000286102295,4.21999979019165,4.630000114440918
2010/04/01,12.479999542236328,8.1899995803833,3.8299999237060547,2.5799999237060547,2.629999876022339,12.389999389648438,6.089999675750732,3.6499998569488525,3.5,3.68999981880188,12.649999618530273,6.059999942779541,3.9700000286102295,4.279999732971191,4.559999942779541,13.309999465942383,6.799999713897705,4.339999675750732,5.179999828338623,5.489999771118164,14.289999961853027,9.670000076293945,6.199999809265137,6.579999923706055,6.599999904632568
2010/05/01,14.319999694824219,12.309999465942383,10.109999656677246,9.029999732971191,8.970000267028809,14.569999694824219,11.670000076293945,10.550000190734863,9.979999542236328,9.880000114440918,14.9399995803833,11.84999942779541,10.899999618530273,10.619999885559082,10.529999732971191,15.50999927520752,12.359999656677246,11.179999351501465,11.269999504089355,11.199999809265137,16.270000457763672,14.039999961853027,12.239999771118164,12.329999923706055,12.119999885559082
2010/06/01,16.8799991607666,17.65999984741211,18.329999923706055,17.93000030517578,17.779998779296875,17.479999542236328,18.60999870300293,19.10999870300293,18.369998931884766,18.10999870300293,17.94999885559082,18.829999923706055,19.139999389648438,18.719999313354492,18.489999771118164,18.35999870300293,18.889999389648438,19.049999237060547,18.939998626708984,18.78999900817871,18.78999900817871,19.100000381469727,19.279998779296875,19.329999923706055,19.189998626708984
2010/07/01,19.439998626708984,21.279998779296875,23.219999313354492,23.510000228881836,23.510000228881836,20.170000076293945,22.709999084472656,23.719999313354492,23.489999771118164,23.28999900817871,20.709999084472656,23.029998779296875,23.779998779296875,23.639999389648438,23.439998626708984,21.100000381469727,23.079999923706055,23.799999237060547,23.84000015258789,23.719999313354492,21.459999084472656,22.850000381469727,23.959999084472656,24.19999885559082,24.139999389648438
2010/08/01,20.299999237060547,22.020000457763672,23.84000015258789,24.119998931884766,24.10999870300293,21.020000457763672,23.389999389648438,24.31999969482422,24.26999855041504,24.260000228881836,21.56999969482422,23.78999900817871,24.489999771118164,24.59000015258789,24.639999389648438,22.0,23.959999084472656,24.689998626708984,25.059999465942383,25.229999542236328,22.40999984741211,23.939998626708984,25.239999771118164,25.760000228881836,25.94999885559082
2010/09/01,19.619998931884766,20.6299991607666,21.56999969482422,21.420000076293945,21.35999870300293,20.229999542236328,21.600000381469727,22.149999618530273,22.0,21.920000076293945,20.709999084472656,21.85999870300293,22.219999313354492,22.389999389648438,22.40999984741211,21.1299991607666,22.0,22.279998779296875,22.779998779296875,22.959999084472656,21.600000381469727,22.329999923706055,22.969999313354492,23.439998626708984,23.549999237060547
2010/10/01,16.969999313354492,17.1299991607666,17.18000030517578,16.770000457763672,16.760000228881836,17.5,17.68000030517578,17.69999885559082,17.579999923706055,17.559999465942383,18.0,18.100000381469727,18.139999389648438,18.31999969482422,18.28999900817871,18.489999771118164,18.529998779296875,18.579999923706055,19.0,18.989999771118164,19.029998779296875,19.1299991607666,19.34000015258789,19.84000015258789,19.68000030517578
2010/11/01,13.649999618530273,13.079999923706055,12.559999465942383,12.319999694824219,12.309999465942383,14.049999237060547,13.139999389648438,12.710000038146973,12.75999927520752,12.75999927520752,14.5,13.579999923706055,13.299999237060547,13.59000015258789,13.529999732971191,15.0,14.15999984741211,13.9399995803833,14.529999732971191,14.389999389648438,15.559999465942383,15.029999732971191,14.90999984741211,15.549999237060547,15.219999313354492
2010/12/01,11.84999942779541,9.289999961853027,7.049999713897705,6.739999771118164,6.889999866485596,11.979999542236328,8.170000076293945,6.670000076293945,7.049999713897705,7.409999847412109,12.319999694824219,8.449999809265137,7.239999771118164,7.960000038146973,8.329999923706055,12.889999389648438,9.210000038146973,7.949999809265137,9.119999885559082,9.449999809265137,13.609999656677246,10.989999771118164,9.559999465942383,10.449999809265137,10.510000228881836
2011/01/01,10.130000114440918,5.539999961853027,1.4299999475479126,0.8199999928474426,1.0499999523162842,9.989999771118164,3.2699999809265137,0.6699999570846558,1.1699999570846558,1.8499999046325684,10.219999313354492,3.3499999046325684,1.1999999284744263,2.049999952316284,2.859999895095825,10.859999656677246,4.269999980926514,1.9499999284744263,3.319999933242798,4.139999866485596,11.739999771118164,6.960000038146973,3.9499998092651367,4.859999656677246,5.349999904632568
2011/02/01,10.1899995803833,5.059999942779541,0.35999998450279236,-0.4599999785423279,-0.3499999940395355,9.989999771118164,2.490000009536743,-0.35999998450279236,-0.019999999552965164,0.5899999737739563,10.170000076293945,2.4099998474121094,0.0,0.8199999928474426,1.6399999856948853,10.819999694824219,3.2699999809265137,0.550000011920929,2.0,2.9099998474121094,11.75999927520752,6.25,2.6499998569488525,3.4800000190734863,4.059999942779541
2011/03/01,10.829999923706055,6.139999866485596,1.75,0.6100000143051147,0.6499999761581421,10.719999313354492,3.990000009536743,1.459999918937683,1.4299999475479126,1.709999918937683,10.949999809265137,4.0,1.8700000047683716,2.299999952316284,2.7200000286102295,11.569999694824219,4.799999713897705,2.379999876022339,3.319999933242798,3.809999942779541,12.469999313354492,7.489999771118164,4.130000114440918,4.639999866485596,4.859999656677246
2011/04/01,12.769999504089355,9.139999389648438,5.539999961853027,4.380000114440918,4.400000095367432,12.809999465942383,7.579999923706055,5.579999923706055,5.230000019073486,5.289999961853027,13.109999656677246,7.690000057220459,6.019999980926514,6.019999980926514,6.12999963760376,13.729999542236328,8.380000114440918,6.440000057220459,6.819999694824219,6.949999809265137,14.59999942779541,10.710000038146973,7.799999713897705,7.909999847412109,7.859999656677246
2011/05/01,14.929999351501465,13.069999694824219,11.389999389648438,11.0,10.929999351501465,15.15999984741211,12.34000015258789,11.34999942779541,11.019999504089355,10.859999656677246,15.5,12.25999927520752,11.25,11.139999389648438,10.979999542236328,16.03999900817871,12.569999694824219,11.179999351501465,11.460000038146973,11.359999656677246,16.809999465942383,14.389999389648438,12.380000114440918,12.420000076293945,12.170000076293945
2011/06/01,17.85999870300293,18.09000015258789,18.309999465942383,18.020000457763672,17.899999618530273,18.369998931884766,18.600000381469727,18.809999465942383,18.329999923706055,17.979999542236328,18.799999237060547,18.59000015258789,18.53999900817871,18.270000457763672,17.940000534057617,19.229999542236328,18.56999969482422,18.219999313354492,18.25,18.0,19.760000228881836,19.189998626708984,18.670000076293945,18.719999313354492,18.399999618530273
2011/07/01,19.489999771118164,20.979999542236328,22.44999885559082,22.44999885559082,22.299999237060547,20.149999618530273,22.219999313354492,23.100000381469727,22.68000030517578,22.209999084472656,20.6299991607666,22.399999618530273,22.979999542236328,22.579999923706055,22.079999923706055,21.0,22.350000381469727,22.799999237060547,22.459999084472656,22.020000457763672,21.350000381469727,22.19999885559082,22.709999084472656,22.59000015258789,22.219999313354492
2011/08/01,20.10999870300293,22.0,24.03999900817871,24.389999389648438,24.3799991607666,20.829999923706055,23.439998626708984,24.5,24.479999542236328,24.079999923706055,21.350000381469727,23.719999313354492,24.479999542236328,24.350000381469727,23.81999969482422,21.729999542236328,23.709999084472656,24.420000076293945,24.189998626708984,23.639999389648438,22.09000015258789,23.469999313354492,24.350000381469727,24.239999771118164,23.78999900817871
2011/09/01,19.309999465942383,20.44999885559082,21.69999885559082,21.850000381469727,21.69999885559082,19.93000030517578,21.469999313354492,22.100000381469727,21.899999618530273,21.579999923706055,20.420000076293945,21.760000228881836,22.189998626708984,22.079999923706055,21.69999885559082,20.84000015258789,21.899999618530273,22.28999900817871,22.26999855041504,21.899999618530273,21.260000228881836,22.03999900817871,22.529998779296875,22.639999389648438,22.279998779296875
2011/10/01,16.78999900817871,17.18000030517578,17.65999984741211,17.60999870300293,17.43000030517578,17.31999969482422,17.799999237060547,18.0,17.809999465942383,17.440000534057617,17.779998779296875,18.10999870300293,18.229999542236328,18.18000030517578,17.770000457763672,18.219999313354492,18.389999389648438,18.489999771118164,18.639999389648438,18.239999771118164,18.69999885559082,18.81999969482422,18.94999885559082,19.209999084472656,18.81999969482422
2011/11/01,14.479999542236328,13.789999961853027,13.219999313354492,12.989999771118164,12.929999351501465,14.899999618530273,13.829999923706055,13.34999942779541,13.420000076293945,13.329999923706055,15.369999885559082,14.289999961853027,13.969999313354492,14.25999927520752,14.139999389648438,15.899999618530273,14.889999389648438,14.630000114440918,15.1899995803833,15.059999465942383,16.479999542236328,15.789999961853027,15.549999237060547,16.119998931884766,15.90999984741211
2011/12/01,11.34000015258789,9.119999885559082,7.059999942779541,6.539999961853027,6.649999618530273,11.519999504089355,8.279999732971191,6.940000057220459,7.12999963760376,7.339999675750732,11.889999389648438,8.729999542236328,7.75,8.199999809265137,8.4399995803833,12.449999809265137,9.569999694824219,8.670000076293945,9.5,9.729999542236328,13.109999656677246,11.079999923706055,10.019999504089355,10.829999923706055,10.90999984741211
2012/01/01,9.260000228881836,5.429999828338623,1.8399999141693115,0.9599999785423279,1.0699999332427979,9.229999542236328,3.740000009536743,1.5399999618530273,1.7599999904632568,2.2300000190734863,9.529999732971191,4.159999847412109,2.490000009536743,3.1399998664855957,3.68999981880188,10.130000114440918,5.230000019073486,3.6399998664855957,4.839999675750732,5.409999847412109,10.899999618530273,7.419999599456787,5.509999752044678,6.569999694824219,6.899999618530273
2012/02/01,10.319999694824219,5.239999771118164,0.47999998927116394,-0.5399999618530273,-0.5600000023841858,10.139999389648438,2.7799999713897705,-0.029999999329447746,0.009999999776482582,0.3999999761581421,10.359999656677246,2.819999933242798,0.4699999988079071,1.0699999332427979,1.6399999856948853,11.019999504089355,3.759999990463257,1.1799999475479126,2.490000009536743,3.179999828338623,11.979999542236328,6.739999771118164,3.319999933242798,4.170000076293945,4.610000133514404
2012/03/01,11.699999809265137,6.460000038146973,1.3799999952316284,0.11999999731779099,0.05999999865889549,11.519999504089355,3.879999876022339,0.9399999976158142,0.949999988079071,1.149999976158142,11.739999771118164,3.8499999046325684,1.3700000047683716,1.9499999284744263,2.319999933242798,12.4399995803833,4.75,1.9299999475479126,3.1599998474121094,3.6599998474121094,13.479999542236328,7.909999847412109,4.019999980926514,4.659999847412109,4.920000076293945
2012/04/01,13.319999694824219,9.239999771118164,5.150000095367432,3.879999876022339,3.799999952316284,13.309999465942383,7.37999963760376,5.099999904632568,4.849999904632568,4.839999675750732,13.59999942779541,7.409999847412109,5.480000019073486,5.789999961853027,5.87999963760376,14.269999504089355,8.139999389648438,5.859999656677246,6.75,6.909999847412109,15.219999313354492,10.809999465942383,7.599999904632568,8.0,7.929999828338623
2012/05/01,16.0,14.710000038146973,13.4399995803833,12.799999237060547,12.710000038146973,16.350000381469727,14.429999351501465,13.769999504089355,13.40999984741211,13.239999771118164,16.739999771118164,14.460000038146973,13.769999504089355,13.859999656677246,13.75999927520752,17.270000457763672,14.710000038146973,13.699999809265137,14.279999732971191,14.25999927520752,17.94999885559082,16.049999237060547,14.75,15.069999694824219,14.869999885559082
2012/06/01,17.68000030517578,18.35999870300293,19.010000228881836,18.8799991607666,18.889999389648438,18.25,19.10999870300293,19.5,19.029998779296875,19.010000228881836,18.709999084472656,19.260000228881836,19.43000030517578,19.40999984741211,19.520000457763672,19.139999389648438,19.389999389648438,19.399999618530273,19.959999084472656,20.209999084472656,19.639999389648438,19.920000076293945,20.34000015258789,21.0,21.1299991607666
2012/07/01,19.989999771118164,21.65999984741211,23.399999618530273,23.689998626708984,23.51999855041504,20.65999984741211,22.90999984741211,23.85999870300293,23.3799991607666,23.01999855041504,21.139999389648438,23.03999900817871,23.6299991607666,23.229999542236328,22.979999542236328,21.520000457763672,22.989999771118164,23.44999885559082,23.40999984741211,23.34000015258789,21.899999618530273,22.939998626708984,23.739999771118164,24.03999900817871,24.010000228881836
2012/08/01,19.979999542236328,21.920000076293945,23.889999389648438,24.18000030517578,24.209999084472656,20.69999885559082,23.35999870300293,24.369998931884766,24.459999084472656,24.369998931884766,21.239999771118164,23.76999855041504,24.549999237060547,24.69999885559082,24.649999618530273,21.639999389648438,23.920000076293945,24.760000228881836,25.0,25.09000015258789,22.0,23.709999084472656,25.06999969482422,25.469999313354492,25.599998474121094
2012/09/01,19.68000030517578,20.90999984741211,22.049999237060547,22.020000457763672,21.90999984741211,20.329999923706055,21.969999313354492,22.579999923706055,22.44999885559082,22.19999885559082,20.84000015258789,22.369998931884766,22.85999870300293,22.85999870300293,22.59000015258789,21.279998779296875,22.60999870300293,23.10999870300293,23.260000228881836,23.010000228881836,21.69999885559082,22.68000030517578,23.40999984741211,23.69999885559082,23.43000030517578
2012/10/01,17.18000030517578,17.78999900817871,18.40999984741211,18.329999923706055,18.209999084472656,17.739999771118164,18.53999900817871,18.81999969482422,18.549999237060547,18.31999969482422,18.239999771118164,18.920000076293945,19.1299991607666,19.049999237060547,18.799999237060547,18.690000534057617,19.229999542236328,19.479999542236328,19.649999618530273,19.399999618530273,19.149999618530273,19.529998779296875,19.939998626708984,20.309999465942383,20.029998779296875
2012/11/01,14.799999237060547,13.619999885559082,12.59000015258789,12.449999809265137,12.469999313354492,15.139999389648438,13.25,12.469999313354492,12.539999961853027,12.550000190734863,15.559999465942383,13.539999961853027,12.880000114440918,13.130000114440918,13.119999885559082,16.10999870300293,14.09999942779541,13.40999984741211,13.9399995803833,13.929999351501465,16.770000457763672,15.319999694824219,14.399999618530273,14.889999389648438,14.769999504089355
2012/12/01,12.029999732971191,8.829999923706055,5.920000076293945,5.539999961853027,5.759999752044678,12.09000015258789,7.279999732971191,5.349999904632568,5.829999923706055,6.329999923706055,12.40999984741211,7.559999942779541,6.019999980926514,6.730000019073486,7.259999752044678,13.039999961853027,8.449999809265137,6.859999656677246,7.909999847412109,8.4399995803833,13.84999942779541,10.539999961853027,8.429999351501465,9.179999351501465,9.5
2013/01/01,9.309999465942383,4.869999885559082,0.7799999713897705,0.03999999910593033,0.08999999612569809,9.179999351501465,2.7100000381469727,0.17000000178813934,0.4899999797344208,1.0299999713897705,9.40999984741211,2.869999885559082,0.8199999928474426,1.5899999141693115,2.309999942779541,10.019999504089355,3.8499999046325684,1.709999918937683,3.0999999046325684,3.8899998664855957,10.869999885559082,6.409999847412109,3.7099997997283936,4.759999752044678,5.279999732971191
2013/02/01,9.649999618530273,5.0,0.6800000071525574,-0.20999999344348907,-0.25999999046325684,9.489999771118164,2.759999990463257,0.1599999964237213,0.26999998092651367,0.6200000047683716,9.710000038146973,2.8299999237060547,0.6800000071525574,1.2899999618530273,1.8600000143051147,10.329999923706055,3.75,1.4199999570846558,2.7100000381469727,3.429999828338623,11.210000038146973,6.449999809265137,3.43999981880188,4.349999904632568,4.839999675750732
2013/03/01,10.550000190734863,5.949999809265137,1.4299999475479126,0.14000000059604645,0.08999999612569809,10.449999809265137,3.819999933242798,1.25,1.1699999570846558,1.3299999237060547,10.699999809265137,3.929999828338623,1.8299999237060547,2.3499999046325684,2.6599998474121094,11.34000015258789,4.849999904632568,2.5299999713897705,3.7099997997283936,4.130000114440918,12.25999927520752,7.619999885559082,4.549999713897705,5.299999713897705,5.480000019073486
2013/04/01,12.199999809265137,8.300000190734863,4.239999771118164,2.919999837875366,2.879999876022339,12.15999984741211,6.480000019073486,4.25,3.9800000190734863,3.9099998474121094,12.4399995803833,6.529999732971191,4.670000076293945,4.889999866485596,4.859999656677246,13.079999923706055,7.279999732971191,5.109999656677246,5.839999675750732,5.87999963760376,14.0,9.90999984741211,6.809999942779541,7.139999866485596,6.929999828338623
2013/05/01,15.199999809265137,13.5,11.630000114440918,10.819999694824219,10.65999984741211,15.449999809265137,12.899999618530273,11.929999351501465,11.369999885559082,10.989999771118164,15.809999465942383,12.9399995803833,12.039999961853027,11.829999923706055,11.429999351501465,16.350000381469727,13.309999465942383,12.079999923706055,12.289999961853027,11.920000076293945,17.09000015258789,14.929999351501465,13.079999923706055,13.109999656677246,12.59999942779541
2013/06/01,18.3799991607666,18.600000381469727,18.94999885559082,18.93000030517578,18.969999313354492,18.899999618530273,19.06999969482422,19.219999313354492,19.010000228881836,18.94999885559082,19.350000381469727,19.15999984741211,19.10999870300293,19.10999870300293,19.079999923706055,19.809999465942383,19.239999771118164,18.959999084472656,19.25,19.279998779296875,20.350000381469727,19.869998931884766,19.549999237060547,19.770000457763672,19.69999885559082
2013/07/01,19.959999084472656,21.8799991607666,23.869998931884766,24.170000076293945,23.93000030517578,20.689998626708984,23.329999923706055,24.43000030517578,23.869998931884766,23.399999618530273,21.19999885559082,23.549999237060547,24.299999237060547,23.799999237060547,23.389999389648438,21.579999923706055,23.510000228881836,24.170000076293945,23.969999313354492,23.709999084472656,21.939998626708984,23.309999465942383,24.34000015258789,24.53999900817871,24.329999923706055
2013/08/01,20.44999885559082,23.15999984741211,25.81999969482422,26.010000228881836,25.869998931884766,21.279998779296875,25.1299991607666,26.689998626708984,26.239999771118164,25.78999900817871,21.829999923706055,25.43000030517578,26.579999923706055,26.25,25.8799991607666,22.15999984741211,25.28999900817871,26.399999618530273,26.329999923706055,26.18000030517578,22.43000030517578,24.689998626708984,26.389999389648438,26.60999870300293,26.65999984741211
2013/09/01,19.239999771118164,20.850000381469727,22.399999618530273,22.40999984741211,22.44999885559082,19.90999984741211,22.149999618530273,23.029998779296875,22.850000381469727,22.670000076293945,20.43000030517578,22.489999771118164,23.1299991607666,23.119998931884766,22.979999542236328,20.81999969482422,22.579999923706055,23.209999084472656,23.35999870300293,23.350000381469727,21.19999885559082,22.529998779296875,23.529998779296875,23.799999237060547,23.829999923706055
2013/10/01,17.15999984741211,17.600000381469727,18.020000457763672,17.850000381469727,17.829999923706055,17.709999084472656,18.239999771118164,18.43000030517578,18.309999465942383,18.139999389648438,18.190000534057617,18.600000381469727,18.729999542236328,18.799999237060547,18.60999870300293,18.65999984741211,18.920000076293945,19.020000457763672,19.34000015258789,19.18000030517578,19.15999984741211,19.3799991607666,19.649999618530273,20.06999969482422,19.84000015258789
2013/11/01,14.15999984741211,13.639999389648438,13.199999809265137,13.019999504089355,13.0,14.569999694824219,13.699999809265137,13.319999694824219,13.389999389648438,13.219999313354492,15.019999504089355,14.09999942779541,13.799999237060547,14.09999942779541,13.880000114440918,15.519999504089355,14.609999656677246,14.34999942779541,14.960000038146973,14.710000038146973,16.06999969482422,15.4399995803833,15.289999961853027,15.9399995803833,15.569999694824219
2013/12/01,11.59999942779541,9.34999942779541,7.5,7.37999963760376,7.519999980926514,11.75999927520752,8.389999389648438,7.039999961853027,7.480000019073486,7.730000019073486,12.109999656677246,8.710000038146973,7.639999866485596,8.269999504089355,8.5,12.65999984741211,9.479999542236328,8.4399995803833,9.4399995803833,9.649999618530273,13.329999923706055,11.039999961853027,9.889999389648438,10.800000190734863,10.800000190734863
2014/01/01,9.969999313354492,6.099999904632568,2.609999895095825,1.8899999856948853,1.9499999284744263,9.9399995803833,4.369999885559082,2.200000047683716,2.4600000381469727,2.859999895095825,10.229999542236328,4.650000095367432,2.929999828338623,3.509999990463257,4.019999980926514,10.819999694824219,5.589999675750732,3.8499999046325684,4.929999828338623,5.489999771118164,11.59999942779541,7.759999752044678,5.559999942779541,6.46999979019165,6.809999942779541
2014/02/01,10.420000076293945,5.710000038146973,1.25,0.03999999910593033,0.04999999701976776,10.319999694824219,3.5999999046325684,1.0099999904632568,1.0699999332427979,1.3899999856948853,10.59000015258789,3.809999942779541,1.7300000190734863,2.369999885559082,2.869999885559082,11.229999542236328,4.799999713897705,2.5899999141693115,3.869999885559082,4.5,12.119999885559082,7.399999618530273,4.539999961853027,5.449999809265137,5.889999866485596
2014/03/01,11.09999942779541,6.920000076293945,2.869999885559082,1.4800000190734863,1.4399999380111694,11.09000015258789,5.210000038146973,2.990000009536743,2.759999990463257,2.869999885559082,11.369999885559082,5.400000095367432,3.5999999046325684,4.009999752044678,4.259999752044678,11.989999771118164,6.230000019073486,4.25,5.259999752044678,5.62999963760376,12.829999923706055,8.609999656677246,5.96999979019165,6.62999963760376,6.799999713897705
2014/04/01,13.529999732971191,10.489999771118164,7.25,5.869999885559082,5.789999961853027,13.670000076293945,9.329999923706055,7.649999618530273,7.210000038146973,7.119999885559082,14.019999504089355,9.559999465942383,8.199999809265137,8.380000114440918,8.359999656677246,14.639999389648438,10.25,8.65999984741211,9.389999389648438,9.460000038146973,15.460000038146973,12.319999694824219,10.130000114440918,10.550000190734863,10.479999542236328
2014/05/01,15.4399995803833,13.6899995803833,11.829999923706055,11.050000190734863,10.920000076293945,15.729999542236328,13.119999885559082,12.09999942779541,11.6899995803833,11.4399995803833,16.1299991607666,13.319999694824219,12.4399995803833,12.420000076293945,12.219999313354492,16.709999084472656,13.819999694824219,12.719999313354492,13.139999389648438,13.019999504089355,17.469999313354492,15.449999809265137,13.899999618530273,14.170000076293945,13.929999351501465
2014/06/01,18.479999542236328,18.90999984741211,19.459999084472656,19.3799991607666,19.25,19.0,19.510000228881836,19.850000381469727,19.559999465942383,19.3799991607666,19.40999984741211,19.459999084472656,19.5,19.510000228881836,19.399999618530273,19.809999465942383,19.350000381469727,19.079999923706055,19.40999984741211,19.40999984741211,20.279998779296875,19.809999465942383,19.489999771118164,19.619998931884766,19.549999237060547
2014/07/01,20.489999771118164,22.209999084472656,23.979999542236328,24.209999084472656,24.010000228881836,21.170000076293945,23.51999855041504,24.479999542236328,24.170000076293945,23.799999237060547,21.670000076293945,23.709999084472656,24.35999870300293,24.049999237060547,23.709999084472656,22.03999900817871,23.649999618530273,24.19999885559082,23.93000030517578,23.670000076293945,22.369998931884766,23.31999969482422,23.939998626708984,23.889999389648438,23.69999885559082
2014/08/01,20.469999313354492,22.760000228881836,25.079999923706055,25.43000030517578,25.309999465942383,21.25,24.439998626708984,25.65999984741211,25.489999771118164,25.01999855041504,21.81999969482422,24.889999389648438,25.869998931884766,25.599998474121094,25.03999900817871,22.189998626708984,24.969999313354492,26.03999900817871,25.719999313354492,25.189998626708984,22.479999542236328,24.369998931884766,25.729999542236328,25.739999771118164,25.35999870300293
2014/09/01,20.010000228881836,21.31999969482422,22.739999771118164,22.989999771118164,22.93000030517578,20.670000076293945,22.420000076293945,23.079999923706055,23.03999900817871,22.779998779296875,21.209999084472656,22.809999465942383,23.31999969482422,23.350000381469727,23.049999237060547,21.649999618530273,23.03999900817871,23.59000015258789,23.739999771118164,23.479999542236328,22.059999465942383,23.01999855041504,23.84000015258789,24.1299991607666,23.93000030517578
2014/10/01,17.6299991607666,17.78999900817871,18.100000381469727,18.149999618530273,17.94999885559082,18.139999389648438,18.260000228881836,18.28999900817871,18.029998779296875,17.729999542236328,18.619998931884766,18.59000015258789,18.59000015258789,18.440000534057617,18.1299991607666,19.100000381469727,18.969999313354492,18.969999313354492,19.1299991607666,18.8799991607666,19.619998931884766,19.510000228881836,19.60999870300293,20.010000228881836,19.770000457763672
2014/11/01,14.519999504089355,13.75,13.199999809265137,13.1899995803833,13.1899995803833,14.899999618530273,13.639999389648438,13.109999656677246,13.199999809265137,13.09000015258789,15.34999942779541,14.00999927520752,13.579999923706055,13.75,13.619999885559082,15.869999885559082,14.579999923706055,14.179999351501465,14.639999389648438,14.549999237060547,16.469999313354492,15.589999198913574,15.179999351501465,15.75,15.619999885559082
2014/12/01,11.960000038146973,9.519999504089355,7.419999599456787,7.21999979019165,7.440000057220459,12.109999656677246,8.429999351501465,6.96999979019165,7.419999599456787,7.730000019073486,12.449999809265137,8.710000038146973,7.539999961853027,8.130000114440918,8.460000038146973,13.019999504089355,9.479999542236328,8.279999732971191,9.210000038146973,9.550000190734863,13.739999771118164,11.219999313354492,9.760000228881836,10.559999465942383,10.710000038146973
2015/01/01,9.819999694824219,5.809999942779541,2.190000057220459,1.6100000143051147,1.7999999523162842,9.75,3.879999876022339,1.559999942779541,2.0899999141693115,2.6499998569488525,10.010000228881836,4.119999885559082,2.2699999809265137,3.119999885559082,3.75,10.630000114440918,5.119999885559082,3.2300000190734863,4.569999694824219,5.190000057220459,11.449999809265137,7.519999980926514,5.199999809265137,6.230000019073486,6.559999942779541
2015/02/01,10.059999465942383,5.559999942779541,1.350000023841858,0.29999998211860657,0.23999999463558197,9.960000038146973,3.509999990463257,1.0299999713897705,1.149999976158142,1.46999990940094,10.210000038146973,3.6599998474121094,1.6399999856948853,2.3299999237060547,2.819999933242798,10.829999923706055,4.589999675750732,2.429999828338623,3.759999990463257,4.329999923706055,11.6899995803833,7.159999847412109,4.420000076293945,5.369999885559082,5.639999866485596
2015/03/01,11.670000076293945,7.079999923706055,2.5399999618530273,1.1399999856948853,1.0799999237060547,11.59999942779541,5.019999980926514,2.4600000381469727,2.259999990463257,2.359999895095825,11.880000114440918,5.199999809265137,3.119999885559082,3.5399999618530273,3.7799999713897705,12.559999465942383,6.139999866485596,3.869999885559082,4.949999809265137,5.289999961853027,13.5,8.899999618530273,5.829999923706055,6.529999732971191,6.619999885559082
2015/04/01,13.00999927520752,9.6899995803833,6.25,4.989999771118164,4.880000114440918,13.09000015258789,8.289999961853027,6.440000057220459,6.029999732971191,5.949999809265137,13.40999984741211,8.420000076293945,6.87999963760376,7.009999752044678,7.019999980926514,14.019999504089355,9.09999942779541,7.279999732971191,8.0,8.130000114440918,14.880000114440918,11.359999656677246,8.84999942779541,9.279999732971191,9.210000038146973
2015/05/01,15.839999198913574,14.170000076293945,12.559999465942383,11.9399995803833,11.809999465942383,16.149999618530273,13.649999618530273,12.75,12.420000076293945,12.25999927520752,16.549999237060547,13.719999313354492,12.84999942779541,12.90999984741211,12.84000015258789,17.119998931884766,14.09000015258789,12.929999351501465,13.380000114440918,13.420000076293945,17.85999870300293,15.630000114440918,13.929999351501465,14.109999656677246,14.029999732971191
2015/06/01,18.440000534057617,18.729999542236328,19.1299991607666,19.0,18.85999870300293,19.020000457763672,19.329999923706055,19.53999900817871,19.260000228881836,19.020000457763672,19.520000457763672,19.459999084472656,19.479999542236328,19.43000030517578,19.28999900817871,20.0,19.579999923706055,19.3799991607666,19.649999618530273,19.619998931884766,20.559999465942383,20.139999389648438,19.899999618530273,20.139999389648438,20.059999465942383
2015/07/01,18.94999885559082,20.809999465942383,22.90999984741211,23.399999618530273,23.420000076293945,19.709999084472656,22.229999542236328,23.26999855041504,23.329999923706055,23.26999855041504,20.270000457763672,22.510000228881836,23.229999542236328,23.31999969482422,23.26999855041504,20.68000030517578,22.53999900817871,23.219999313354492,23.3799991607666,23.3799991607666,21.059999465942383,22.309999465942383,23.3799991607666,23.670000076293945,23.619998931884766
2015/08/01,20.189998626708984,22.85999870300293,25.6299991607666,26.010000228881836,25.829999923706055,21.049999237060547,24.81999969482422,26.329999923706055,26.15999984741211,25.809999465942383,21.639999389648438,25.26999855041504,26.439998626708984,26.34000015258789,25.989999771118164,21.989999771118164,25.260000228881836,26.510000228881836,26.529998779296875,26.239999771118164,22.25,24.51999855041504,26.420000076293945,26.75,26.53999900817871
2015/09/01,19.350000381469727,20.979999542236328,22.729999542236328,23.0,22.969999313354492,20.049999237060547,22.28999900817871,23.15999984741211,23.28999900817871,23.170000076293945,20.579999923706055,22.689998626708984,23.369998931884766,23.649999618530273,23.53999900817871,20.979999542236328,22.8799991607666,23.619998931884766,24.03999900817871,24.0,21.34000015258789,22.729999542236328,24.010000228881836,24.53999900817871,24.469999313354492
2015/10/01,17.34000015258789,18.0,18.78999900817871,18.869998931884766,18.78999900817871,17.93000030517578,18.760000228881836,19.09000015258789,18.989999771118164,18.799999237060547,18.440000534057617,19.1299991607666,19.34000015258789,19.369998931884766,19.15999984741211,18.90999984741211,19.439998626708984,19.670000076293945,19.93000030517578,19.729999542236328,19.389999389648438,19.779998779296875,20.260000228881836,20.719999313354492,20.44999885559082
2015/11/01,14.989999771118164,13.880000114440918,13.109999656677246,13.299999237060547,13.489999771118164,15.329999923706055,13.489999771118164,12.710000038146973,13.210000038146973,13.5,15.779999732971191,13.819999694824219,13.179999351501465,13.769999504089355,14.049999237060547,16.350000381469727,14.460000038146973,13.809999465942383,14.639999389648438,14.90999984741211,17.049999237060547,15.799999237060547,15.130000114440918,15.829999923706055,15.929999351501465
2015/12/01,11.779999732971191,8.479999542236328,5.579999923706055,5.329999923706055,5.799999713897705,11.84000015258789,6.87999963760376,4.819999694824219,5.849999904632568,6.649999618530273,12.210000038146973,7.369999885559082,5.829999923706055,6.920000076293945,7.730000019073486,12.880000114440918,8.5,7.059999942779541,8.380000114440918,9.079999923706055,13.739999771118164,10.779999732971191,9.069999694824219,10.130000114440918,10.4399995803833
2016/01/01,9.899999618530273,5.5,1.4499999284744263,0.7299999594688416,1.2200000286102295,9.809999465942383,3.379999876022339,0.7999999523162842,1.5499999523162842,2.5999999046325684,10.09999942779541,3.759999990463257,1.7799999713897705,2.879999876022339,3.9700000286102295,10.769999504089355,4.929999828338623,2.9700000286102295,4.539999961853027,5.529999732971191,11.670000076293945,7.599999904632568,5.199999809265137,6.389999866485596,6.899999618530273
2016/02/01,9.679999351501465,4.909999847412109,0.38999998569488525,-0.5799999833106995,-0.5899999737739563,9.519999504089355,2.5899999141693115,-0.10999999940395355,0.09999999403953552,0.7199999690055847,9.75,2.7300000190734863,0.5199999809265137,1.350000023841858,2.1499998569488525,10.389999389648438,3.75,1.399999976158142,3.0,3.8499999046325684,11.309999465942383,6.599999904632568,3.7200000286102295,4.909999847412109,5.349999904632568
2016/03/01,10.789999961853027,6.279999732971191,1.9399999380111694,0.6200000047683716,0.550000011920929,10.719999313354492,4.299999713897705,1.8499999046325684,1.9399999380111694,2.129999876022339,10.979999542236328,4.449999809265137,2.450000047683716,3.2200000286102295,3.569999933242798,11.619999885559082,5.349999904632568,3.1599998474121094,4.619999885559082,5.069999694824219,12.519999504089355,8.019999504089355,5.279999732971191,6.25,6.369999885559082
2016/04/01,13.1899995803833,9.84000015258789,6.46999979019165,5.130000114440918,5.089999675750732,13.299999237060547,8.550000190734863,6.779999732971191,6.389999866485596,6.309999942779541,13.619999885559082,8.670000076293945,7.170000076293945,7.389999866485596,7.359999656677246,14.229999542236328,9.309999465942383,7.529999732971191,8.319999694824219,8.329999923706055,15.049999237060547,11.449999809265137,9.039999961853027,9.5,9.239999771118164
2016/05/01,15.889999389648438,13.989999771118164,12.050000190734863,11.170000076293945,10.949999809265137,16.18000030517578,13.399999618530273,12.420000076293945,11.710000038146973,11.40999984741211,16.559999465942383,13.389999389648438,12.420000076293945,12.1899995803833,11.920000076293945,17.119998931884766,13.710000038146973,12.369999885559082,12.679999351501465,12.489999771118164,17.899999618530273,15.420000076293945,13.5,13.630000114440918,13.269999504089355
2016/06/01,18.520000457763672,18.600000381469727,18.770000457763672,18.60999870300293,18.600000381469727,19.049999237060547,19.020000457763672,19.119998931884766,18.969999313354492,18.8799991607666,19.5,19.079999923706055,18.969999313354492,19.10999870300293,19.100000381469727,19.979999542236328,19.149999618530273,18.760000228881836,19.19999885559082,19.270000457763672,20.53999900817871,19.850000381469727,19.40999984741211,19.65999984741211,19.619998931884766
2016/07/01,19.689998626708984,21.489999771118164,23.389999389648438,23.59000015258789,23.43000030517578,20.44999885559082,22.94999885559082,24.0,23.670000076293945,23.329999923706055,21.0,23.189998626708984,23.90999984741211,23.719999313354492,23.439998626708984,21.399999618530273,23.15999984741211,23.78999900817871,23.78999900817871,23.619998931884766,21.779998779296875,22.90999984741211,23.8799991607666,24.10999870300293,23.939998626708984
2016/08/01,20.31999969482422,22.69999885559082,25.06999969482422,25.35999870300293,25.299999237060547,21.139999389648438,24.469999313354492,25.719999313354492,25.619998931884766,25.399999618530273,21.75,25.049999237060547,26.079999923706055,26.209999084472656,26.029998779296875,22.15999984741211,25.26999855041504,26.459999084472656,26.920000076293945,26.849998474121094,22.510000228881836,24.90999984741211,26.989999771118164,27.719999313354492,27.689998626708984
2016/09/01,19.56999969482422,21.299999237060547,22.969999313354492,22.939998626708984,22.65999984741211,20.279998779296875,22.729999542236328,23.709999084472656,23.279998779296875,22.799999237060547,20.809999465942383,23.059999465942383,23.779998779296875,23.60999870300293,23.18000030517578,21.189998626708984,23.149999618530273,23.85999870300293,24.01999855041504,23.729999542236328,21.559999465942383,23.0,24.209999084472656,24.649999618530273,24.3799991607666
2016/10/01,17.920000076293945,18.40999984741211,18.829999923706055,18.619998931884766,18.40999984741211,18.479999542236328,19.09000015258789,19.309999465942383,18.969999313354492,18.600000381469727,18.969999313354492,19.43000030517578,19.56999969482422,19.439998626708984,19.09000015258789,19.439998626708984,19.739999771118164,19.850000381469727,20.0,19.729999542236328,19.939998626708984,20.18000030517578,20.389999389648438,20.709999084472656,20.44999885559082
2016/11/01,15.170000076293945,13.75999927520752,12.420000076293945,12.059999465942383,12.09000015258789,15.50999927520752,13.319999694824219,12.380000114440918,12.5,12.469999313354492,15.960000038146973,13.75,13.039999961853027,13.34999942779541,13.279999732971191,16.559999465942383,14.469999313354492,13.769999504089355,14.369999885559082,14.309999465942383,17.270000457763672,15.809999465942383,14.929999351501465,15.519999504089355,15.339999198913574
2016/12/01,12.319999694824219,9.550000190734863,6.909999847412109,6.289999961853027,6.399999618530273,12.469999313354492,8.380000114440918,6.670000076293945,7.019999980926514,7.329999923706055,12.84999942779541,8.84000015258789,7.579999923706055,8.319999694824219,8.630000114440918,13.479999542236328,9.819999694824219,8.630000114440918,9.84999942779541,10.130000114440918,14.239999771118164,11.699999809265137,10.369999885559082,11.4399995803833,11.4399995803833
2017/01/01,10.579999923706055,6.839999675750732,3.2200000286102295,2.169999837875366,2.25,10.59000015258789,5.230000019073486,3.0799999237060547,3.309999942779541,3.7799999713897705,10.90999984741211,5.609999656677246,3.9599997997283936,4.829999923706055,5.429999828338623,11.529999732971191,6.619999885559082,4.989999771118164,6.529999732971191,7.159999847412109,12.329999923706055,8.84999942779541,7.019999980926514,8.239999771118164,8.5
2017/02/01,9.829999923706055,5.730000019073486,1.659999966621399,0.25999999046325684,0.03999999910593033,9.789999961853027,4.009999752044678,1.75,1.6200000047683716,1.7999999523162842,10.059999465942383,4.289999961853027,2.509999990463257,3.2300000190734863,3.629999876022339,10.670000076293945,5.25,3.3999998569488525,4.960000038146973,5.489999771118164,11.469999313354492,7.599999904632568,5.5,6.739999771118164,6.960000038146973
2017/03/01,11.449999809265137,7.319999694824219,3.179999828338623,1.71999990940094,1.5999999046325684,11.429999351501465,5.559999942779541,3.319999933242798,3.1499998569488525,3.169999837875366,11.719999313354492,5.739999771118164,3.8999998569488525,4.529999732971191,4.71999979019165,12.34999942779541,6.589999675750732,4.559999942779541,5.900000095367432,6.210000038146973,13.210000038146973,9.09000015258789,6.529999732971191,7.399999618530273,7.399999618530273
2017/04/01,13.269999504089355,10.389999389648438,7.299999713897705,5.920000076293945,5.869999885559082,13.420000076293945,9.309999465942383,7.710000038146973,7.399999618530273,7.349999904632568,13.779999732971191,9.579999923706055,8.289999961853027,8.630000114440918,8.65999984741211,14.389999389648438,10.279999732971191,8.800000190734863,9.719999313354492,9.819999694824219,15.1899995803833,12.289999961853027,10.369999885559082,10.979999542236328,10.819999694824219
2017/05/01,15.380000114440918,14.25999927520752,12.899999618530273,11.960000038146973,11.880000114440918,15.75,14.130000114440918,13.5,12.920000076293945,12.710000038146973,16.18000030517578,14.369999885559082,13.809999465942383,13.84999942779541,13.739999771118164,16.729999542236328,14.819999694824219,14.079999923706055,14.729999542236328,14.719999313354492,17.420000076293945,16.170000076293945,15.329999923706055,15.859999656677246,15.649999618530273
2017/06/01,18.03999900817871,18.649999618530273,19.19999885559082,19.020000457763672,19.03999900817871,18.60999870300293,19.35999870300293,19.689998626708984,19.439998626708984,19.35999870300293,19.079999923706055,19.59000015258789,19.739999771118164,19.84000015258789,19.809999465942383,19.53999900817871,19.760000228881836,19.779998779296875,20.279998779296875,20.34000015258789,20.059999465942383,20.309999465942383,20.600000381469727,21.10999870300293,20.989999771118164
2017/07/01,20.029998779296875,21.94999885559082,23.93000030517578,24.25,24.209999084472656,20.75,23.389999389648438,24.399999618530273,24.26999855041504,24.170000076293945,21.28999900817871,23.760000228881836,24.529998779296875,24.53999900817871,24.5,21.68000030517578,23.8799991607666,24.689998626708984,24.93000030517578,24.969999313354492,22.03999900817871,23.69999885559082,25.059999465942383,25.549999237060547,25.529998779296875
2017/08/01,20.489999771118164,23.010000228881836,25.599998474121094,26.010000228881836,25.8799991607666,21.299999237060547,24.81999969482422,26.229999542236328,26.03999900817871,25.799999237060547,21.850000381469727,25.19999885559082,26.260000228881836,26.170000076293945,25.969999313354492,22.209999084472656,25.209999084472656,26.309999465942383,26.469999313354492,26.369998931884766,22.51999855041504,24.799999237060547,26.60999870300293,27.049999237060547,26.94999885559082
2017/09/01,20.329999923706055,22.06999969482422,23.719999313354492,23.719999313354492,23.59000015258789,21.020000457763672,23.439998626708984,24.43000030517578,24.10999870300293,23.709999084472656,21.520000457763672,23.709999084472656,24.40999984741211,24.260000228881836,23.84000015258789,21.8799991607666,23.69999885559082,24.34000015258789,24.35999870300293,24.010000228881836,22.219999313354492,23.469999313354492,24.420000076293945,24.60999870300293,24.26999855041504
2017/10/01,17.989999771118164,18.40999984741211,18.829999923706055,18.6299991607666,18.53999900817871,18.559999465942383,19.079999923706055,19.28999900817871,19.079999923706055,18.760000228881836,19.06999969482422,19.420000076293945,19.529998779296875,19.53999900817871,19.189998626708984,19.53999900817871,19.69999885559082,19.779998779296875,20.020000457763672,19.69999885559082,20.03999900817871,20.059999465942383,20.25,20.59000015258789,20.260000228881836
2017/11/01,14.219999313354492,13.219999313354492,12.389999389648438,12.219999313354492,12.329999923706055,14.579999923706055,13.019999504089355,12.34000015258789,12.75,12.84999942779541,15.029999732971191,13.449999809265137,12.949999809265137,13.630000114440918,13.670000076293945,15.569999694824219,14.109999656677246,13.670000076293945,14.609999656677246,14.589999198913574,16.18000030517578,15.149999618530273,14.839999198913574,15.65999984741211,15.469999313354492
2017/12/01,11.319999694824219,8.639999389648438,6.21999979019165,5.809999942779541,6.009999752044678,11.429999351501465,7.460000038146973,5.819999694824219,6.409999847412109,6.889999866485596,11.779999732971191,7.869999885559082,6.639999866485596,7.62999963760376,8.119999885559082,12.369999885559082,8.800000190734863,7.62999963760376,9.09999942779541,9.519999504089355,13.09999942779541,10.630000114440918,9.479999542236328,10.699999809265137,10.779999732971191
2018/01/01,9.65999984741211,5.929999828338623,2.4700000286102295,1.6799999475479126,1.809999942779541,9.639999389648438,4.239999771118164,2.0899999141693115,2.609999895095825,3.2100000381469727,9.920000076293945,4.569999694824219,2.9099998474121094,4.0,4.730000019073486,10.519999504089355,5.559999942779541,3.9099998474121094,5.62999963760376,6.359999656677246,11.279999732971191,7.75,5.980000019073486,7.309999942779541,7.639999866485596
2018/02/01,9.260000228881836,4.589999675750732,0.35999998450279236,-0.5600000023841858,-0.5600000023841858,9.119999885559082,2.429999828338623,-0.08999999612569809,0.19999998807907104,0.7299999594688416,9.329999923706055,2.490000009536743,0.3799999952316284,1.3799999952316284,2.119999885559082,9.929999351501465,3.3899998664855957,1.1100000143051147,2.869999885559082,3.669999837875366,10.779999732971191,6.039999961853027,3.379999876022339,4.599999904632568,5.009999752044678
2018/03/01,11.179999351501465,6.230000019073486,1.5199999809265137,0.26999998092651367,0.25999999046325684,11.059999465942383,3.93999981880188,1.2200000286102295,1.3199999332427979,1.6699999570846558,11.300000190734863,4.019999980926514,1.7599999904632568,2.5999999046325684,3.1499998569488525,11.979999542236328,4.949999809265137,2.440000057220459,4.029999732971191,4.650000095367432,12.949999809265137,7.919999599456787,4.769999980926514,5.75,5.96999979019165
2018/04/01,13.489999771118164,9.510000228881836,5.369999885559082,4.029999732971191,3.9800000190734863,13.479999542236328,7.649999618530273,5.369999885559082,5.130000114440918,5.190000057220459,13.769999504089355,7.710000038146973,5.789999961853027,6.139999866485596,6.319999694824219,14.449999809265137,8.470000267028809,6.21999979019165,7.179999828338623,7.429999828338623,15.429999351501465,11.239999771118164,8.130000114440918,8.619999885559082,8.559999465942383
2018/05/01,15.84999942779541,14.079999923706055,11.90999984741211,10.559999465942383,10.359999656677246,16.15999984741211,13.630000114440918,12.639999389648438,12.029999732971191,11.65999984741211,16.579999923706055,13.859999656677246,13.019999504089355,12.969999313354492,12.679999351501465,17.170000076293945,14.34999942779541,13.279999732971191,13.75,13.559999465942383,17.93000030517578,15.969999313354492,14.479999542236328,14.829999923706055,14.4399995803833
2018/06/01,18.719999313354492,18.84000015258789,18.670000076293945,17.85999870300293,17.779998779296875,19.239999771118164,19.439998626708984,19.579999923706055,18.809999465942383,18.469999313354492,19.689998626708984,19.619998931884766,19.6299991607666,19.399999618530273,19.119998931884766,20.1299991607666,19.75,19.559999465942383,19.770000457763672,19.600000381469727,20.6299991607666,20.28999900817871,20.09000015258789,20.299999237060547,20.049999237060547
2018/07/01,19.920000076293945,21.6299991607666,23.35999870300293,23.510000228881836,23.43000030517578,20.59000015258789,22.959999084472656,23.93000030517578,23.479999542236328,23.219999313354492,21.079999923706055,23.15999984741211,23.81999969482422,23.5,23.260000228881836,21.439998626708984,23.119998931884766,23.689998626708984,23.559999465942383,23.40999984741211,21.799999237060547,22.969999313354492,23.78999900817871,23.8799991607666,23.78999900817871
2018/08/01,20.60999870300293,23.26999855041504,25.939998626708984,26.399999618530273,26.34000015258789,21.43000030517578,25.119998931884766,26.529998779296875,26.399999618530273,26.26999855041504,22.010000228881836,25.559999465942383,26.670000076293945,26.639999389648438,26.549999237060547,22.369998931884766,25.6299991607666,26.829999923706055,26.969999313354492,26.979999542236328,22.670000076293945,25.100000381469727,27.029998779296875,27.510000228881836,27.559999465942383
2018/09/01,19.469999313354492,21.5,23.439998626708984,23.56999969482422,23.43000030517578,20.189998626708984,23.01999855041504,24.100000381469727,23.68000030517578,23.35999870300293,20.719999313354492,23.420000076293945,24.26999855041504,23.959999084472656,23.69999885559082,21.09000015258789,23.549999237060547,24.459999084472656,24.43000030517578,24.329999923706055,21.420000076293945,23.279998779296875,24.719999313354492,25.10999870300293,25.10999870300293
2018/10/01,17.440000534057617,18.03999900817871,18.65999984741211,18.6299991607666,18.479999542236328,17.969999313354492,18.739999771118164,19.03999900817871,18.709999084472656,18.369998931884766,18.43000030517578,19.020000457763672,19.19999885559082,19.020000457763672,18.709999084472656,18.850000381469727,19.270000457763672,19.439998626708984,19.579999923706055,19.40999984741211,19.28999900817871,19.60999870300293,19.979999542236328,20.399999618530273,20.299999237060547
2018/11/01,14.65999984741211,13.899999618530273,13.399999618530273,13.4399995803833,13.519999504089355,15.049999237060547,13.799999237060547,13.279999732971191,13.5,13.549999237060547,15.489999771118164,14.15999984741211,13.729999542236328,14.079999923706055,14.139999389648438,16.020000457763672,14.729999542236328,14.329999923706055,15.0,15.139999389648438,16.619998931884766,15.719999313354492,15.429999351501465,16.15999984741211,16.239999771118164
2018/12/01,12.50999927520752,9.84999942779541,7.519999980926514,7.25,7.419999599456787,12.630000114440918,8.630000114440918,7.019999980926514,7.539999961853027,7.929999828338623,12.979999542236328,8.90999984741211,7.609999656677246,8.34000015258789,8.789999961853027,13.579999923706055,9.719999313354492,8.389999389648438,9.5,9.989999771118164,14.359999656677246,11.639999389648438,10.050000190734863,10.920000076293945,11.179999351501465
2019/01/01,10.550000190734863,6.619999885559082,2.9099998474121094,2.069999933242798,2.109999895095825,10.510000228881836,4.789999961853027,2.5199999809265137,2.8899998664855957,3.299999952316284,10.789999961853027,5.059999942779541,3.259999990463257,4.150000095367432,4.71999979019165,11.420000076293945,6.029999732971191,4.170000076293945,5.699999809265137,6.339999675750732,12.25,8.420000076293945,6.21999979019165,7.369999885559082,7.730000019073486
2019/02/01,11.09000015258789,6.099999904632568,1.3600000143051147,0.07999999821186066,0.05999999865889549,10.979999542236328,3.8499999046325684,1.090000033378601,1.2200000286102295,1.559999942779541,11.25999927520752,4.079999923706055,1.8600000143051147,2.7699999809265137,3.3299999237060547,11.960000038146973,5.150000095367432,2.809999942779541,4.519999980926514,5.199999809265137,12.889999389648438,7.96999979019165,5.119999885559082,6.349999904632568,6.710000038146973
2019/03/01,12.539999961853027,7.889999866485596,3.3499999046325684,1.9399999380111694,1.909999966621399,12.489999771118164,5.839999675750732,3.299999952316284,3.240000009536743,3.3899998664855957,12.799999237060547,6.019999980926514,3.919999837875366,4.639999866485596,4.960000038146973,13.489999771118164,6.949999809265137,4.639999866485596,6.099999904632568,6.529999732971191,14.449999809265137,9.719999313354492,6.789999961853027,7.739999771118164,7.799999713897705
2019/04/01,13.84999942779541,10.710000038146973,7.509999752044678,6.339999675750732,6.319999694824219,13.969999313354492,9.420000076293945,7.699999809265137,7.329999923706055,7.269999980926514,14.289999961853027,9.489999771118164,8.0,8.199999809265137,8.210000038146973,14.90999984741211,10.09999942779541,8.309999465942383,9.079999923706055,9.130000114440918,15.769999504089355,12.329999923706055,9.880000114440918,10.289999961853027,10.050000190734863
2019/05/01,15.319999694824219,14.049999237060547,12.59000015258789,11.670000076293945,11.50999927520752,15.65999984741211,13.829999923706055,13.15999984741211,12.449999809265137,12.069999694824219,16.06999969482422,13.969999313354492,13.329999923706055,13.079999923706055,12.729999542236328,16.60999870300293,14.329999923706055,13.4399995803833,13.719999313354492,13.4399995803833,17.299999237060547,15.710000038146973,14.479999542236328,14.729999542236328,14.319999694824219
2019/06/01,18.44999885559082,18.899999618530273,19.229999542236328,18.829999923706055,18.619998931884766,18.989999771118164,19.59000015258789,19.899999618530273,19.219999313354492,18.69999885559082,19.43000030517578,19.68000030517578,19.770000457763672,19.389999389648438,18.8799991607666,19.850000381469727,19.69999885559082,19.559999465942383,19.510000228881836,19.10999870300293,20.34000015258789,20.15999984741211,19.93000030517578,19.969999313354492,19.53999900817871
2019/07/01,20.18000030517578,22.219999313354492,24.31999969482422,24.639999389648438,24.489999771118164,20.8799991607666,23.69999885559082,24.84000015258789,24.670000076293945,24.25,21.3799991607666,23.90999984741211,24.709999084472656,24.6299991607666,24.219999313354492,21.719999313354492,23.81999969482422,24.549999237060547,24.600000381469727,24.299999237060547,22.029998779296875,23.44999885559082,24.559999465942383,24.75,24.489999771118164
2019/08/01,20.189998626708984,22.549999237060547,25.139999389648438,25.899999618530273,25.94999885559082,20.920000076293945,24.119998931884766,25.369998931884766,25.5,25.420000076293945,21.44999885559082,24.439998626708984,25.369998931884766,25.459999084472656,25.399999618530273,21.799999237060547,24.469999313354492,25.43000030517578,25.60999870300293,25.6299991607666,22.100000381469727,24.06999969482422,25.60999870300293,25.969999313354492,26.029998779296875
2019/09/01,20.149999618530273,21.649999618530273,23.209999084472656,23.40999984741211,23.28999900817871,20.809999465942383,22.85999870300293,23.649999618530273,23.549999237060547,23.239999771118164,21.31999969482422,23.229999542236328,23.829999923706055,23.729999542236328,23.389999389648438,21.719999313354492,23.3799991607666,24.010000228881836,24.029998779296875,23.729999542236328,22.100000381469727,23.28999900817871,24.25,24.53999900817871,24.260000228881836
2019/10/01,17.85999870300293,18.219999313354492,18.65999984741211,18.649999618530273,18.6299991607666,18.40999984741211,18.81999969482422,18.920000076293945,18.899999618530273,18.760000228881836,18.920000076293945,19.279998779296875,19.389999389648438,19.5,19.309999465942383,19.420000076293945,19.729999542236328,19.920000076293945,20.28999900817871,20.10999870300293,19.920000076293945,20.209999084472656,20.68000030517578,21.270000457763672,21.049999237060547
2019/11/01,14.799999237060547,14.019999504089355,13.40999984741211,13.34000015258789,13.34999942779541,15.199999809265137,13.929999351501465,13.359999656677246,13.559999465942383,13.569999694824219,15.679999351501465,14.389999389648438,13.979999542236328,14.34999942779541,14.329999923706055,16.229999542236328,15.059999465942383,14.729999542236328,15.460000038146973,15.4399995803833,16.850000381469727,16.09000015258789,15.920000076293945,16.760000228881836,16.60999870300293
2019/12/01,11.859999656677246,9.329999923706055,7.009999752044678,6.62999963760376,6.739999771118164,11.989999771118164,8.199999809265137,6.62999963760376,7.170000076293945,7.460000038146973,12.359999656677246,8.609999656677246,7.399999618530273,8.260000228881836,8.569999694824219,12.949999809265137,9.519999504089355,8.380000114440918,9.719999313354492,10.029999732971191,13.6899995803833,11.34999942779541,10.199999809265137,11.34999942779541,11.420000076293945
2020/01/01,10.719999313354492,6.819999694824219,3.009999990463257,1.9399999380111694,1.8799999952316284,10.710000038146973,5.109999656677246,2.8299999237060547,3.009999990463257,3.3499999046325684,11.039999961853027,5.529999732971191,3.799999952316284,4.630000114440918,5.109999656677246,11.679999351501465,6.619999885559082,4.940000057220459,6.519999980926514,7.049999713897705,12.50999927520752,8.9399995803833,7.079999923706055,8.449999809265137,8.65999984741211
2020/02/01,10.039999961853027,5.809999942779541,1.5299999713897705,0.029999999329447746,-0.10999999940395355,9.989999771118164,3.990000009536743,1.6299999952316284,1.4399999380111694,1.6299999952316284,10.260000228881836,4.269999980926514,2.3999998569488525,3.1499998569488525,3.5899999141693115,10.889999389648438,5.269999980926514,3.3499999046325684,5.039999961853027,5.650000095367432,11.719999313354492,7.739999771118164,5.589999675750732,6.949999809265137,7.259999752044678
2020/03/01,11.619999885559082,7.429999828338623,3.129999876022339,1.5799999237060547,1.4900000095367432,11.59000015258789,5.619999885559082,3.2899999618530273,3.0199999809265137,3.0999999046325684,11.889999389648438,5.809999942779541,3.919999837875366,4.460000038146973,4.71999979019165,12.539999961853027,6.710000038146973,4.630000114440918,5.960000038146973,6.359999656677246,13.449999809265137,9.34999942779541,6.71999979019165,7.62999963760376,7.75
2020/04/01,13.109999656677246,10.300000190734863,7.289999961853027,6.049999713897705,6.0,13.239999771118164,9.1899995803833,7.599999904632568,7.210000038146973,7.190000057220459,13.59000015258789,9.380000114440918,8.059999465942383,8.25,8.279999732971191,14.1899995803833,10.050000190734863,8.510000228881836,9.269999504089355,9.34000015258789,15.00999927520752,12.149999618530273,10.119999885559082,10.609999656677246,10.380000114440918
2020/05/01,15.579999923706055,13.899999618530273,11.9399995803833,10.869999885559082,10.6899995803833,15.880000114440918,13.429999351501465,12.479999542236328,11.75999927520752,11.399999618530273,16.28999900817871,13.59000015258789,12.739999771118164,12.469999313354492,12.139999389648438,16.869998931884766,14.039999961853027,12.9399995803833,13.210000038146973,12.929999351501465,17.639999389648438,15.679999351501465,14.130000114440918,14.380000114440918,13.929999351501465
2020/06/01,18.34000015258789,18.479999542236328,18.440000534057617,17.899999618530273,17.59000015258789,18.869998931884766,19.020000457763672,19.10999870300293,18.549999237060547,18.09000015258789,19.350000381469727,19.239999771118164,19.219999313354492,19.06999969482422,18.639999389648438,19.84000015258789,19.459999084472656,19.25,19.56999969482422,19.260000228881836,20.40999984741211,20.15999984741211,20.03999900817871,20.43000030517578,20.06999969482422
2020/07/01,19.78999900817871,21.459999084472656,23.209999084472656,23.369998931884766,23.01999855041504,20.479999542236328,22.78999900817871,23.78999900817871,23.510000228881836,22.939998626708984,20.959999084472656,22.889999389648438,23.51999855041504,23.3799991607666,22.829999923706055,21.299999237060547,22.75,23.229999542236328,23.229999542236328,22.779998779296875,21.6299991607666,22.489999771118164,23.18000030517578,23.260000228881836,22.8799991607666
2020/08/01,20.299999237060547,22.44999885559082,24.739999771118164,25.239999771118164,25.1299991607666,21.049999237060547,23.989999771118164,25.1299991607666,25.229999542236328,24.850000381469727,21.59000015258789,24.35999870300293,25.229999542236328,25.25,24.799999237060547,21.969999313354492,24.439998626708984,25.350000381469727,25.31999969482422,24.869998931884766,22.299999237060547,24.06999969482422,25.369998931884766,25.5,25.15999984741211
2020/09/01,20.149999618530273,21.760000228881836,23.420000076293945,23.59000015258789,23.5,20.829999923706055,23.03999900817871,23.93000030517578,23.93000030517578,23.619998931884766,21.350000381469727,23.350000381469727,23.989999771118164,24.1299991607666,23.78999900817871,21.739999771118164,23.439998626708984,24.03999900817871,24.31999969482422,24.010000228881836,22.1299991607666,23.40999984741211,24.420000076293945,24.75,24.40999984741211
2020/10/01,17.529998779296875,18.1299991607666,18.829999923706055,18.81999969482422,18.81999969482422,18.079999923706055,18.85999870300293,19.189998626708984,19.189998626708984,19.09000015258789,18.559999465942383,19.15999984741211,19.35999870300293,19.549999237060547,19.439998626708984,18.989999771118164,19.389999389648438,19.549999237060547,19.979999542236328,19.85999870300293,19.44999885559082,19.760000228881836,20.19999885559082,20.670000076293945,20.459999084472656
2020/11/01,14.329999923706055,13.9399995803833,13.739999771118164,13.679999351501465,13.75,14.769999504089355,14.109999656677246,13.809999465942383,14.059999465942383,14.15999984741211,15.239999771118164,14.529999732971191,14.319999694824219,14.789999961853027,14.889999389648438,15.739999771118164,15.069999694824219,14.90999984741211,15.65999984741211,15.739999771118164,16.28999900817871,15.880000114440918,15.969999313354492,16.709999084472656,16.6299991607666
2020/12/01,11.550000190734863,9.239999771118164,7.12999963760376,6.769999980926514,6.949999809265137,11.699999809265137,8.229999542236328,6.819999694824219,7.239999771118164,7.71999979019165,12.039999961853027,8.539999961853027,7.429999828338623,8.1899995803833,8.75,12.59999942779541,9.319999694824219,8.199999809265137,9.40999984741211,9.989999771118164,13.309999465942383,11.050000190734863,9.859999656677246,10.859999656677246,11.179999351501465
2021/01/01,9.130000114440918,5.039999961853027,1.350000023841858,0.6800000071525574,0.75,9.050000190734863,3.109999895095825,0.7999999523162842,1.209999918937683,1.96999990940094,9.279999732971191,3.2699999809265137,1.3899999856948853,2.359999895095825,3.379999876022339,9.869999885559082,4.199999809265137,2.2300000190734863,3.8999998569488525,5.039999961853027,10.699999809265137,6.75,4.509999752044678,5.759999752044678,6.569999694824219
2021/02/01,9.90999984741211,5.339999675750732,1.1299999952316284,-0.009999999776482582,-0.019999999552965164,9.829999923706055,3.359999895095825,0.9300000071525574,0.9799999594688416,1.4199999570846558,10.069999694824219,3.5,1.5,2.240000009536743,2.9600000381469727,10.6899995803833,4.400000095367432,2.240000009536743,3.7899999618530273,4.650000095367432,11.550000190734863,7.039999961853027,4.5,5.659999847412109,6.190000057220459
2021/03/01,10.929999351501465,6.579999923706055,2.450000047683716,1.0699999332427979,1.1200000047683716,10.90999984741211,4.809999942779541,2.509999990463257,2.450000047683716,2.700000047683716,11.199999809265137,5.019999980926514,3.1599998474121094,3.8299999237060547,4.269999980926514,11.84000015258789,5.929999828338623,3.8899998664855957,5.339999675750732,5.900000095367432,12.719999313354492,8.559999465942383,6.179999828338623,7.239999771118164,7.460000038146973
2021/04/01,13.25,10.059999465942383,6.839999675750732,5.559999942779541,5.619999885559082,13.380000114440918,8.84000015258789,7.119999885559082,6.789999961853027,6.849999904632568,13.729999542236328,9.029999732971191,7.599999904632568,7.779999732971191,7.899999618530273,14.34000015258789,9.710000038146973,8.050000190734863,8.760000228881836,8.929999351501465,15.1899995803833,11.899999618530273,9.670000076293945,10.15999984741211,10.059999465942383
2021/05/01,16.40999984741211,14.549999237060547,12.679999351501465,11.84000015258789,11.859999656677246,16.719999313354492,14.0,13.019999504089355,12.550000190734863,12.429999351501465,17.1299991607666,14.059999465942383,13.130000114440918,12.969999313354492,12.859999656677246,17.709999084472656,14.429999351501465,13.170000076293945,13.389999389648438,13.34000015258789,18.489999771118164,16.06999969482422,14.210000038146973,14.279999732971191,14.079999923706055
2021/06/01,18.85999870300293,18.84000015258789,18.78999900817871,18.369998931884766,18.329999923706055,19.40999984741211,19.309999465942383,19.350000381469727,18.809999465942383,18.559999465942383,19.889999389648438,19.469999313354492,19.35999870300293,19.049999237060547,18.78999900817871,20.389999389648438,19.639999389648438,19.299999237060547,19.309999465942383,19.100000381469727,20.989999771118164,20.420000076293945,19.920000076293945,20.0,19.75
2021/07/01,20.399999618530273,22.119998931884766,23.869998931884766,23.969999313354492,23.8799991607666,21.10999870300293,23.510000228881836,24.51999855041504,24.229999542236328,24.010000228881836,21.619998931884766,23.76999855041504,24.469999313354492,24.309999465942383,24.100000381469727,22.0,23.75,24.35999870300293,24.369998931884766,24.25,22.369998931884766,23.619998931884766,24.559999465942383,24.75,24.649999618530273
2021/08/01,20.31999969482422,22.6299991607666,25.01999855041504,25.459999084472656,25.350000381469727,21.09000015258789,24.28999900817871,25.529998779296875,25.44999885559082,25.260000228881836,21.639999389648438,24.69999885559082,25.670000076293945,25.619998931884766,25.44999885559082,22.010000228881836,24.799999237060547,25.84000015258789,25.8799991607666,25.779998779296875,22.329999923706055,24.40999984741211,26.01999855041504,26.349998474121094,26.299999237060547
2021/09/01,20.40999984741211,22.049999237060547,23.68000030517578,23.779998779296875,23.600000381469727,21.10999870300293,23.3799991607666,24.279998779296875,23.94999885559082,23.600000381469727,21.639999389648438,23.69999885559082,24.35999870300293,24.100000381469727,23.760000228881836,22.029998779296875,23.779998779296875,24.40999984741211,24.299999237060547,24.059999465942383,22.420000076293945,23.689998626708984,24.549999237060547,24.65999984741211,24.5
2021/10/01,18.489999771118164,18.78999900817871,19.139999389648438,19.079999923706055,19.06999969482422,19.03999900817871,19.329999923706055,19.43000030517578,19.35999870300293,19.28999900817871,19.53999900817871,19.68000030517578,19.729999542236328,19.770000457763672,19.709999084472656,20.03999900817871,20.049999237060547,20.049999237060547,20.28999900817871,20.28999900817871,20.60999870300293,20.689998626708984,20.729999542236328,21.029998779296875,21.03999900817871
2021/11/01,15.039999961853027,13.90999984741211,12.889999389648438,12.559999465942383,12.65999984741211,15.40999984741211,13.679999351501465,12.9399995803833,13.130000114440918,13.309999465942383,15.869999885559082,14.079999923706055,13.529999732971191,13.920000076293945,14.130000114440918,16.440000534057617,14.719999313354492,14.15999984741211,14.819999694824219,15.049999237060547,17.100000381469727,15.90999984741211,15.269999504089355,15.889999389648438,15.969999313354492
2021/12/01,12.4399995803833,9.84000015258789,7.349999904632568,6.659999847412109,6.769999980926514,12.609999656677246,8.800000190734863,7.239999771118164,7.509999752044678,7.819999694824219,12.989999771118164,9.220000267028809,8.059999465942383,8.6899995803833,9.069999694824219,13.59999942779541,10.109999656677246,8.960000038146973,10.039999961853027,10.460000038146973,14.34000015258789,11.869999885559082,10.550000190734863,11.489999771118164,11.699999809265137
2022/01/01,10.59999942779541,6.369999885559082,2.259999990463257,1.1100000143051147,1.209999918937683,10.559999465942383,4.480000019073486,2.049999952316284,2.259999990463257,2.799999952316284,10.869999885559082,4.839999675750732,2.9700000286102295,3.7300000190734863,4.449999809265137,11.519999504089355,5.920000076293945,4.039999961853027,5.420000076293945,6.210000038146973,12.369999885559082,8.34999942779541,6.019999980926514,7.119999885559082,7.639999866485596
2022/02/01,10.109999656677246,5.429999828338623,0.9099999666213989,-0.38999998569488525,-0.3199999928474426,10.0,3.3299999237060547,0.75,0.7099999785423279,1.2200000286102295,10.269999504089355,3.559999942779541,1.4800000190734863,2.169999837875366,2.8999998569488525,10.90999984741211,4.559999942779541,2.379999876022339,3.809999942779541,4.679999828338623,11.789999961853027,7.199999809265137,4.480000019073486,5.539999961853027,6.12999963760376
2022/03/01,11.269999504089355,6.809999942779541,2.369999885559082,0.8499999642372131,0.8899999856948853,11.219999313354492,4.909999847412109,2.4600000381469727,2.25,2.509999990463257,11.50999927520752,5.139999866485596,3.179999828338623,3.6599998474121094,4.089999675750732,12.170000076293945,6.079999923706055,3.9499998092651367,5.150000095367432,5.699999809265137,13.079999923706055,8.720000267028809,5.989999771118164,6.839999675750732,7.069999694824219
2022/04/01,13.25999927520752,10.219999313354492,7.089999675750732,5.789999961853027,5.799999713897705,13.420000076293945,9.109999656677246,7.449999809265137,6.989999771118164,7.039999961853027,13.779999732971191,9.369999885559082,8.039999961853027,8.139999389648438,8.239999771118164,14.389999389648438,10.09000015258789,8.569999694824219,9.229999542236328,9.369999885559082,15.199999809265137,12.109999656677246,10.039999961853027,10.519999504089355,10.399999618530273
2022/05/01,15.529999732971191,14.479999542236328,13.329999923706055,12.59000015258789,12.389999389648438,15.920000076293945,14.389999389648438,13.829999923706055,13.25999927520752,12.949999809265137,16.34000015258789,14.630000114440918,14.119999885559082,13.869999885559082,13.59999942779541,16.85999870300293,15.00999927520752,14.329999923706055,14.489999771118164,14.299999237060547,17.489999771118164,16.119998931884766,15.15999984741211,15.369999885559082,15.079999923706055
2022/06/01,18.559999465942383,19.09000015258789,19.549999237060547,19.119998931884766,18.93000030517578,19.170000076293945,19.94999885559082,20.31999969482422,19.65999984741211,19.270000457763672,19.670000076293945,20.239999771118164,20.459999084472656,20.09000015258789,19.729999542236328,20.119998931884766,20.40999984741211,20.53999900817871,20.489999771118164,20.229999542236328,20.59000015258789,20.719999313354492,20.899999618530273,21.06999969482422,20.829999923706055
2022/07/01,21.28999900817871,23.3799991607666,25.459999084472656,25.53999900817871,25.350000381469727,22.06999969482422,25.049999237060547,26.26999855041504,25.51999855041504,25.0,22.619998931884766,25.35999870300293,26.25,25.59000015258789,25.079999923706055,22.989999771118164,25.329999923706055,26.189998626708984,25.75,25.3799991607666,23.31999969482422,24.93000030517578,26.049999237060547,26.03999900817871,25.85999870300293
2022/08/01,21.68000030517578,23.920000076293945,26.10999870300293,26.31999969482422,26.260000228881836,22.43000030517578,25.579999923706055,26.799999237060547,26.510000228881836,26.209999084472656,22.969999313354492,26.0,26.959999084472656,26.65999984741211,26.329999923706055,23.329999923706055,26.079999923706055,27.10999870300293,26.84000015258789,26.59000015258789,23.639999389648438,25.69999885559082,27.09000015258789,27.1299991607666,27.03999900817871
